analysis_id,source,source_type,analyst,source_date,adp_basis,season,position,adp_position_rank,player_name_source,player_name_normalized,nfl_team,factor,factor_group,factor_kind,league_average_reference,response,color,color_points,extraction_confidence,extraction_method
WR_FACTOR_GRID_2026,"Analyst colour-coded WR factor grid (screenshots, 8 images)",third_party_analyst_screenshot,UNKNOWN — owner to supply,UNKNOWN — owner to supply,"Underdog Fantasy ADP (best-ball), 2026",2026,WR,1,Ja'Marr Chase,Ja'Marr Chase,,Targets,volume,binary_vs_avg,10.7,Yes,green,5,high,"programmatic cell-fill sampling, validated vs published colour counts"
WR_FACTOR_GRID_2026,"Analyst colour-coded WR factor grid (screenshots, 8 images)",third_party_analyst_screenshot,UNKNOWN — owner to supply,UNKNOWN — owner to supply,"Underdog Fantasy ADP (best-ball), 2026",2026,WR,1,Ja'Marr Chase,Ja'Marr Chase,,Receptions,volume,binary_vs_avg,7.2,Yes,green,5,high,"programmatic cell-fill sampling, validated vs published colour counts"
WR_FACTOR_GRID_2026,"Analyst colour-coded WR factor grid (screenshots, 8 images)",third_party_analyst_screenshot,UNKNOWN — owner to supply,UNKNOWN — owner to supply,"Underdog Fantasy ADP (best-ball), 2026",2026,WR,1,Ja'Marr Chase,Ja'Marr Chase,,Touchdowns,volume,binary_vs_avg,0.8,Yes,green,5,high,"programmatic cell-fill sampling, validated vs published colour counts"
WR_FACTOR_GRID_2026,"Analyst colour-coded WR factor grid (screenshots, 8 images)",third_party_analyst_screenshot,UNKNOWN — owner to supply,UNKNOWN — owner to supply,"Underdog Fantasy ADP (best-ball), 2026",2026,WR,1,Ja'Marr Chase,Ja'Marr Chase,,Offensive Rank in PPG,situational,binary_vs_avg,8.94,Yes,green,5,high,"programmatic cell-fill sampling, validated vs published colour counts"
WR_FACTOR_GRID_2026,"Analyst colour-coded WR factor grid (screenshots, 8 images)",third_party_analyst_screenshot,UNKNOWN — owner to supply,UNKNOWN — owner to supply,"Underdog Fantasy ADP (best-ball), 2026",2026,WR,1,Ja'Marr Chase,Ja'Marr Chase,,Quarterbacks Rank in PFF Passing Grade,situational,binary_vs_avg,10.36,Yes,green,5,high,"programmatic cell-fill sampling, validated vs published colour counts"
WR_FACTOR_GRID_2026,"Analyst colour-coded WR factor grid (screenshots, 8 images)",third_party_analyst_screenshot,UNKNOWN — owner to supply,UNKNOWN — owner to supply,"Underdog Fantasy ADP (best-ball), 2026",2026,WR,1,Ja'Marr Chase,Ja'Marr Chase,,Team Pass Attempts,situational,binary_vs_avg,594.94,Yes,green,5,high,"programmatic cell-fill sampling, validated vs published colour counts"
WR_FACTOR_GRID_2026,"Analyst colour-coded WR factor grid (screenshots, 8 images)",third_party_analyst_screenshot,UNKNOWN — owner to supply,UNKNOWN — owner to supply,"Underdog Fantasy ADP (best-ball), 2026",2026,WR,1,Ja'Marr Chase,Ja'Marr Chase,,Highest Targeted Secondary Option,situational,more_less_same,103.31,More,red,-3,high,"programmatic cell-fill sampling, validated vs published colour counts"
WR_FACTOR_GRID_2026,"Analyst colour-coded WR factor grid (screenshots, 8 images)",third_party_analyst_screenshot,UNKNOWN — owner to supply,UNKNOWN — owner to supply,"Underdog Fantasy ADP (best-ball), 2026",2026,WR,1,Ja'Marr Chase,Ja'Marr Chase,,Offensive Line Rank in Pass Blocking,situational,binary_vs_avg,10.75,No,red,-3,high,"programmatic cell-fill sampling, validated vs published colour counts"
WR_FACTOR_GRID_2026,"Analyst colour-coded WR factor grid (screenshots, 8 images)",third_party_analyst_screenshot,UNKNOWN — owner to supply,UNKNOWN — owner to supply,"Underdog Fantasy ADP (best-ball), 2026",2026,WR,1,Ja'Marr Chase,Ja'Marr Chase,,Rank in Yards per Route Run,situational,binary_vs_avg,4.81,Yes,green,5,high,"programmatic cell-fill sampling, validated vs published colour counts"
WR_FACTOR_GRID_2026,"Analyst colour-coded WR factor grid (screenshots, 8 images)",third_party_analyst_screenshot,UNKNOWN — owner to supply,UNKNOWN — owner to supply,"Underdog Fantasy ADP (best-ball), 2026",2026,WR,1,Ja'Marr Chase,Ja'Marr Chase,,Highest % Achieved in Reception Perception,situational,binary_vs_avg,90th,Yes,green,5,high,"programmatic cell-fill sampling, validated vs published colour counts"
WR_FACTOR_GRID_2026,"Analyst colour-coded WR factor grid (screenshots, 8 images)",third_party_analyst_screenshot,UNKNOWN — owner to supply,UNKNOWN — owner to supply,"Underdog Fantasy ADP (best-ball), 2026",2026,WR,1,Ja'Marr Chase,Ja'Marr Chase,,Archetype,classification,archetype,N/A,Prime WR1,green,5,high,"programmatic cell-fill sampling, validated vs published colour counts"
WR_FACTOR_GRID_2026,"Analyst colour-coded WR factor grid (screenshots, 8 images)",third_party_analyst_screenshot,UNKNOWN — owner to supply,UNKNOWN — owner to supply,"Underdog Fantasy ADP (best-ball), 2026",2026,WR,1,Ja'Marr Chase,Ja'Marr Chase,,Injury/Suspension Concern?,classification,injury,N/A,Minimal Concern,yellow,3,high,"programmatic cell-fill sampling, validated vs published colour counts"
WR_FACTOR_GRID_2026,"Analyst colour-coded WR factor grid (screenshots, 8 images)",third_party_analyst_screenshot,UNKNOWN — owner to supply,UNKNOWN — owner to supply,"Underdog Fantasy ADP (best-ball), 2026",2026,WR,2,Puka Nacua,Puka Nacua,,Targets,volume,binary_vs_avg,10.7,Yes,green,5,high,"programmatic cell-fill sampling, validated vs published colour counts"
WR_FACTOR_GRID_2026,"Analyst colour-coded WR factor grid (screenshots, 8 images)",third_party_analyst_screenshot,UNKNOWN — owner to supply,UNKNOWN — owner to supply,"Underdog Fantasy ADP (best-ball), 2026",2026,WR,2,Puka Nacua,Puka Nacua,,Receptions,volume,binary_vs_avg,7.2,Yes,green,5,high,"programmatic cell-fill sampling, validated vs published colour counts"
WR_FACTOR_GRID_2026,"Analyst colour-coded WR factor grid (screenshots, 8 images)",third_party_analyst_screenshot,UNKNOWN — owner to supply,UNKNOWN — owner to supply,"Underdog Fantasy ADP (best-ball), 2026",2026,WR,2,Puka Nacua,Puka Nacua,,Touchdowns,volume,binary_vs_avg,0.8,Yes,yellow,3,high,"programmatic cell-fill sampling, validated vs published colour counts"
WR_FACTOR_GRID_2026,"Analyst colour-coded WR factor grid (screenshots, 8 images)",third_party_analyst_screenshot,UNKNOWN — owner to supply,UNKNOWN — owner to supply,"Underdog Fantasy ADP (best-ball), 2026",2026,WR,2,Puka Nacua,Puka Nacua,,Offensive Rank in PPG,situational,binary_vs_avg,8.94,Yes,green,5,high,"programmatic cell-fill sampling, validated vs published colour counts"
WR_FACTOR_GRID_2026,"Analyst colour-coded WR factor grid (screenshots, 8 images)",third_party_analyst_screenshot,UNKNOWN — owner to supply,UNKNOWN — owner to supply,"Underdog Fantasy ADP (best-ball), 2026",2026,WR,2,Puka Nacua,Puka Nacua,,Quarterbacks Rank in PFF Passing Grade,situational,binary_vs_avg,10.36,Yes,green,5,high,"programmatic cell-fill sampling, validated vs published colour counts"
WR_FACTOR_GRID_2026,"Analyst colour-coded WR factor grid (screenshots, 8 images)",third_party_analyst_screenshot,UNKNOWN — owner to supply,UNKNOWN — owner to supply,"Underdog Fantasy ADP (best-ball), 2026",2026,WR,2,Puka Nacua,Puka Nacua,,Team Pass Attempts,situational,binary_vs_avg,594.94,Yes,green,5,high,"programmatic cell-fill sampling, validated vs published colour counts"
WR_FACTOR_GRID_2026,"Analyst colour-coded WR factor grid (screenshots, 8 images)",third_party_analyst_screenshot,UNKNOWN — owner to supply,UNKNOWN — owner to supply,"Underdog Fantasy ADP (best-ball), 2026",2026,WR,2,Puka Nacua,Puka Nacua,,Highest Targeted Secondary Option,situational,more_less_same,103.31,More,red,-3,high,"programmatic cell-fill sampling, validated vs published colour counts"
WR_FACTOR_GRID_2026,"Analyst colour-coded WR factor grid (screenshots, 8 images)",third_party_analyst_screenshot,UNKNOWN — owner to supply,UNKNOWN — owner to supply,"Underdog Fantasy ADP (best-ball), 2026",2026,WR,2,Puka Nacua,Puka Nacua,,Offensive Line Rank in Pass Blocking,situational,binary_vs_avg,10.75,Yes,yellow,3,high,"programmatic cell-fill sampling, validated vs published colour counts"
WR_FACTOR_GRID_2026,"Analyst colour-coded WR factor grid (screenshots, 8 images)",third_party_analyst_screenshot,UNKNOWN — owner to supply,UNKNOWN — owner to supply,"Underdog Fantasy ADP (best-ball), 2026",2026,WR,2,Puka Nacua,Puka Nacua,,Rank in Yards per Route Run,situational,binary_vs_avg,4.81,Yes,green,5,high,"programmatic cell-fill sampling, validated vs published colour counts"
WR_FACTOR_GRID_2026,"Analyst colour-coded WR factor grid (screenshots, 8 images)",third_party_analyst_screenshot,UNKNOWN — owner to supply,UNKNOWN — owner to supply,"Underdog Fantasy ADP (best-ball), 2026",2026,WR,2,Puka Nacua,Puka Nacua,,Highest % Achieved in Reception Perception,situational,binary_vs_avg,90th,Yes,green,5,high,"programmatic cell-fill sampling, validated vs published colour counts"
WR_FACTOR_GRID_2026,"Analyst colour-coded WR factor grid (screenshots, 8 images)",third_party_analyst_screenshot,UNKNOWN — owner to supply,UNKNOWN — owner to supply,"Underdog Fantasy ADP (best-ball), 2026",2026,WR,2,Puka Nacua,Puka Nacua,,Archetype,classification,archetype,N/A,Prime WR1,green,5,high,"programmatic cell-fill sampling, validated vs published colour counts"
WR_FACTOR_GRID_2026,"Analyst colour-coded WR factor grid (screenshots, 8 images)",third_party_analyst_screenshot,UNKNOWN — owner to supply,UNKNOWN — owner to supply,"Underdog Fantasy ADP (best-ball), 2026",2026,WR,2,Puka Nacua,Puka Nacua,,Injury/Suspension Concern?,classification,injury,N/A,Some Concern,orange,-1,high,"programmatic cell-fill sampling, validated vs published colour counts"
WR_FACTOR_GRID_2026,"Analyst colour-coded WR factor grid (screenshots, 8 images)",third_party_analyst_screenshot,UNKNOWN — owner to supply,UNKNOWN — owner to supply,"Underdog Fantasy ADP (best-ball), 2026",2026,WR,3,Jaxon Smith-Njigba,Jaxon Smith-Njigba,,Targets,volume,binary_vs_avg,10.7,Yes,yellow,3,high,"programmatic cell-fill sampling, validated vs published colour counts"
WR_FACTOR_GRID_2026,"Analyst colour-coded WR factor grid (screenshots, 8 images)",third_party_analyst_screenshot,UNKNOWN — owner to supply,UNKNOWN — owner to supply,"Underdog Fantasy ADP (best-ball), 2026",2026,WR,3,Jaxon Smith-Njigba,Jaxon Smith-Njigba,,Receptions,volume,binary_vs_avg,7.2,Yes,yellow,3,high,"programmatic cell-fill sampling, validated vs published colour counts"
WR_FACTOR_GRID_2026,"Analyst colour-coded WR factor grid (screenshots, 8 images)",third_party_analyst_screenshot,UNKNOWN — owner to supply,UNKNOWN — owner to supply,"Underdog Fantasy ADP (best-ball), 2026",2026,WR,3,Jaxon Smith-Njigba,Jaxon Smith-Njigba,,Touchdowns,volume,binary_vs_avg,0.8,Yes,yellow,3,high,"programmatic cell-fill sampling, validated vs published colour counts"
WR_FACTOR_GRID_2026,"Analyst colour-coded WR factor grid (screenshots, 8 images)",third_party_analyst_screenshot,UNKNOWN — owner to supply,UNKNOWN — owner to supply,"Underdog Fantasy ADP (best-ball), 2026",2026,WR,3,Jaxon Smith-Njigba,Jaxon Smith-Njigba,,Offensive Rank in PPG,situational,binary_vs_avg,8.94,Yes,yellow,3,high,"programmatic cell-fill sampling, validated vs published colour counts"
WR_FACTOR_GRID_2026,"Analyst colour-coded WR factor grid (screenshots, 8 images)",third_party_analyst_screenshot,UNKNOWN — owner to supply,UNKNOWN — owner to supply,"Underdog Fantasy ADP (best-ball), 2026",2026,WR,3,Jaxon Smith-Njigba,Jaxon Smith-Njigba,,Quarterbacks Rank in PFF Passing Grade,situational,binary_vs_avg,10.36,Yes,yellow,3,high,"programmatic cell-fill sampling, validated vs published colour counts"
WR_FACTOR_GRID_2026,"Analyst colour-coded WR factor grid (screenshots, 8 images)",third_party_analyst_screenshot,UNKNOWN — owner to supply,UNKNOWN — owner to supply,"Underdog Fantasy ADP (best-ball), 2026",2026,WR,3,Jaxon Smith-Njigba,Jaxon Smith-Njigba,,Team Pass Attempts,situational,binary_vs_avg,594.94,No,red,-3,high,"programmatic cell-fill sampling, validated vs published colour counts"
WR_FACTOR_GRID_2026,"Analyst colour-coded WR factor grid (screenshots, 8 images)",third_party_analyst_screenshot,UNKNOWN — owner to supply,UNKNOWN — owner to supply,"Underdog Fantasy ADP (best-ball), 2026",2026,WR,3,Jaxon Smith-Njigba,Jaxon Smith-Njigba,,Highest Targeted Secondary Option,situational,more_less_same,103.31,Less,green,5,high,"programmatic cell-fill sampling, validated vs published colour counts"
WR_FACTOR_GRID_2026,"Analyst colour-coded WR factor grid (screenshots, 8 images)",third_party_analyst_screenshot,UNKNOWN — owner to supply,UNKNOWN — owner to supply,"Underdog Fantasy ADP (best-ball), 2026",2026,WR,3,Jaxon Smith-Njigba,Jaxon Smith-Njigba,,Offensive Line Rank in Pass Blocking,situational,binary_vs_avg,10.75,Yes,yellow,3,high,"programmatic cell-fill sampling, validated vs published colour counts"
WR_FACTOR_GRID_2026,"Analyst colour-coded WR factor grid (screenshots, 8 images)",third_party_analyst_screenshot,UNKNOWN — owner to supply,UNKNOWN — owner to supply,"Underdog Fantasy ADP (best-ball), 2026",2026,WR,3,Jaxon Smith-Njigba,Jaxon Smith-Njigba,,Rank in Yards per Route Run,situational,binary_vs_avg,4.81,Yes,green,5,high,"programmatic cell-fill sampling, validated vs published colour counts"
WR_FACTOR_GRID_2026,"Analyst colour-coded WR factor grid (screenshots, 8 images)",third_party_analyst_screenshot,UNKNOWN — owner to supply,UNKNOWN — owner to supply,"Underdog Fantasy ADP (best-ball), 2026",2026,WR,3,Jaxon Smith-Njigba,Jaxon Smith-Njigba,,Highest % Achieved in Reception Perception,situational,binary_vs_avg,90th,Yes,green,5,high,"programmatic cell-fill sampling, validated vs published colour counts"
WR_FACTOR_GRID_2026,"Analyst colour-coded WR factor grid (screenshots, 8 images)",third_party_analyst_screenshot,UNKNOWN — owner to supply,UNKNOWN — owner to supply,"Underdog Fantasy ADP (best-ball), 2026",2026,WR,3,Jaxon Smith-Njigba,Jaxon Smith-Njigba,,Archetype,classification,archetype,N/A,Prime WR1,green,5,high,"programmatic cell-fill sampling, validated vs published colour counts"
WR_FACTOR_GRID_2026,"Analyst colour-coded WR factor grid (screenshots, 8 images)",third_party_analyst_screenshot,UNKNOWN — owner to supply,UNKNOWN — owner to supply,"Underdog Fantasy ADP (best-ball), 2026",2026,WR,3,Jaxon Smith-Njigba,Jaxon Smith-Njigba,,Injury/Suspension Concern?,classification,injury,N/A,Minimal Concern,yellow,3,high,"programmatic cell-fill sampling, validated vs published colour counts"
WR_FACTOR_GRID_2026,"Analyst colour-coded WR factor grid (screenshots, 8 images)",third_party_analyst_screenshot,UNKNOWN — owner to supply,UNKNOWN — owner to supply,"Underdog Fantasy ADP (best-ball), 2026",2026,WR,4,Amon-Ra St. Brown,Amon-Ra St. Brown,,Targets,volume,binary_vs_avg,10.7,Yes,yellow,3,high,"programmatic cell-fill sampling, validated vs published colour counts"
WR_FACTOR_GRID_2026,"Analyst colour-coded WR factor grid (screenshots, 8 images)",third_party_analyst_screenshot,UNKNOWN — owner to supply,UNKNOWN — owner to supply,"Underdog Fantasy ADP (best-ball), 2026",2026,WR,4,Amon-Ra St. Brown,Amon-Ra St. Brown,,Receptions,volume,binary_vs_avg,7.2,Yes,yellow,3,high,"programmatic cell-fill sampling, validated vs published colour counts"
WR_FACTOR_GRID_2026,"Analyst colour-coded WR factor grid (screenshots, 8 images)",third_party_analyst_screenshot,UNKNOWN — owner to supply,UNKNOWN — owner to supply,"Underdog Fantasy ADP (best-ball), 2026",2026,WR,4,Amon-Ra St. Brown,Amon-Ra St. Brown,,Touchdowns,volume,binary_vs_avg,0.8,Yes,yellow,3,high,"programmatic cell-fill sampling, validated vs published colour counts"
WR_FACTOR_GRID_2026,"Analyst colour-coded WR factor grid (screenshots, 8 images)",third_party_analyst_screenshot,UNKNOWN — owner to supply,UNKNOWN — owner to supply,"Underdog Fantasy ADP (best-ball), 2026",2026,WR,4,Amon-Ra St. Brown,Amon-Ra St. Brown,,Offensive Rank in PPG,situational,binary_vs_avg,8.94,Yes,green,5,high,"programmatic cell-fill sampling, validated vs published colour counts"
WR_FACTOR_GRID_2026,"Analyst colour-coded WR factor grid (screenshots, 8 images)",third_party_analyst_screenshot,UNKNOWN — owner to supply,UNKNOWN — owner to supply,"Underdog Fantasy ADP (best-ball), 2026",2026,WR,4,Amon-Ra St. Brown,Amon-Ra St. Brown,,Quarterbacks Rank in PFF Passing Grade,situational,binary_vs_avg,10.36,Yes,green,5,high,"programmatic cell-fill sampling, validated vs published colour counts"
WR_FACTOR_GRID_2026,"Analyst colour-coded WR factor grid (screenshots, 8 images)",third_party_analyst_screenshot,UNKNOWN — owner to supply,UNKNOWN — owner to supply,"Underdog Fantasy ADP (best-ball), 2026",2026,WR,4,Amon-Ra St. Brown,Amon-Ra St. Brown,,Team Pass Attempts,situational,binary_vs_avg,594.94,Yes,yellow,3,high,"programmatic cell-fill sampling, validated vs published colour counts"
WR_FACTOR_GRID_2026,"Analyst colour-coded WR factor grid (screenshots, 8 images)",third_party_analyst_screenshot,UNKNOWN — owner to supply,UNKNOWN — owner to supply,"Underdog Fantasy ADP (best-ball), 2026",2026,WR,4,Amon-Ra St. Brown,Amon-Ra St. Brown,,Highest Targeted Secondary Option,situational,more_less_same,103.31,More,red,-3,high,"programmatic cell-fill sampling, validated vs published colour counts"
WR_FACTOR_GRID_2026,"Analyst colour-coded WR factor grid (screenshots, 8 images)",third_party_analyst_screenshot,UNKNOWN — owner to supply,UNKNOWN — owner to supply,"Underdog Fantasy ADP (best-ball), 2026",2026,WR,4,Amon-Ra St. Brown,Amon-Ra St. Brown,,Offensive Line Rank in Pass Blocking,situational,binary_vs_avg,10.75,Yes,yellow,3,high,"programmatic cell-fill sampling, validated vs published colour counts"
WR_FACTOR_GRID_2026,"Analyst colour-coded WR factor grid (screenshots, 8 images)",third_party_analyst_screenshot,UNKNOWN — owner to supply,UNKNOWN — owner to supply,"Underdog Fantasy ADP (best-ball), 2026",2026,WR,4,Amon-Ra St. Brown,Amon-Ra St. Brown,,Rank in Yards per Route Run,situational,binary_vs_avg,4.81,Yes,green,5,high,"programmatic cell-fill sampling, validated vs published colour counts"
WR_FACTOR_GRID_2026,"Analyst colour-coded WR factor grid (screenshots, 8 images)",third_party_analyst_screenshot,UNKNOWN — owner to supply,UNKNOWN — owner to supply,"Underdog Fantasy ADP (best-ball), 2026",2026,WR,4,Amon-Ra St. Brown,Amon-Ra St. Brown,,Highest % Achieved in Reception Perception,situational,binary_vs_avg,90th,Yes,yellow,3,high,"programmatic cell-fill sampling, validated vs published colour counts"
WR_FACTOR_GRID_2026,"Analyst colour-coded WR factor grid (screenshots, 8 images)",third_party_analyst_screenshot,UNKNOWN — owner to supply,UNKNOWN — owner to supply,"Underdog Fantasy ADP (best-ball), 2026",2026,WR,4,Amon-Ra St. Brown,Amon-Ra St. Brown,,Archetype,classification,archetype,N/A,Prime WR1,green,5,high,"programmatic cell-fill sampling, validated vs published colour counts"
WR_FACTOR_GRID_2026,"Analyst colour-coded WR factor grid (screenshots, 8 images)",third_party_analyst_screenshot,UNKNOWN — owner to supply,UNKNOWN — owner to supply,"Underdog Fantasy ADP (best-ball), 2026",2026,WR,4,Amon-Ra St. Brown,Amon-Ra St. Brown,,Injury/Suspension Concern?,classification,injury,N/A,Minimal Concern,yellow,3,high,"programmatic cell-fill sampling, validated vs published colour counts"
WR_FACTOR_GRID_2026,"Analyst colour-coded WR factor grid (screenshots, 8 images)",third_party_analyst_screenshot,UNKNOWN — owner to supply,UNKNOWN — owner to supply,"Underdog Fantasy ADP (best-ball), 2026",2026,WR,5,CeeDee Lamb,CeeDee Lamb,,Targets,volume,binary_vs_avg,10.7,?,orange,-1,high,"programmatic cell-fill sampling, validated vs published colour counts"
WR_FACTOR_GRID_2026,"Analyst colour-coded WR factor grid (screenshots, 8 images)",third_party_analyst_screenshot,UNKNOWN — owner to supply,UNKNOWN — owner to supply,"Underdog Fantasy ADP (best-ball), 2026",2026,WR,5,CeeDee Lamb,CeeDee Lamb,,Receptions,volume,binary_vs_avg,7.2,Yes,yellow,3,high,"programmatic cell-fill sampling, validated vs published colour counts"
WR_FACTOR_GRID_2026,"Analyst colour-coded WR factor grid (screenshots, 8 images)",third_party_analyst_screenshot,UNKNOWN — owner to supply,UNKNOWN — owner to supply,"Underdog Fantasy ADP (best-ball), 2026",2026,WR,5,CeeDee Lamb,CeeDee Lamb,,Touchdowns,volume,binary_vs_avg,0.8,Yes,yellow,3,high,"programmatic cell-fill sampling, validated vs published colour counts"
WR_FACTOR_GRID_2026,"Analyst colour-coded WR factor grid (screenshots, 8 images)",third_party_analyst_screenshot,UNKNOWN — owner to supply,UNKNOWN — owner to supply,"Underdog Fantasy ADP (best-ball), 2026",2026,WR,5,CeeDee Lamb,CeeDee Lamb,,Offensive Rank in PPG,situational,binary_vs_avg,8.94,Yes,green,5,high,"programmatic cell-fill sampling, validated vs published colour counts"
WR_FACTOR_GRID_2026,"Analyst colour-coded WR factor grid (screenshots, 8 images)",third_party_analyst_screenshot,UNKNOWN — owner to supply,UNKNOWN — owner to supply,"Underdog Fantasy ADP (best-ball), 2026",2026,WR,5,CeeDee Lamb,CeeDee Lamb,,Quarterbacks Rank in PFF Passing Grade,situational,binary_vs_avg,10.36,Yes,green,5,high,"programmatic cell-fill sampling, validated vs published colour counts"
WR_FACTOR_GRID_2026,"Analyst colour-coded WR factor grid (screenshots, 8 images)",third_party_analyst_screenshot,UNKNOWN — owner to supply,UNKNOWN — owner to supply,"Underdog Fantasy ADP (best-ball), 2026",2026,WR,5,CeeDee Lamb,CeeDee Lamb,,Team Pass Attempts,situational,binary_vs_avg,594.94,Yes,green,5,high,"programmatic cell-fill sampling, validated vs published colour counts"
WR_FACTOR_GRID_2026,"Analyst colour-coded WR factor grid (screenshots, 8 images)",third_party_analyst_screenshot,UNKNOWN — owner to supply,UNKNOWN — owner to supply,"Underdog Fantasy ADP (best-ball), 2026",2026,WR,5,CeeDee Lamb,CeeDee Lamb,,Highest Targeted Secondary Option,situational,more_less_same,103.31,More,red,-3,high,"programmatic cell-fill sampling, validated vs published colour counts"
WR_FACTOR_GRID_2026,"Analyst colour-coded WR factor grid (screenshots, 8 images)",third_party_analyst_screenshot,UNKNOWN — owner to supply,UNKNOWN — owner to supply,"Underdog Fantasy ADP (best-ball), 2026",2026,WR,5,CeeDee Lamb,CeeDee Lamb,,Offensive Line Rank in Pass Blocking,situational,binary_vs_avg,10.75,Yes,yellow,3,high,"programmatic cell-fill sampling, validated vs published colour counts"
WR_FACTOR_GRID_2026,"Analyst colour-coded WR factor grid (screenshots, 8 images)",third_party_analyst_screenshot,UNKNOWN — owner to supply,UNKNOWN — owner to supply,"Underdog Fantasy ADP (best-ball), 2026",2026,WR,5,CeeDee Lamb,CeeDee Lamb,,Rank in Yards per Route Run,situational,binary_vs_avg,4.81,Yes,green,5,high,"programmatic cell-fill sampling, validated vs published colour counts"
WR_FACTOR_GRID_2026,"Analyst colour-coded WR factor grid (screenshots, 8 images)",third_party_analyst_screenshot,UNKNOWN — owner to supply,UNKNOWN — owner to supply,"Underdog Fantasy ADP (best-ball), 2026",2026,WR,5,CeeDee Lamb,CeeDee Lamb,,Highest % Achieved in Reception Perception,situational,binary_vs_avg,90th,Yes,green,5,high,"programmatic cell-fill sampling, validated vs published colour counts"
WR_FACTOR_GRID_2026,"Analyst colour-coded WR factor grid (screenshots, 8 images)",third_party_analyst_screenshot,UNKNOWN — owner to supply,UNKNOWN — owner to supply,"Underdog Fantasy ADP (best-ball), 2026",2026,WR,5,CeeDee Lamb,CeeDee Lamb,,Archetype,classification,archetype,N/A,Prime WR1,green,5,high,"programmatic cell-fill sampling, validated vs published colour counts"
WR_FACTOR_GRID_2026,"Analyst colour-coded WR factor grid (screenshots, 8 images)",third_party_analyst_screenshot,UNKNOWN — owner to supply,UNKNOWN — owner to supply,"Underdog Fantasy ADP (best-ball), 2026",2026,WR,5,CeeDee Lamb,CeeDee Lamb,,Injury/Suspension Concern?,classification,injury,N/A,Some Concern,orange,-1,high,"programmatic cell-fill sampling, validated vs published colour counts"
WR_FACTOR_GRID_2026,"Analyst colour-coded WR factor grid (screenshots, 8 images)",third_party_analyst_screenshot,UNKNOWN — owner to supply,UNKNOWN — owner to supply,"Underdog Fantasy ADP (best-ball), 2026",2026,WR,6,Justin Jefferson,Justin Jefferson,,Targets,volume,binary_vs_avg,10.7,Yes,yellow,3,high,"programmatic cell-fill sampling, validated vs published colour counts"
WR_FACTOR_GRID_2026,"Analyst colour-coded WR factor grid (screenshots, 8 images)",third_party_analyst_screenshot,UNKNOWN — owner to supply,UNKNOWN — owner to supply,"Underdog Fantasy ADP (best-ball), 2026",2026,WR,6,Justin Jefferson,Justin Jefferson,,Receptions,volume,binary_vs_avg,7.2,Yes,yellow,3,high,"programmatic cell-fill sampling, validated vs published colour counts"
WR_FACTOR_GRID_2026,"Analyst colour-coded WR factor grid (screenshots, 8 images)",third_party_analyst_screenshot,UNKNOWN — owner to supply,UNKNOWN — owner to supply,"Underdog Fantasy ADP (best-ball), 2026",2026,WR,6,Justin Jefferson,Justin Jefferson,,Touchdowns,volume,binary_vs_avg,0.8,Yes,yellow,3,high,"programmatic cell-fill sampling, validated vs published colour counts"
WR_FACTOR_GRID_2026,"Analyst colour-coded WR factor grid (screenshots, 8 images)",third_party_analyst_screenshot,UNKNOWN — owner to supply,UNKNOWN — owner to supply,"Underdog Fantasy ADP (best-ball), 2026",2026,WR,6,Justin Jefferson,Justin Jefferson,,Offensive Rank in PPG,situational,binary_vs_avg,8.94,Yes,yellow,3,high,"programmatic cell-fill sampling, validated vs published colour counts"
WR_FACTOR_GRID_2026,"Analyst colour-coded WR factor grid (screenshots, 8 images)",third_party_analyst_screenshot,UNKNOWN — owner to supply,UNKNOWN — owner to supply,"Underdog Fantasy ADP (best-ball), 2026",2026,WR,6,Justin Jefferson,Justin Jefferson,,Quarterbacks Rank in PFF Passing Grade,situational,binary_vs_avg,10.36,?,orange,-1,high,"programmatic cell-fill sampling, validated vs published colour counts"
WR_FACTOR_GRID_2026,"Analyst colour-coded WR factor grid (screenshots, 8 images)",third_party_analyst_screenshot,UNKNOWN — owner to supply,UNKNOWN — owner to supply,"Underdog Fantasy ADP (best-ball), 2026",2026,WR,6,Justin Jefferson,Justin Jefferson,,Team Pass Attempts,situational,binary_vs_avg,594.94,Yes,yellow,3,high,"programmatic cell-fill sampling, validated vs published colour counts"
WR_FACTOR_GRID_2026,"Analyst colour-coded WR factor grid (screenshots, 8 images)",third_party_analyst_screenshot,UNKNOWN — owner to supply,UNKNOWN — owner to supply,"Underdog Fantasy ADP (best-ball), 2026",2026,WR,6,Justin Jefferson,Justin Jefferson,,Highest Targeted Secondary Option,situational,more_less_same,103.31,Same,yellow,3,high,"programmatic cell-fill sampling, validated vs published colour counts"
WR_FACTOR_GRID_2026,"Analyst colour-coded WR factor grid (screenshots, 8 images)",third_party_analyst_screenshot,UNKNOWN — owner to supply,UNKNOWN — owner to supply,"Underdog Fantasy ADP (best-ball), 2026",2026,WR,6,Justin Jefferson,Justin Jefferson,,Offensive Line Rank in Pass Blocking,situational,binary_vs_avg,10.75,Yes,yellow,3,high,"programmatic cell-fill sampling, validated vs published colour counts"
WR_FACTOR_GRID_2026,"Analyst colour-coded WR factor grid (screenshots, 8 images)",third_party_analyst_screenshot,UNKNOWN — owner to supply,UNKNOWN — owner to supply,"Underdog Fantasy ADP (best-ball), 2026",2026,WR,6,Justin Jefferson,Justin Jefferson,,Rank in Yards per Route Run,situational,binary_vs_avg,4.81,Yes,green,5,high,"programmatic cell-fill sampling, validated vs published colour counts"
WR_FACTOR_GRID_2026,"Analyst colour-coded WR factor grid (screenshots, 8 images)",third_party_analyst_screenshot,UNKNOWN — owner to supply,UNKNOWN — owner to supply,"Underdog Fantasy ADP (best-ball), 2026",2026,WR,6,Justin Jefferson,Justin Jefferson,,Highest % Achieved in Reception Perception,situational,binary_vs_avg,90th,Yes,green,5,high,"programmatic cell-fill sampling, validated vs published colour counts"
WR_FACTOR_GRID_2026,"Analyst colour-coded WR factor grid (screenshots, 8 images)",third_party_analyst_screenshot,UNKNOWN — owner to supply,UNKNOWN — owner to supply,"Underdog Fantasy ADP (best-ball), 2026",2026,WR,6,Justin Jefferson,Justin Jefferson,,Archetype,classification,archetype,N/A,Prime WR1,green,5,high,"programmatic cell-fill sampling, validated vs published colour counts"
WR_FACTOR_GRID_2026,"Analyst colour-coded WR factor grid (screenshots, 8 images)",third_party_analyst_screenshot,UNKNOWN — owner to supply,UNKNOWN — owner to supply,"Underdog Fantasy ADP (best-ball), 2026",2026,WR,6,Justin Jefferson,Justin Jefferson,,Injury/Suspension Concern?,classification,injury,N/A,Minimal Concern,yellow,3,high,"programmatic cell-fill sampling, validated vs published colour counts"
WR_FACTOR_GRID_2026,"Analyst colour-coded WR factor grid (screenshots, 8 images)",third_party_analyst_screenshot,UNKNOWN — owner to supply,UNKNOWN — owner to supply,"Underdog Fantasy ADP (best-ball), 2026",2026,WR,7,AJ Brown,A.J. Brown,,Targets,volume,binary_vs_avg,10.7,Yes,yellow,3,high,"programmatic cell-fill sampling, validated vs published colour counts"
WR_FACTOR_GRID_2026,"Analyst colour-coded WR factor grid (screenshots, 8 images)",third_party_analyst_screenshot,UNKNOWN — owner to supply,UNKNOWN — owner to supply,"Underdog Fantasy ADP (best-ball), 2026",2026,WR,7,AJ Brown,A.J. Brown,,Receptions,volume,binary_vs_avg,7.2,Yes,yellow,3,high,"programmatic cell-fill sampling, validated vs published colour counts"
WR_FACTOR_GRID_2026,"Analyst colour-coded WR factor grid (screenshots, 8 images)",third_party_analyst_screenshot,UNKNOWN — owner to supply,UNKNOWN — owner to supply,"Underdog Fantasy ADP (best-ball), 2026",2026,WR,7,AJ Brown,A.J. Brown,,Touchdowns,volume,binary_vs_avg,0.8,Yes,yellow,3,high,"programmatic cell-fill sampling, validated vs published colour counts"
WR_FACTOR_GRID_2026,"Analyst colour-coded WR factor grid (screenshots, 8 images)",third_party_analyst_screenshot,UNKNOWN — owner to supply,UNKNOWN — owner to supply,"Underdog Fantasy ADP (best-ball), 2026",2026,WR,7,AJ Brown,A.J. Brown,,Offensive Rank in PPG,situational,binary_vs_avg,8.94,Yes,yellow,3,high,"programmatic cell-fill sampling, validated vs published colour counts"
WR_FACTOR_GRID_2026,"Analyst colour-coded WR factor grid (screenshots, 8 images)",third_party_analyst_screenshot,UNKNOWN — owner to supply,UNKNOWN — owner to supply,"Underdog Fantasy ADP (best-ball), 2026",2026,WR,7,AJ Brown,A.J. Brown,,Quarterbacks Rank in PFF Passing Grade,situational,binary_vs_avg,10.36,Yes,green,5,high,"programmatic cell-fill sampling, validated vs published colour counts"
WR_FACTOR_GRID_2026,"Analyst colour-coded WR factor grid (screenshots, 8 images)",third_party_analyst_screenshot,UNKNOWN — owner to supply,UNKNOWN — owner to supply,"Underdog Fantasy ADP (best-ball), 2026",2026,WR,7,AJ Brown,A.J. Brown,,Team Pass Attempts,situational,binary_vs_avg,594.94,Yes,yellow,3,high,"programmatic cell-fill sampling, validated vs published colour counts"
WR_FACTOR_GRID_2026,"Analyst colour-coded WR factor grid (screenshots, 8 images)",third_party_analyst_screenshot,UNKNOWN — owner to supply,UNKNOWN — owner to supply,"Underdog Fantasy ADP (best-ball), 2026",2026,WR,7,AJ Brown,A.J. Brown,,Highest Targeted Secondary Option,situational,more_less_same,103.31,Same,yellow,3,high,"programmatic cell-fill sampling, validated vs published colour counts"
WR_FACTOR_GRID_2026,"Analyst colour-coded WR factor grid (screenshots, 8 images)",third_party_analyst_screenshot,UNKNOWN — owner to supply,UNKNOWN — owner to supply,"Underdog Fantasy ADP (best-ball), 2026",2026,WR,7,AJ Brown,A.J. Brown,,Offensive Line Rank in Pass Blocking,situational,binary_vs_avg,10.75,Yes,yellow,3,high,"programmatic cell-fill sampling, validated vs published colour counts"
WR_FACTOR_GRID_2026,"Analyst colour-coded WR factor grid (screenshots, 8 images)",third_party_analyst_screenshot,UNKNOWN — owner to supply,UNKNOWN — owner to supply,"Underdog Fantasy ADP (best-ball), 2026",2026,WR,7,AJ Brown,A.J. Brown,,Rank in Yards per Route Run,situational,binary_vs_avg,4.81,Yes,yellow,3,high,"programmatic cell-fill sampling, validated vs published colour counts"
WR_FACTOR_GRID_2026,"Analyst colour-coded WR factor grid (screenshots, 8 images)",third_party_analyst_screenshot,UNKNOWN — owner to supply,UNKNOWN — owner to supply,"Underdog Fantasy ADP (best-ball), 2026",2026,WR,7,AJ Brown,A.J. Brown,,Highest % Achieved in Reception Perception,situational,binary_vs_avg,90th,?,orange,-1,high,"programmatic cell-fill sampling, validated vs published colour counts"
WR_FACTOR_GRID_2026,"Analyst colour-coded WR factor grid (screenshots, 8 images)",third_party_analyst_screenshot,UNKNOWN — owner to supply,UNKNOWN — owner to supply,"Underdog Fantasy ADP (best-ball), 2026",2026,WR,7,AJ Brown,A.J. Brown,,Archetype,classification,archetype,N/A,Trusty Veteran,red,-3,high,"programmatic cell-fill sampling, validated vs published colour counts"
WR_FACTOR_GRID_2026,"Analyst colour-coded WR factor grid (screenshots, 8 images)",third_party_analyst_screenshot,UNKNOWN — owner to supply,UNKNOWN — owner to supply,"Underdog Fantasy ADP (best-ball), 2026",2026,WR,7,AJ Brown,A.J. Brown,,Injury/Suspension Concern?,classification,injury,N/A,Some Concern,orange,-1,high,"programmatic cell-fill sampling, validated vs published colour counts"
WR_FACTOR_GRID_2026,"Analyst colour-coded WR factor grid (screenshots, 8 images)",third_party_analyst_screenshot,UNKNOWN — owner to supply,UNKNOWN — owner to supply,"Underdog Fantasy ADP (best-ball), 2026",2026,WR,8,Drake London,Drake London,,Targets,volume,binary_vs_avg,10.7,Yes,yellow,3,high,"programmatic cell-fill sampling, validated vs published colour counts"
WR_FACTOR_GRID_2026,"Analyst colour-coded WR factor grid (screenshots, 8 images)",third_party_analyst_screenshot,UNKNOWN — owner to supply,UNKNOWN — owner to supply,"Underdog Fantasy ADP (best-ball), 2026",2026,WR,8,Drake London,Drake London,,Receptions,volume,binary_vs_avg,7.2,Yes,yellow,3,high,"programmatic cell-fill sampling, validated vs published colour counts"
WR_FACTOR_GRID_2026,"Analyst colour-coded WR factor grid (screenshots, 8 images)",third_party_analyst_screenshot,UNKNOWN — owner to supply,UNKNOWN — owner to supply,"Underdog Fantasy ADP (best-ball), 2026",2026,WR,8,Drake London,Drake London,,Touchdowns,volume,binary_vs_avg,0.8,Yes,yellow,3,high,"programmatic cell-fill sampling, validated vs published colour counts"
WR_FACTOR_GRID_2026,"Analyst colour-coded WR factor grid (screenshots, 8 images)",third_party_analyst_screenshot,UNKNOWN — owner to supply,UNKNOWN — owner to supply,"Underdog Fantasy ADP (best-ball), 2026",2026,WR,8,Drake London,Drake London,,Offensive Rank in PPG,situational,binary_vs_avg,8.94,?,orange,-1,high,"programmatic cell-fill sampling, validated vs published colour counts"
WR_FACTOR_GRID_2026,"Analyst colour-coded WR factor grid (screenshots, 8 images)",third_party_analyst_screenshot,UNKNOWN — owner to supply,UNKNOWN — owner to supply,"Underdog Fantasy ADP (best-ball), 2026",2026,WR,8,Drake London,Drake London,,Quarterbacks Rank in PFF Passing Grade,situational,binary_vs_avg,10.36,?,orange,-1,high,"programmatic cell-fill sampling, validated vs published colour counts"
WR_FACTOR_GRID_2026,"Analyst colour-coded WR factor grid (screenshots, 8 images)",third_party_analyst_screenshot,UNKNOWN — owner to supply,UNKNOWN — owner to supply,"Underdog Fantasy ADP (best-ball), 2026",2026,WR,8,Drake London,Drake London,,Team Pass Attempts,situational,binary_vs_avg,594.94,Yes,yellow,3,high,"programmatic cell-fill sampling, validated vs published colour counts"
WR_FACTOR_GRID_2026,"Analyst colour-coded WR factor grid (screenshots, 8 images)",third_party_analyst_screenshot,UNKNOWN — owner to supply,UNKNOWN — owner to supply,"Underdog Fantasy ADP (best-ball), 2026",2026,WR,8,Drake London,Drake London,,Highest Targeted Secondary Option,situational,more_less_same,103.31,Same,yellow,3,high,"programmatic cell-fill sampling, validated vs published colour counts"
WR_FACTOR_GRID_2026,"Analyst colour-coded WR factor grid (screenshots, 8 images)",third_party_analyst_screenshot,UNKNOWN — owner to supply,UNKNOWN — owner to supply,"Underdog Fantasy ADP (best-ball), 2026",2026,WR,8,Drake London,Drake London,,Offensive Line Rank in Pass Blocking,situational,binary_vs_avg,10.75,Yes,yellow,3,high,"programmatic cell-fill sampling, validated vs published colour counts"
WR_FACTOR_GRID_2026,"Analyst colour-coded WR factor grid (screenshots, 8 images)",third_party_analyst_screenshot,UNKNOWN — owner to supply,UNKNOWN — owner to supply,"Underdog Fantasy ADP (best-ball), 2026",2026,WR,8,Drake London,Drake London,,Rank in Yards per Route Run,situational,binary_vs_avg,4.81,Yes,yellow,3,high,"programmatic cell-fill sampling, validated vs published colour counts"
WR_FACTOR_GRID_2026,"Analyst colour-coded WR factor grid (screenshots, 8 images)",third_party_analyst_screenshot,UNKNOWN — owner to supply,UNKNOWN — owner to supply,"Underdog Fantasy ADP (best-ball), 2026",2026,WR,8,Drake London,Drake London,,Highest % Achieved in Reception Perception,situational,binary_vs_avg,90th,Yes,yellow,3,high,"programmatic cell-fill sampling, validated vs published colour counts"
WR_FACTOR_GRID_2026,"Analyst colour-coded WR factor grid (screenshots, 8 images)",third_party_analyst_screenshot,UNKNOWN — owner to supply,UNKNOWN — owner to supply,"Underdog Fantasy ADP (best-ball), 2026",2026,WR,8,Drake London,Drake London,,Archetype,classification,archetype,N/A,Prime WR1,green,5,high,"programmatic cell-fill sampling, validated vs published colour counts"
WR_FACTOR_GRID_2026,"Analyst colour-coded WR factor grid (screenshots, 8 images)",third_party_analyst_screenshot,UNKNOWN — owner to supply,UNKNOWN — owner to supply,"Underdog Fantasy ADP (best-ball), 2026",2026,WR,8,Drake London,Drake London,,Injury/Suspension Concern?,classification,injury,N/A,Minimal Concern,yellow,3,high,"programmatic cell-fill sampling, validated vs published colour counts"
WR_FACTOR_GRID_2026,"Analyst colour-coded WR factor grid (screenshots, 8 images)",third_party_analyst_screenshot,UNKNOWN — owner to supply,UNKNOWN — owner to supply,"Underdog Fantasy ADP (best-ball), 2026",2026,WR,9,Nico Collins,Nico Collins,,Targets,volume,binary_vs_avg,10.7,Yes,yellow,3,high,"programmatic cell-fill sampling, validated vs published colour counts"
WR_FACTOR_GRID_2026,"Analyst colour-coded WR factor grid (screenshots, 8 images)",third_party_analyst_screenshot,UNKNOWN — owner to supply,UNKNOWN — owner to supply,"Underdog Fantasy ADP (best-ball), 2026",2026,WR,9,Nico Collins,Nico Collins,,Receptions,volume,binary_vs_avg,7.2,Yes,yellow,3,high,"programmatic cell-fill sampling, validated vs published colour counts"
WR_FACTOR_GRID_2026,"Analyst colour-coded WR factor grid (screenshots, 8 images)",third_party_analyst_screenshot,UNKNOWN — owner to supply,UNKNOWN — owner to supply,"Underdog Fantasy ADP (best-ball), 2026",2026,WR,9,Nico Collins,Nico Collins,,Touchdowns,volume,binary_vs_avg,0.8,Yes,yellow,3,high,"programmatic cell-fill sampling, validated vs published colour counts"
WR_FACTOR_GRID_2026,"Analyst colour-coded WR factor grid (screenshots, 8 images)",third_party_analyst_screenshot,UNKNOWN — owner to supply,UNKNOWN — owner to supply,"Underdog Fantasy ADP (best-ball), 2026",2026,WR,9,Nico Collins,Nico Collins,,Offensive Rank in PPG,situational,binary_vs_avg,8.94,Yes,yellow,3,high,"programmatic cell-fill sampling, validated vs published colour counts"
WR_FACTOR_GRID_2026,"Analyst colour-coded WR factor grid (screenshots, 8 images)",third_party_analyst_screenshot,UNKNOWN — owner to supply,UNKNOWN — owner to supply,"Underdog Fantasy ADP (best-ball), 2026",2026,WR,9,Nico Collins,Nico Collins,,Quarterbacks Rank in PFF Passing Grade,situational,binary_vs_avg,10.36,Yes,yellow,3,high,"programmatic cell-fill sampling, validated vs published colour counts"
WR_FACTOR_GRID_2026,"Analyst colour-coded WR factor grid (screenshots, 8 images)",third_party_analyst_screenshot,UNKNOWN — owner to supply,UNKNOWN — owner to supply,"Underdog Fantasy ADP (best-ball), 2026",2026,WR,9,Nico Collins,Nico Collins,,Team Pass Attempts,situational,binary_vs_avg,594.94,Yes,yellow,3,high,"programmatic cell-fill sampling, validated vs published colour counts"
WR_FACTOR_GRID_2026,"Analyst colour-coded WR factor grid (screenshots, 8 images)",third_party_analyst_screenshot,UNKNOWN — owner to supply,UNKNOWN — owner to supply,"Underdog Fantasy ADP (best-ball), 2026",2026,WR,9,Nico Collins,Nico Collins,,Highest Targeted Secondary Option,situational,more_less_same,103.31,Same,yellow,3,high,"programmatic cell-fill sampling, validated vs published colour counts"
WR_FACTOR_GRID_2026,"Analyst colour-coded WR factor grid (screenshots, 8 images)",third_party_analyst_screenshot,UNKNOWN — owner to supply,UNKNOWN — owner to supply,"Underdog Fantasy ADP (best-ball), 2026",2026,WR,9,Nico Collins,Nico Collins,,Offensive Line Rank in Pass Blocking,situational,binary_vs_avg,10.75,No,red,-3,high,"programmatic cell-fill sampling, validated vs published colour counts"
WR_FACTOR_GRID_2026,"Analyst colour-coded WR factor grid (screenshots, 8 images)",third_party_analyst_screenshot,UNKNOWN — owner to supply,UNKNOWN — owner to supply,"Underdog Fantasy ADP (best-ball), 2026",2026,WR,9,Nico Collins,Nico Collins,,Rank in Yards per Route Run,situational,binary_vs_avg,4.81,Yes,green,5,high,"programmatic cell-fill sampling, validated vs published colour counts"
WR_FACTOR_GRID_2026,"Analyst colour-coded WR factor grid (screenshots, 8 images)",third_party_analyst_screenshot,UNKNOWN — owner to supply,UNKNOWN — owner to supply,"Underdog Fantasy ADP (best-ball), 2026",2026,WR,9,Nico Collins,Nico Collins,,Highest % Achieved in Reception Perception,situational,binary_vs_avg,90th,Yes,green,5,high,"programmatic cell-fill sampling, validated vs published colour counts"
WR_FACTOR_GRID_2026,"Analyst colour-coded WR factor grid (screenshots, 8 images)",third_party_analyst_screenshot,UNKNOWN — owner to supply,UNKNOWN — owner to supply,"Underdog Fantasy ADP (best-ball), 2026",2026,WR,9,Nico Collins,Nico Collins,,Archetype,classification,archetype,N/A,Prime WR1,green,5,high,"programmatic cell-fill sampling, validated vs published colour counts"
WR_FACTOR_GRID_2026,"Analyst colour-coded WR factor grid (screenshots, 8 images)",third_party_analyst_screenshot,UNKNOWN — owner to supply,UNKNOWN — owner to supply,"Underdog Fantasy ADP (best-ball), 2026",2026,WR,9,Nico Collins,Nico Collins,,Injury/Suspension Concern?,classification,injury,N/A,Some Concern,orange,-1,high,"programmatic cell-fill sampling, validated vs published colour counts"
WR_FACTOR_GRID_2026,"Analyst colour-coded WR factor grid (screenshots, 8 images)",third_party_analyst_screenshot,UNKNOWN — owner to supply,UNKNOWN — owner to supply,"Underdog Fantasy ADP (best-ball), 2026",2026,WR,10,George Pickens,George Pickens,,Targets,volume,binary_vs_avg,10.7,?,orange,-1,high,"programmatic cell-fill sampling, validated vs published colour counts"
WR_FACTOR_GRID_2026,"Analyst colour-coded WR factor grid (screenshots, 8 images)",third_party_analyst_screenshot,UNKNOWN — owner to supply,UNKNOWN — owner to supply,"Underdog Fantasy ADP (best-ball), 2026",2026,WR,10,George Pickens,George Pickens,,Receptions,volume,binary_vs_avg,7.2,?,orange,-1,high,"programmatic cell-fill sampling, validated vs published colour counts"
WR_FACTOR_GRID_2026,"Analyst colour-coded WR factor grid (screenshots, 8 images)",third_party_analyst_screenshot,UNKNOWN — owner to supply,UNKNOWN — owner to supply,"Underdog Fantasy ADP (best-ball), 2026",2026,WR,10,George Pickens,George Pickens,,Touchdowns,volume,binary_vs_avg,0.8,Yes,yellow,3,high,"programmatic cell-fill sampling, validated vs published colour counts"
WR_FACTOR_GRID_2026,"Analyst colour-coded WR factor grid (screenshots, 8 images)",third_party_analyst_screenshot,UNKNOWN — owner to supply,UNKNOWN — owner to supply,"Underdog Fantasy ADP (best-ball), 2026",2026,WR,10,George Pickens,George Pickens,,Offensive Rank in PPG,situational,binary_vs_avg,8.94,Yes,green,5,high,"programmatic cell-fill sampling, validated vs published colour counts"
WR_FACTOR_GRID_2026,"Analyst colour-coded WR factor grid (screenshots, 8 images)",third_party_analyst_screenshot,UNKNOWN — owner to supply,UNKNOWN — owner to supply,"Underdog Fantasy ADP (best-ball), 2026",2026,WR,10,George Pickens,George Pickens,,Quarterbacks Rank in PFF Passing Grade,situational,binary_vs_avg,10.36,Yes,green,5,high,"programmatic cell-fill sampling, validated vs published colour counts"
WR_FACTOR_GRID_2026,"Analyst colour-coded WR factor grid (screenshots, 8 images)",third_party_analyst_screenshot,UNKNOWN — owner to supply,UNKNOWN — owner to supply,"Underdog Fantasy ADP (best-ball), 2026",2026,WR,10,George Pickens,George Pickens,,Team Pass Attempts,situational,binary_vs_avg,594.94,Yes,green,5,high,"programmatic cell-fill sampling, validated vs published colour counts"
WR_FACTOR_GRID_2026,"Analyst colour-coded WR factor grid (screenshots, 8 images)",third_party_analyst_screenshot,UNKNOWN — owner to supply,UNKNOWN — owner to supply,"Underdog Fantasy ADP (best-ball), 2026",2026,WR,10,George Pickens,George Pickens,,Highest Targeted Secondary Option,situational,more_less_same,103.31,More,red,-3,high,"programmatic cell-fill sampling, validated vs published colour counts"
WR_FACTOR_GRID_2026,"Analyst colour-coded WR factor grid (screenshots, 8 images)",third_party_analyst_screenshot,UNKNOWN — owner to supply,UNKNOWN — owner to supply,"Underdog Fantasy ADP (best-ball), 2026",2026,WR,10,George Pickens,George Pickens,,Offensive Line Rank in Pass Blocking,situational,binary_vs_avg,10.75,Yes,yellow,3,high,"programmatic cell-fill sampling, validated vs published colour counts"
WR_FACTOR_GRID_2026,"Analyst colour-coded WR factor grid (screenshots, 8 images)",third_party_analyst_screenshot,UNKNOWN — owner to supply,UNKNOWN — owner to supply,"Underdog Fantasy ADP (best-ball), 2026",2026,WR,10,George Pickens,George Pickens,,Rank in Yards per Route Run,situational,binary_vs_avg,4.81,Yes,yellow,3,high,"programmatic cell-fill sampling, validated vs published colour counts"
WR_FACTOR_GRID_2026,"Analyst colour-coded WR factor grid (screenshots, 8 images)",third_party_analyst_screenshot,UNKNOWN — owner to supply,UNKNOWN — owner to supply,"Underdog Fantasy ADP (best-ball), 2026",2026,WR,10,George Pickens,George Pickens,,Highest % Achieved in Reception Perception,situational,binary_vs_avg,90th,Yes,yellow,3,high,"programmatic cell-fill sampling, validated vs published colour counts"
WR_FACTOR_GRID_2026,"Analyst colour-coded WR factor grid (screenshots, 8 images)",third_party_analyst_screenshot,UNKNOWN — owner to supply,UNKNOWN — owner to supply,"Underdog Fantasy ADP (best-ball), 2026",2026,WR,10,George Pickens,George Pickens,,Archetype,classification,archetype,N/A,Prime WR1,green,5,high,"programmatic cell-fill sampling, validated vs published colour counts"
WR_FACTOR_GRID_2026,"Analyst colour-coded WR factor grid (screenshots, 8 images)",third_party_analyst_screenshot,UNKNOWN — owner to supply,UNKNOWN — owner to supply,"Underdog Fantasy ADP (best-ball), 2026",2026,WR,10,George Pickens,George Pickens,,Injury/Suspension Concern?,classification,injury,N/A,Minimal Concern,yellow,3,high,"programmatic cell-fill sampling, validated vs published colour counts"
WR_FACTOR_GRID_2026,"Analyst colour-coded WR factor grid (screenshots, 8 images)",third_party_analyst_screenshot,UNKNOWN — owner to supply,UNKNOWN — owner to supply,"Underdog Fantasy ADP (best-ball), 2026",2026,WR,11,Rashee Rice,Rashee Rice,,Targets,volume,binary_vs_avg,10.7,Yes,yellow,3,high,"programmatic cell-fill sampling, validated vs published colour counts"
WR_FACTOR_GRID_2026,"Analyst colour-coded WR factor grid (screenshots, 8 images)",third_party_analyst_screenshot,UNKNOWN — owner to supply,UNKNOWN — owner to supply,"Underdog Fantasy ADP (best-ball), 2026",2026,WR,11,Rashee Rice,Rashee Rice,,Receptions,volume,binary_vs_avg,7.2,Yes,yellow,3,high,"programmatic cell-fill sampling, validated vs published colour counts"
WR_FACTOR_GRID_2026,"Analyst colour-coded WR factor grid (screenshots, 8 images)",third_party_analyst_screenshot,UNKNOWN — owner to supply,UNKNOWN — owner to supply,"Underdog Fantasy ADP (best-ball), 2026",2026,WR,11,Rashee Rice,Rashee Rice,,Touchdowns,volume,binary_vs_avg,0.8,Yes,yellow,3,high,"programmatic cell-fill sampling, validated vs published colour counts"
WR_FACTOR_GRID_2026,"Analyst colour-coded WR factor grid (screenshots, 8 images)",third_party_analyst_screenshot,UNKNOWN — owner to supply,UNKNOWN — owner to supply,"Underdog Fantasy ADP (best-ball), 2026",2026,WR,11,Rashee Rice,Rashee Rice,,Offensive Rank in PPG,situational,binary_vs_avg,8.94,Yes,yellow,3,high,"programmatic cell-fill sampling, validated vs published colour counts"
WR_FACTOR_GRID_2026,"Analyst colour-coded WR factor grid (screenshots, 8 images)",third_party_analyst_screenshot,UNKNOWN — owner to supply,UNKNOWN — owner to supply,"Underdog Fantasy ADP (best-ball), 2026",2026,WR,11,Rashee Rice,Rashee Rice,,Quarterbacks Rank in PFF Passing Grade,situational,binary_vs_avg,10.36,Yes,green,5,high,"programmatic cell-fill sampling, validated vs published colour counts"
WR_FACTOR_GRID_2026,"Analyst colour-coded WR factor grid (screenshots, 8 images)",third_party_analyst_screenshot,UNKNOWN — owner to supply,UNKNOWN — owner to supply,"Underdog Fantasy ADP (best-ball), 2026",2026,WR,11,Rashee Rice,Rashee Rice,,Team Pass Attempts,situational,binary_vs_avg,594.94,Yes,yellow,3,high,"programmatic cell-fill sampling, validated vs published colour counts"
WR_FACTOR_GRID_2026,"Analyst colour-coded WR factor grid (screenshots, 8 images)",third_party_analyst_screenshot,UNKNOWN — owner to supply,UNKNOWN — owner to supply,"Underdog Fantasy ADP (best-ball), 2026",2026,WR,11,Rashee Rice,Rashee Rice,,Highest Targeted Secondary Option,situational,more_less_same,103.31,More,red,-3,high,"programmatic cell-fill sampling, validated vs published colour counts"
WR_FACTOR_GRID_2026,"Analyst colour-coded WR factor grid (screenshots, 8 images)",third_party_analyst_screenshot,UNKNOWN — owner to supply,UNKNOWN — owner to supply,"Underdog Fantasy ADP (best-ball), 2026",2026,WR,11,Rashee Rice,Rashee Rice,,Offensive Line Rank in Pass Blocking,situational,binary_vs_avg,10.75,Yes,yellow,3,high,"programmatic cell-fill sampling, validated vs published colour counts"
WR_FACTOR_GRID_2026,"Analyst colour-coded WR factor grid (screenshots, 8 images)",third_party_analyst_screenshot,UNKNOWN — owner to supply,UNKNOWN — owner to supply,"Underdog Fantasy ADP (best-ball), 2026",2026,WR,11,Rashee Rice,Rashee Rice,,Rank in Yards per Route Run,situational,binary_vs_avg,4.81,Yes,yellow,3,high,"programmatic cell-fill sampling, validated vs published colour counts"
WR_FACTOR_GRID_2026,"Analyst colour-coded WR factor grid (screenshots, 8 images)",third_party_analyst_screenshot,UNKNOWN — owner to supply,UNKNOWN — owner to supply,"Underdog Fantasy ADP (best-ball), 2026",2026,WR,11,Rashee Rice,Rashee Rice,,Highest % Achieved in Reception Perception,situational,binary_vs_avg,90th,Yes,yellow,3,high,"programmatic cell-fill sampling, validated vs published colour counts"
WR_FACTOR_GRID_2026,"Analyst colour-coded WR factor grid (screenshots, 8 images)",third_party_analyst_screenshot,UNKNOWN — owner to supply,UNKNOWN — owner to supply,"Underdog Fantasy ADP (best-ball), 2026",2026,WR,11,Rashee Rice,Rashee Rice,,Archetype,classification,archetype,N/A,Breakout Candidate,orange,-1,high,"programmatic cell-fill sampling, validated vs published colour counts"
WR_FACTOR_GRID_2026,"Analyst colour-coded WR factor grid (screenshots, 8 images)",third_party_analyst_screenshot,UNKNOWN — owner to supply,UNKNOWN — owner to supply,"Underdog Fantasy ADP (best-ball), 2026",2026,WR,11,Rashee Rice,Rashee Rice,,Injury/Suspension Concern?,classification,injury,N/A,Some Concern,orange,-1,high,"programmatic cell-fill sampling, validated vs published colour counts"
WR_FACTOR_GRID_2026,"Analyst colour-coded WR factor grid (screenshots, 8 images)",third_party_analyst_screenshot,UNKNOWN — owner to supply,UNKNOWN — owner to supply,"Underdog Fantasy ADP (best-ball), 2026",2026,WR,12,Devonta Smith,DeVonta Smith,,Targets,volume,binary_vs_avg,10.7,Yes,yellow,3,high,"programmatic cell-fill sampling, validated vs published colour counts"
WR_FACTOR_GRID_2026,"Analyst colour-coded WR factor grid (screenshots, 8 images)",third_party_analyst_screenshot,UNKNOWN — owner to supply,UNKNOWN — owner to supply,"Underdog Fantasy ADP (best-ball), 2026",2026,WR,12,Devonta Smith,DeVonta Smith,,Receptions,volume,binary_vs_avg,7.2,Yes,yellow,3,high,"programmatic cell-fill sampling, validated vs published colour counts"
WR_FACTOR_GRID_2026,"Analyst colour-coded WR factor grid (screenshots, 8 images)",third_party_analyst_screenshot,UNKNOWN — owner to supply,UNKNOWN — owner to supply,"Underdog Fantasy ADP (best-ball), 2026",2026,WR,12,Devonta Smith,DeVonta Smith,,Touchdowns,volume,binary_vs_avg,0.8,Yes,yellow,3,high,"programmatic cell-fill sampling, validated vs published colour counts"
WR_FACTOR_GRID_2026,"Analyst colour-coded WR factor grid (screenshots, 8 images)",third_party_analyst_screenshot,UNKNOWN — owner to supply,UNKNOWN — owner to supply,"Underdog Fantasy ADP (best-ball), 2026",2026,WR,12,Devonta Smith,DeVonta Smith,,Offensive Rank in PPG,situational,binary_vs_avg,8.94,Yes,yellow,3,high,"programmatic cell-fill sampling, validated vs published colour counts"
WR_FACTOR_GRID_2026,"Analyst colour-coded WR factor grid (screenshots, 8 images)",third_party_analyst_screenshot,UNKNOWN — owner to supply,UNKNOWN — owner to supply,"Underdog Fantasy ADP (best-ball), 2026",2026,WR,12,Devonta Smith,DeVonta Smith,,Quarterbacks Rank in PFF Passing Grade,situational,binary_vs_avg,10.36,?,orange,-1,high,"programmatic cell-fill sampling, validated vs published colour counts"
WR_FACTOR_GRID_2026,"Analyst colour-coded WR factor grid (screenshots, 8 images)",third_party_analyst_screenshot,UNKNOWN — owner to supply,UNKNOWN — owner to supply,"Underdog Fantasy ADP (best-ball), 2026",2026,WR,12,Devonta Smith,DeVonta Smith,,Team Pass Attempts,situational,binary_vs_avg,594.94,?,orange,-1,high,"programmatic cell-fill sampling, validated vs published colour counts"
WR_FACTOR_GRID_2026,"Analyst colour-coded WR factor grid (screenshots, 8 images)",third_party_analyst_screenshot,UNKNOWN — owner to supply,UNKNOWN — owner to supply,"Underdog Fantasy ADP (best-ball), 2026",2026,WR,12,Devonta Smith,DeVonta Smith,,Highest Targeted Secondary Option,situational,more_less_same,103.31,Same,yellow,3,high,"programmatic cell-fill sampling, validated vs published colour counts"
WR_FACTOR_GRID_2026,"Analyst colour-coded WR factor grid (screenshots, 8 images)",third_party_analyst_screenshot,UNKNOWN — owner to supply,UNKNOWN — owner to supply,"Underdog Fantasy ADP (best-ball), 2026",2026,WR,12,Devonta Smith,DeVonta Smith,,Offensive Line Rank in Pass Blocking,situational,binary_vs_avg,10.75,Yes,green,5,high,"programmatic cell-fill sampling, validated vs published colour counts"
WR_FACTOR_GRID_2026,"Analyst colour-coded WR factor grid (screenshots, 8 images)",third_party_analyst_screenshot,UNKNOWN — owner to supply,UNKNOWN — owner to supply,"Underdog Fantasy ADP (best-ball), 2026",2026,WR,12,Devonta Smith,DeVonta Smith,,Rank in Yards per Route Run,situational,binary_vs_avg,4.81,Yes,yellow,3,high,"programmatic cell-fill sampling, validated vs published colour counts"
WR_FACTOR_GRID_2026,"Analyst colour-coded WR factor grid (screenshots, 8 images)",third_party_analyst_screenshot,UNKNOWN — owner to supply,UNKNOWN — owner to supply,"Underdog Fantasy ADP (best-ball), 2026",2026,WR,12,Devonta Smith,DeVonta Smith,,Highest % Achieved in Reception Perception,situational,binary_vs_avg,90th,Yes,yellow,3,high,"programmatic cell-fill sampling, validated vs published colour counts"
WR_FACTOR_GRID_2026,"Analyst colour-coded WR factor grid (screenshots, 8 images)",third_party_analyst_screenshot,UNKNOWN — owner to supply,UNKNOWN — owner to supply,"Underdog Fantasy ADP (best-ball), 2026",2026,WR,12,Devonta Smith,DeVonta Smith,,Archetype,classification,archetype,N/A,Prime WR1,green,5,high,"programmatic cell-fill sampling, validated vs published colour counts"
WR_FACTOR_GRID_2026,"Analyst colour-coded WR factor grid (screenshots, 8 images)",third_party_analyst_screenshot,UNKNOWN — owner to supply,UNKNOWN — owner to supply,"Underdog Fantasy ADP (best-ball), 2026",2026,WR,12,Devonta Smith,DeVonta Smith,,Injury/Suspension Concern?,classification,injury,N/A,Minimal Concern,yellow,3,high,"programmatic cell-fill sampling, validated vs published colour counts"
WR_FACTOR_GRID_2026,"Analyst colour-coded WR factor grid (screenshots, 8 images)",third_party_analyst_screenshot,UNKNOWN — owner to supply,UNKNOWN — owner to supply,"Underdog Fantasy ADP (best-ball), 2026",2026,WR,13,Chris Olave,Chris Olave,,Targets,volume,binary_vs_avg,10.7,?,orange,-1,high,"programmatic cell-fill sampling, validated vs published colour counts"
WR_FACTOR_GRID_2026,"Analyst colour-coded WR factor grid (screenshots, 8 images)",third_party_analyst_screenshot,UNKNOWN — owner to supply,UNKNOWN — owner to supply,"Underdog Fantasy ADP (best-ball), 2026",2026,WR,13,Chris Olave,Chris Olave,,Receptions,volume,binary_vs_avg,7.2,?,orange,-1,high,"programmatic cell-fill sampling, validated vs published colour counts"
WR_FACTOR_GRID_2026,"Analyst colour-coded WR factor grid (screenshots, 8 images)",third_party_analyst_screenshot,UNKNOWN — owner to supply,UNKNOWN — owner to supply,"Underdog Fantasy ADP (best-ball), 2026",2026,WR,13,Chris Olave,Chris Olave,,Touchdowns,volume,binary_vs_avg,0.8,Yes,yellow,3,high,"programmatic cell-fill sampling, validated vs published colour counts"
WR_FACTOR_GRID_2026,"Analyst colour-coded WR factor grid (screenshots, 8 images)",third_party_analyst_screenshot,UNKNOWN — owner to supply,UNKNOWN — owner to supply,"Underdog Fantasy ADP (best-ball), 2026",2026,WR,13,Chris Olave,Chris Olave,,Offensive Rank in PPG,situational,binary_vs_avg,8.94,?,orange,-1,high,"programmatic cell-fill sampling, validated vs published colour counts"
WR_FACTOR_GRID_2026,"Analyst colour-coded WR factor grid (screenshots, 8 images)",third_party_analyst_screenshot,UNKNOWN — owner to supply,UNKNOWN — owner to supply,"Underdog Fantasy ADP (best-ball), 2026",2026,WR,13,Chris Olave,Chris Olave,,Quarterbacks Rank in PFF Passing Grade,situational,binary_vs_avg,10.36,?,orange,-1,high,"programmatic cell-fill sampling, validated vs published colour counts"
WR_FACTOR_GRID_2026,"Analyst colour-coded WR factor grid (screenshots, 8 images)",third_party_analyst_screenshot,UNKNOWN — owner to supply,UNKNOWN — owner to supply,"Underdog Fantasy ADP (best-ball), 2026",2026,WR,13,Chris Olave,Chris Olave,,Team Pass Attempts,situational,binary_vs_avg,594.94,Yes,yellow,3,high,"programmatic cell-fill sampling, validated vs published colour counts"
WR_FACTOR_GRID_2026,"Analyst colour-coded WR factor grid (screenshots, 8 images)",third_party_analyst_screenshot,UNKNOWN — owner to supply,UNKNOWN — owner to supply,"Underdog Fantasy ADP (best-ball), 2026",2026,WR,13,Chris Olave,Chris Olave,,Highest Targeted Secondary Option,situational,more_less_same,103.31,Same,yellow,3,high,"programmatic cell-fill sampling, validated vs published colour counts"
WR_FACTOR_GRID_2026,"Analyst colour-coded WR factor grid (screenshots, 8 images)",third_party_analyst_screenshot,UNKNOWN — owner to supply,UNKNOWN — owner to supply,"Underdog Fantasy ADP (best-ball), 2026",2026,WR,13,Chris Olave,Chris Olave,,Offensive Line Rank in Pass Blocking,situational,binary_vs_avg,10.75,Yes,yellow,3,high,"programmatic cell-fill sampling, validated vs published colour counts"
WR_FACTOR_GRID_2026,"Analyst colour-coded WR factor grid (screenshots, 8 images)",third_party_analyst_screenshot,UNKNOWN — owner to supply,UNKNOWN — owner to supply,"Underdog Fantasy ADP (best-ball), 2026",2026,WR,13,Chris Olave,Chris Olave,,Rank in Yards per Route Run,situational,binary_vs_avg,4.81,Yes,yellow,3,high,"programmatic cell-fill sampling, validated vs published colour counts"
WR_FACTOR_GRID_2026,"Analyst colour-coded WR factor grid (screenshots, 8 images)",third_party_analyst_screenshot,UNKNOWN — owner to supply,UNKNOWN — owner to supply,"Underdog Fantasy ADP (best-ball), 2026",2026,WR,13,Chris Olave,Chris Olave,,Highest % Achieved in Reception Perception,situational,binary_vs_avg,90th,Yes,yellow,3,high,"programmatic cell-fill sampling, validated vs published colour counts"
WR_FACTOR_GRID_2026,"Analyst colour-coded WR factor grid (screenshots, 8 images)",third_party_analyst_screenshot,UNKNOWN — owner to supply,UNKNOWN — owner to supply,"Underdog Fantasy ADP (best-ball), 2026",2026,WR,13,Chris Olave,Chris Olave,,Archetype,classification,archetype,N/A,Prime WR1,green,5,high,"programmatic cell-fill sampling, validated vs published colour counts"
WR_FACTOR_GRID_2026,"Analyst colour-coded WR factor grid (screenshots, 8 images)",third_party_analyst_screenshot,UNKNOWN — owner to supply,UNKNOWN — owner to supply,"Underdog Fantasy ADP (best-ball), 2026",2026,WR,13,Chris Olave,Chris Olave,,Injury/Suspension Concern?,classification,injury,N/A,Some Concern,orange,-1,high,"programmatic cell-fill sampling, validated vs published colour counts"
WR_FACTOR_GRID_2026,"Analyst colour-coded WR factor grid (screenshots, 8 images)",third_party_analyst_screenshot,UNKNOWN — owner to supply,UNKNOWN — owner to supply,"Underdog Fantasy ADP (best-ball), 2026",2026,WR,14,Zay Flowers,Zay Flowers,,Targets,volume,binary_vs_avg,10.7,Yes,yellow,3,high,"programmatic cell-fill sampling, validated vs published colour counts"
WR_FACTOR_GRID_2026,"Analyst colour-coded WR factor grid (screenshots, 8 images)",third_party_analyst_screenshot,UNKNOWN — owner to supply,UNKNOWN — owner to supply,"Underdog Fantasy ADP (best-ball), 2026",2026,WR,14,Zay Flowers,Zay Flowers,,Receptions,volume,binary_vs_avg,7.2,Yes,yellow,3,high,"programmatic cell-fill sampling, validated vs published colour counts"
WR_FACTOR_GRID_2026,"Analyst colour-coded WR factor grid (screenshots, 8 images)",third_party_analyst_screenshot,UNKNOWN — owner to supply,UNKNOWN — owner to supply,"Underdog Fantasy ADP (best-ball), 2026",2026,WR,14,Zay Flowers,Zay Flowers,,Touchdowns,volume,binary_vs_avg,0.8,?,orange,-1,high,"programmatic cell-fill sampling, validated vs published colour counts"
WR_FACTOR_GRID_2026,"Analyst colour-coded WR factor grid (screenshots, 8 images)",third_party_analyst_screenshot,UNKNOWN — owner to supply,UNKNOWN — owner to supply,"Underdog Fantasy ADP (best-ball), 2026",2026,WR,14,Zay Flowers,Zay Flowers,,Offensive Rank in PPG,situational,binary_vs_avg,8.94,Yes,yellow,3,high,"programmatic cell-fill sampling, validated vs published colour counts"
WR_FACTOR_GRID_2026,"Analyst colour-coded WR factor grid (screenshots, 8 images)",third_party_analyst_screenshot,UNKNOWN — owner to supply,UNKNOWN — owner to supply,"Underdog Fantasy ADP (best-ball), 2026",2026,WR,14,Zay Flowers,Zay Flowers,,Quarterbacks Rank in PFF Passing Grade,situational,binary_vs_avg,10.36,Yes,green,5,high,"programmatic cell-fill sampling, validated vs published colour counts"
WR_FACTOR_GRID_2026,"Analyst colour-coded WR factor grid (screenshots, 8 images)",third_party_analyst_screenshot,UNKNOWN — owner to supply,UNKNOWN — owner to supply,"Underdog Fantasy ADP (best-ball), 2026",2026,WR,14,Zay Flowers,Zay Flowers,,Team Pass Attempts,situational,binary_vs_avg,594.94,?,orange,-1,high,"programmatic cell-fill sampling, validated vs published colour counts"
WR_FACTOR_GRID_2026,"Analyst colour-coded WR factor grid (screenshots, 8 images)",third_party_analyst_screenshot,UNKNOWN — owner to supply,UNKNOWN — owner to supply,"Underdog Fantasy ADP (best-ball), 2026",2026,WR,14,Zay Flowers,Zay Flowers,,Highest Targeted Secondary Option,situational,more_less_same,103.31,Less,green,5,high,"programmatic cell-fill sampling, validated vs published colour counts"
WR_FACTOR_GRID_2026,"Analyst colour-coded WR factor grid (screenshots, 8 images)",third_party_analyst_screenshot,UNKNOWN — owner to supply,UNKNOWN — owner to supply,"Underdog Fantasy ADP (best-ball), 2026",2026,WR,14,Zay Flowers,Zay Flowers,,Offensive Line Rank in Pass Blocking,situational,binary_vs_avg,10.75,?,orange,-1,high,"programmatic cell-fill sampling, validated vs published colour counts"
WR_FACTOR_GRID_2026,"Analyst colour-coded WR factor grid (screenshots, 8 images)",third_party_analyst_screenshot,UNKNOWN — owner to supply,UNKNOWN — owner to supply,"Underdog Fantasy ADP (best-ball), 2026",2026,WR,14,Zay Flowers,Zay Flowers,,Rank in Yards per Route Run,situational,binary_vs_avg,4.81,Yes,yellow,3,high,"programmatic cell-fill sampling, validated vs published colour counts"
WR_FACTOR_GRID_2026,"Analyst colour-coded WR factor grid (screenshots, 8 images)",third_party_analyst_screenshot,UNKNOWN — owner to supply,UNKNOWN — owner to supply,"Underdog Fantasy ADP (best-ball), 2026",2026,WR,14,Zay Flowers,Zay Flowers,,Highest % Achieved in Reception Perception,situational,binary_vs_avg,90th,Yes,yellow,3,high,"programmatic cell-fill sampling, validated vs published colour counts"
WR_FACTOR_GRID_2026,"Analyst colour-coded WR factor grid (screenshots, 8 images)",third_party_analyst_screenshot,UNKNOWN — owner to supply,UNKNOWN — owner to supply,"Underdog Fantasy ADP (best-ball), 2026",2026,WR,14,Zay Flowers,Zay Flowers,,Archetype,classification,archetype,N/A,Prime WR1,green,5,high,"programmatic cell-fill sampling, validated vs published colour counts"
WR_FACTOR_GRID_2026,"Analyst colour-coded WR factor grid (screenshots, 8 images)",third_party_analyst_screenshot,UNKNOWN — owner to supply,UNKNOWN — owner to supply,"Underdog Fantasy ADP (best-ball), 2026",2026,WR,14,Zay Flowers,Zay Flowers,,Injury/Suspension Concern?,classification,injury,N/A,Minimal Concern,yellow,3,high,"programmatic cell-fill sampling, validated vs published colour counts"
WR_FACTOR_GRID_2026,"Analyst colour-coded WR factor grid (screenshots, 8 images)",third_party_analyst_screenshot,UNKNOWN — owner to supply,UNKNOWN — owner to supply,"Underdog Fantasy ADP (best-ball), 2026",2026,WR,15,Malik Nabers,Malik Nabers,,Targets,volume,binary_vs_avg,10.7,Yes,yellow,3,high,"programmatic cell-fill sampling, validated vs published colour counts"
WR_FACTOR_GRID_2026,"Analyst colour-coded WR factor grid (screenshots, 8 images)",third_party_analyst_screenshot,UNKNOWN — owner to supply,UNKNOWN — owner to supply,"Underdog Fantasy ADP (best-ball), 2026",2026,WR,15,Malik Nabers,Malik Nabers,,Receptions,volume,binary_vs_avg,7.2,Yes,yellow,3,high,"programmatic cell-fill sampling, validated vs published colour counts"
WR_FACTOR_GRID_2026,"Analyst colour-coded WR factor grid (screenshots, 8 images)",third_party_analyst_screenshot,UNKNOWN — owner to supply,UNKNOWN — owner to supply,"Underdog Fantasy ADP (best-ball), 2026",2026,WR,15,Malik Nabers,Malik Nabers,,Touchdowns,volume,binary_vs_avg,0.8,Yes,yellow,3,high,"programmatic cell-fill sampling, validated vs published colour counts"
WR_FACTOR_GRID_2026,"Analyst colour-coded WR factor grid (screenshots, 8 images)",third_party_analyst_screenshot,UNKNOWN — owner to supply,UNKNOWN — owner to supply,"Underdog Fantasy ADP (best-ball), 2026",2026,WR,15,Malik Nabers,Malik Nabers,,Offensive Rank in PPG,situational,binary_vs_avg,8.94,?,orange,-1,high,"programmatic cell-fill sampling, validated vs published colour counts"
WR_FACTOR_GRID_2026,"Analyst colour-coded WR factor grid (screenshots, 8 images)",third_party_analyst_screenshot,UNKNOWN — owner to supply,UNKNOWN — owner to supply,"Underdog Fantasy ADP (best-ball), 2026",2026,WR,15,Malik Nabers,Malik Nabers,,Quarterbacks Rank in PFF Passing Grade,situational,binary_vs_avg,10.36,Yes,yellow,3,high,"programmatic cell-fill sampling, validated vs published colour counts"
WR_FACTOR_GRID_2026,"Analyst colour-coded WR factor grid (screenshots, 8 images)",third_party_analyst_screenshot,UNKNOWN — owner to supply,UNKNOWN — owner to supply,"Underdog Fantasy ADP (best-ball), 2026",2026,WR,15,Malik Nabers,Malik Nabers,,Team Pass Attempts,situational,binary_vs_avg,594.94,?,orange,-1,high,"programmatic cell-fill sampling, validated vs published colour counts"
WR_FACTOR_GRID_2026,"Analyst colour-coded WR factor grid (screenshots, 8 images)",third_party_analyst_screenshot,UNKNOWN — owner to supply,UNKNOWN — owner to supply,"Underdog Fantasy ADP (best-ball), 2026",2026,WR,15,Malik Nabers,Malik Nabers,,Highest Targeted Secondary Option,situational,more_less_same,103.31,Less,green,5,high,"programmatic cell-fill sampling, validated vs published colour counts"
WR_FACTOR_GRID_2026,"Analyst colour-coded WR factor grid (screenshots, 8 images)",third_party_analyst_screenshot,UNKNOWN — owner to supply,UNKNOWN — owner to supply,"Underdog Fantasy ADP (best-ball), 2026",2026,WR,15,Malik Nabers,Malik Nabers,,Offensive Line Rank in Pass Blocking,situational,binary_vs_avg,10.75,?,orange,-1,high,"programmatic cell-fill sampling, validated vs published colour counts"
WR_FACTOR_GRID_2026,"Analyst colour-coded WR factor grid (screenshots, 8 images)",third_party_analyst_screenshot,UNKNOWN — owner to supply,UNKNOWN — owner to supply,"Underdog Fantasy ADP (best-ball), 2026",2026,WR,15,Malik Nabers,Malik Nabers,,Rank in Yards per Route Run,situational,binary_vs_avg,4.81,Yes,green,5,high,"programmatic cell-fill sampling, validated vs published colour counts"
WR_FACTOR_GRID_2026,"Analyst colour-coded WR factor grid (screenshots, 8 images)",third_party_analyst_screenshot,UNKNOWN — owner to supply,UNKNOWN — owner to supply,"Underdog Fantasy ADP (best-ball), 2026",2026,WR,15,Malik Nabers,Malik Nabers,,Highest % Achieved in Reception Perception,situational,binary_vs_avg,90th,Yes,green,5,high,"programmatic cell-fill sampling, validated vs published colour counts"
WR_FACTOR_GRID_2026,"Analyst colour-coded WR factor grid (screenshots, 8 images)",third_party_analyst_screenshot,UNKNOWN — owner to supply,UNKNOWN — owner to supply,"Underdog Fantasy ADP (best-ball), 2026",2026,WR,15,Malik Nabers,Malik Nabers,,Archetype,classification,archetype,N/A,Prime WR1,green,5,high,"programmatic cell-fill sampling, validated vs published colour counts"
WR_FACTOR_GRID_2026,"Analyst colour-coded WR factor grid (screenshots, 8 images)",third_party_analyst_screenshot,UNKNOWN — owner to supply,UNKNOWN — owner to supply,"Underdog Fantasy ADP (best-ball), 2026",2026,WR,15,Malik Nabers,Malik Nabers,,Injury/Suspension Concern?,classification,injury,N/A,Concerned,red,-3,high,"programmatic cell-fill sampling, validated vs published colour counts"
WR_FACTOR_GRID_2026,"Analyst colour-coded WR factor grid (screenshots, 8 images)",third_party_analyst_screenshot,UNKNOWN — owner to supply,UNKNOWN — owner to supply,"Underdog Fantasy ADP (best-ball), 2026",2026,WR,16,Emeka Egbuka,Emeka Egbuka,,Targets,volume,binary_vs_avg,10.7,Yes,yellow,3,high,"programmatic cell-fill sampling, validated vs published colour counts"
WR_FACTOR_GRID_2026,"Analyst colour-coded WR factor grid (screenshots, 8 images)",third_party_analyst_screenshot,UNKNOWN — owner to supply,UNKNOWN — owner to supply,"Underdog Fantasy ADP (best-ball), 2026",2026,WR,16,Emeka Egbuka,Emeka Egbuka,,Receptions,volume,binary_vs_avg,7.2,Yes,yellow,3,high,"programmatic cell-fill sampling, validated vs published colour counts"
WR_FACTOR_GRID_2026,"Analyst colour-coded WR factor grid (screenshots, 8 images)",third_party_analyst_screenshot,UNKNOWN — owner to supply,UNKNOWN — owner to supply,"Underdog Fantasy ADP (best-ball), 2026",2026,WR,16,Emeka Egbuka,Emeka Egbuka,,Touchdowns,volume,binary_vs_avg,0.8,Yes,yellow,3,high,"programmatic cell-fill sampling, validated vs published colour counts"
WR_FACTOR_GRID_2026,"Analyst colour-coded WR factor grid (screenshots, 8 images)",third_party_analyst_screenshot,UNKNOWN — owner to supply,UNKNOWN — owner to supply,"Underdog Fantasy ADP (best-ball), 2026",2026,WR,16,Emeka Egbuka,Emeka Egbuka,,Offensive Rank in PPG,situational,binary_vs_avg,8.94,Yes,yellow,3,high,"programmatic cell-fill sampling, validated vs published colour counts"
WR_FACTOR_GRID_2026,"Analyst colour-coded WR factor grid (screenshots, 8 images)",third_party_analyst_screenshot,UNKNOWN — owner to supply,UNKNOWN — owner to supply,"Underdog Fantasy ADP (best-ball), 2026",2026,WR,16,Emeka Egbuka,Emeka Egbuka,,Quarterbacks Rank in PFF Passing Grade,situational,binary_vs_avg,10.36,Yes,yellow,3,high,"programmatic cell-fill sampling, validated vs published colour counts"
WR_FACTOR_GRID_2026,"Analyst colour-coded WR factor grid (screenshots, 8 images)",third_party_analyst_screenshot,UNKNOWN — owner to supply,UNKNOWN — owner to supply,"Underdog Fantasy ADP (best-ball), 2026",2026,WR,16,Emeka Egbuka,Emeka Egbuka,,Team Pass Attempts,situational,binary_vs_avg,594.94,Yes,yellow,3,high,"programmatic cell-fill sampling, validated vs published colour counts"
WR_FACTOR_GRID_2026,"Analyst colour-coded WR factor grid (screenshots, 8 images)",third_party_analyst_screenshot,UNKNOWN — owner to supply,UNKNOWN — owner to supply,"Underdog Fantasy ADP (best-ball), 2026",2026,WR,16,Emeka Egbuka,Emeka Egbuka,,Highest Targeted Secondary Option,situational,more_less_same,103.31,Same,yellow,3,high,"programmatic cell-fill sampling, validated vs published colour counts"
WR_FACTOR_GRID_2026,"Analyst colour-coded WR factor grid (screenshots, 8 images)",third_party_analyst_screenshot,UNKNOWN — owner to supply,UNKNOWN — owner to supply,"Underdog Fantasy ADP (best-ball), 2026",2026,WR,16,Emeka Egbuka,Emeka Egbuka,,Offensive Line Rank in Pass Blocking,situational,binary_vs_avg,10.75,Yes,green,5,high,"programmatic cell-fill sampling, validated vs published colour counts"
WR_FACTOR_GRID_2026,"Analyst colour-coded WR factor grid (screenshots, 8 images)",third_party_analyst_screenshot,UNKNOWN — owner to supply,UNKNOWN — owner to supply,"Underdog Fantasy ADP (best-ball), 2026",2026,WR,16,Emeka Egbuka,Emeka Egbuka,,Rank in Yards per Route Run,situational,binary_vs_avg,4.81,?,orange,-1,high,"programmatic cell-fill sampling, validated vs published colour counts"
WR_FACTOR_GRID_2026,"Analyst colour-coded WR factor grid (screenshots, 8 images)",third_party_analyst_screenshot,UNKNOWN — owner to supply,UNKNOWN — owner to supply,"Underdog Fantasy ADP (best-ball), 2026",2026,WR,16,Emeka Egbuka,Emeka Egbuka,,Highest % Achieved in Reception Perception,situational,binary_vs_avg,90th,?,orange,-1,high,"programmatic cell-fill sampling, validated vs published colour counts"
WR_FACTOR_GRID_2026,"Analyst colour-coded WR factor grid (screenshots, 8 images)",third_party_analyst_screenshot,UNKNOWN — owner to supply,UNKNOWN — owner to supply,"Underdog Fantasy ADP (best-ball), 2026",2026,WR,16,Emeka Egbuka,Emeka Egbuka,,Archetype,classification,archetype,N/A,Breakout Candidate,orange,-1,high,"programmatic cell-fill sampling, validated vs published colour counts"
WR_FACTOR_GRID_2026,"Analyst colour-coded WR factor grid (screenshots, 8 images)",third_party_analyst_screenshot,UNKNOWN — owner to supply,UNKNOWN — owner to supply,"Underdog Fantasy ADP (best-ball), 2026",2026,WR,16,Emeka Egbuka,Emeka Egbuka,,Injury/Suspension Concern?,classification,injury,N/A,Minimal Concern,yellow,3,high,"programmatic cell-fill sampling, validated vs published colour counts"
WR_FACTOR_GRID_2026,"Analyst colour-coded WR factor grid (screenshots, 8 images)",third_party_analyst_screenshot,UNKNOWN — owner to supply,UNKNOWN — owner to supply,"Underdog Fantasy ADP (best-ball), 2026",2026,WR,17,Tee Higgins,Tee Higgins,,Targets,volume,binary_vs_avg,10.7,?,orange,-1,high,"programmatic cell-fill sampling, validated vs published colour counts"
WR_FACTOR_GRID_2026,"Analyst colour-coded WR factor grid (screenshots, 8 images)",third_party_analyst_screenshot,UNKNOWN — owner to supply,UNKNOWN — owner to supply,"Underdog Fantasy ADP (best-ball), 2026",2026,WR,17,Tee Higgins,Tee Higgins,,Receptions,volume,binary_vs_avg,7.2,?,orange,-1,high,"programmatic cell-fill sampling, validated vs published colour counts"
WR_FACTOR_GRID_2026,"Analyst colour-coded WR factor grid (screenshots, 8 images)",third_party_analyst_screenshot,UNKNOWN — owner to supply,UNKNOWN — owner to supply,"Underdog Fantasy ADP (best-ball), 2026",2026,WR,17,Tee Higgins,Tee Higgins,,Touchdowns,volume,binary_vs_avg,0.8,Yes,yellow,3,high,"programmatic cell-fill sampling, validated vs published colour counts"
WR_FACTOR_GRID_2026,"Analyst colour-coded WR factor grid (screenshots, 8 images)",third_party_analyst_screenshot,UNKNOWN — owner to supply,UNKNOWN — owner to supply,"Underdog Fantasy ADP (best-ball), 2026",2026,WR,17,Tee Higgins,Tee Higgins,,Offensive Rank in PPG,situational,binary_vs_avg,8.94,Yes,green,5,high,"programmatic cell-fill sampling, validated vs published colour counts"
WR_FACTOR_GRID_2026,"Analyst colour-coded WR factor grid (screenshots, 8 images)",third_party_analyst_screenshot,UNKNOWN — owner to supply,UNKNOWN — owner to supply,"Underdog Fantasy ADP (best-ball), 2026",2026,WR,17,Tee Higgins,Tee Higgins,,Quarterbacks Rank in PFF Passing Grade,situational,binary_vs_avg,10.36,Yes,green,5,high,"programmatic cell-fill sampling, validated vs published colour counts"
WR_FACTOR_GRID_2026,"Analyst colour-coded WR factor grid (screenshots, 8 images)",third_party_analyst_screenshot,UNKNOWN — owner to supply,UNKNOWN — owner to supply,"Underdog Fantasy ADP (best-ball), 2026",2026,WR,17,Tee Higgins,Tee Higgins,,Team Pass Attempts,situational,binary_vs_avg,594.94,Yes,green,5,high,"programmatic cell-fill sampling, validated vs published colour counts"
WR_FACTOR_GRID_2026,"Analyst colour-coded WR factor grid (screenshots, 8 images)",third_party_analyst_screenshot,UNKNOWN — owner to supply,UNKNOWN — owner to supply,"Underdog Fantasy ADP (best-ball), 2026",2026,WR,17,Tee Higgins,Tee Higgins,,Highest Targeted Secondary Option,situational,more_less_same,103.31,More,red,-3,high,"programmatic cell-fill sampling, validated vs published colour counts"
WR_FACTOR_GRID_2026,"Analyst colour-coded WR factor grid (screenshots, 8 images)",third_party_analyst_screenshot,UNKNOWN — owner to supply,UNKNOWN — owner to supply,"Underdog Fantasy ADP (best-ball), 2026",2026,WR,17,Tee Higgins,Tee Higgins,,Offensive Line Rank in Pass Blocking,situational,binary_vs_avg,10.75,No,red,-3,high,"programmatic cell-fill sampling, validated vs published colour counts"
WR_FACTOR_GRID_2026,"Analyst colour-coded WR factor grid (screenshots, 8 images)",third_party_analyst_screenshot,UNKNOWN — owner to supply,UNKNOWN — owner to supply,"Underdog Fantasy ADP (best-ball), 2026",2026,WR,17,Tee Higgins,Tee Higgins,,Rank in Yards per Route Run,situational,binary_vs_avg,4.81,Yes,yellow,3,high,"programmatic cell-fill sampling, validated vs published colour counts"
WR_FACTOR_GRID_2026,"Analyst colour-coded WR factor grid (screenshots, 8 images)",third_party_analyst_screenshot,UNKNOWN — owner to supply,UNKNOWN — owner to supply,"Underdog Fantasy ADP (best-ball), 2026",2026,WR,17,Tee Higgins,Tee Higgins,,Highest % Achieved in Reception Perception,situational,binary_vs_avg,90th,Yes,yellow,3,high,"programmatic cell-fill sampling, validated vs published colour counts"
WR_FACTOR_GRID_2026,"Analyst colour-coded WR factor grid (screenshots, 8 images)",third_party_analyst_screenshot,UNKNOWN — owner to supply,UNKNOWN — owner to supply,"Underdog Fantasy ADP (best-ball), 2026",2026,WR,17,Tee Higgins,Tee Higgins,,Archetype,classification,archetype,N/A,Prime WR1,green,5,high,"programmatic cell-fill sampling, validated vs published colour counts"
WR_FACTOR_GRID_2026,"Analyst colour-coded WR factor grid (screenshots, 8 images)",third_party_analyst_screenshot,UNKNOWN — owner to supply,UNKNOWN — owner to supply,"Underdog Fantasy ADP (best-ball), 2026",2026,WR,17,Tee Higgins,Tee Higgins,,Injury/Suspension Concern?,classification,injury,N/A,Some Concern,orange,-1,high,"programmatic cell-fill sampling, validated vs published colour counts"
WR_FACTOR_GRID_2026,"Analyst colour-coded WR factor grid (screenshots, 8 images)",third_party_analyst_screenshot,UNKNOWN — owner to supply,UNKNOWN — owner to supply,"Underdog Fantasy ADP (best-ball), 2026",2026,WR,18,Ladd McConkey,Ladd McConkey,,Targets,volume,binary_vs_avg,10.7,?,orange,-1,high,"programmatic cell-fill sampling, validated vs published colour counts"
WR_FACTOR_GRID_2026,"Analyst colour-coded WR factor grid (screenshots, 8 images)",third_party_analyst_screenshot,UNKNOWN — owner to supply,UNKNOWN — owner to supply,"Underdog Fantasy ADP (best-ball), 2026",2026,WR,18,Ladd McConkey,Ladd McConkey,,Receptions,volume,binary_vs_avg,7.2,?,orange,-1,high,"programmatic cell-fill sampling, validated vs published colour counts"
WR_FACTOR_GRID_2026,"Analyst colour-coded WR factor grid (screenshots, 8 images)",third_party_analyst_screenshot,UNKNOWN — owner to supply,UNKNOWN — owner to supply,"Underdog Fantasy ADP (best-ball), 2026",2026,WR,18,Ladd McConkey,Ladd McConkey,,Touchdowns,volume,binary_vs_avg,0.8,Yes,yellow,3,high,"programmatic cell-fill sampling, validated vs published colour counts"
WR_FACTOR_GRID_2026,"Analyst colour-coded WR factor grid (screenshots, 8 images)",third_party_analyst_screenshot,UNKNOWN — owner to supply,UNKNOWN — owner to supply,"Underdog Fantasy ADP (best-ball), 2026",2026,WR,18,Ladd McConkey,Ladd McConkey,,Offensive Rank in PPG,situational,binary_vs_avg,8.94,Yes,green,5,high,"programmatic cell-fill sampling, validated vs published colour counts"
WR_FACTOR_GRID_2026,"Analyst colour-coded WR factor grid (screenshots, 8 images)",third_party_analyst_screenshot,UNKNOWN — owner to supply,UNKNOWN — owner to supply,"Underdog Fantasy ADP (best-ball), 2026",2026,WR,18,Ladd McConkey,Ladd McConkey,,Quarterbacks Rank in PFF Passing Grade,situational,binary_vs_avg,10.36,Yes,green,5,high,"programmatic cell-fill sampling, validated vs published colour counts"
WR_FACTOR_GRID_2026,"Analyst colour-coded WR factor grid (screenshots, 8 images)",third_party_analyst_screenshot,UNKNOWN — owner to supply,UNKNOWN — owner to supply,"Underdog Fantasy ADP (best-ball), 2026",2026,WR,18,Ladd McConkey,Ladd McConkey,,Team Pass Attempts,situational,binary_vs_avg,594.94,Yes,yellow,3,high,"programmatic cell-fill sampling, validated vs published colour counts"
WR_FACTOR_GRID_2026,"Analyst colour-coded WR factor grid (screenshots, 8 images)",third_party_analyst_screenshot,UNKNOWN — owner to supply,UNKNOWN — owner to supply,"Underdog Fantasy ADP (best-ball), 2026",2026,WR,18,Ladd McConkey,Ladd McConkey,,Highest Targeted Secondary Option,situational,more_less_same,103.31,Same,yellow,3,high,"programmatic cell-fill sampling, validated vs published colour counts"
WR_FACTOR_GRID_2026,"Analyst colour-coded WR factor grid (screenshots, 8 images)",third_party_analyst_screenshot,UNKNOWN — owner to supply,UNKNOWN — owner to supply,"Underdog Fantasy ADP (best-ball), 2026",2026,WR,18,Ladd McConkey,Ladd McConkey,,Offensive Line Rank in Pass Blocking,situational,binary_vs_avg,10.75,Yes,yellow,3,high,"programmatic cell-fill sampling, validated vs published colour counts"
WR_FACTOR_GRID_2026,"Analyst colour-coded WR factor grid (screenshots, 8 images)",third_party_analyst_screenshot,UNKNOWN — owner to supply,UNKNOWN — owner to supply,"Underdog Fantasy ADP (best-ball), 2026",2026,WR,18,Ladd McConkey,Ladd McConkey,,Rank in Yards per Route Run,situational,binary_vs_avg,4.81,Yes,yellow,3,high,"programmatic cell-fill sampling, validated vs published colour counts"
WR_FACTOR_GRID_2026,"Analyst colour-coded WR factor grid (screenshots, 8 images)",third_party_analyst_screenshot,UNKNOWN — owner to supply,UNKNOWN — owner to supply,"Underdog Fantasy ADP (best-ball), 2026",2026,WR,18,Ladd McConkey,Ladd McConkey,,Highest % Achieved in Reception Perception,situational,binary_vs_avg,90th,Yes,yellow,3,high,"programmatic cell-fill sampling, validated vs published colour counts"
WR_FACTOR_GRID_2026,"Analyst colour-coded WR factor grid (screenshots, 8 images)",third_party_analyst_screenshot,UNKNOWN — owner to supply,UNKNOWN — owner to supply,"Underdog Fantasy ADP (best-ball), 2026",2026,WR,18,Ladd McConkey,Ladd McConkey,,Archetype,classification,archetype,N/A,Breakout Candidate,orange,-1,high,"programmatic cell-fill sampling, validated vs published colour counts"
WR_FACTOR_GRID_2026,"Analyst colour-coded WR factor grid (screenshots, 8 images)",third_party_analyst_screenshot,UNKNOWN — owner to supply,UNKNOWN — owner to supply,"Underdog Fantasy ADP (best-ball), 2026",2026,WR,18,Ladd McConkey,Ladd McConkey,,Injury/Suspension Concern?,classification,injury,N/A,Minimal Concern,yellow,3,high,"programmatic cell-fill sampling, validated vs published colour counts"
WR_FACTOR_GRID_2026,"Analyst colour-coded WR factor grid (screenshots, 8 images)",third_party_analyst_screenshot,UNKNOWN — owner to supply,UNKNOWN — owner to supply,"Underdog Fantasy ADP (best-ball), 2026",2026,WR,19,Tetairoa McMillan,Tetairoa McMillan,,Targets,volume,binary_vs_avg,10.7,?,orange,-1,high,"programmatic cell-fill sampling, validated vs published colour counts"
WR_FACTOR_GRID_2026,"Analyst colour-coded WR factor grid (screenshots, 8 images)",third_party_analyst_screenshot,UNKNOWN — owner to supply,UNKNOWN — owner to supply,"Underdog Fantasy ADP (best-ball), 2026",2026,WR,19,Tetairoa McMillan,Tetairoa McMillan,,Receptions,volume,binary_vs_avg,7.2,?,orange,-1,high,"programmatic cell-fill sampling, validated vs published colour counts"
WR_FACTOR_GRID_2026,"Analyst colour-coded WR factor grid (screenshots, 8 images)",third_party_analyst_screenshot,UNKNOWN — owner to supply,UNKNOWN — owner to supply,"Underdog Fantasy ADP (best-ball), 2026",2026,WR,19,Tetairoa McMillan,Tetairoa McMillan,,Touchdowns,volume,binary_vs_avg,0.8,Yes,yellow,3,high,"programmatic cell-fill sampling, validated vs published colour counts"
WR_FACTOR_GRID_2026,"Analyst colour-coded WR factor grid (screenshots, 8 images)",third_party_analyst_screenshot,UNKNOWN — owner to supply,UNKNOWN — owner to supply,"Underdog Fantasy ADP (best-ball), 2026",2026,WR,19,Tetairoa McMillan,Tetairoa McMillan,,Offensive Rank in PPG,situational,binary_vs_avg,8.94,No,red,-3,high,"programmatic cell-fill sampling, validated vs published colour counts"
WR_FACTOR_GRID_2026,"Analyst colour-coded WR factor grid (screenshots, 8 images)",third_party_analyst_screenshot,UNKNOWN — owner to supply,UNKNOWN — owner to supply,"Underdog Fantasy ADP (best-ball), 2026",2026,WR,19,Tetairoa McMillan,Tetairoa McMillan,,Quarterbacks Rank in PFF Passing Grade,situational,binary_vs_avg,10.36,?,orange,-1,high,"programmatic cell-fill sampling, validated vs published colour counts"
WR_FACTOR_GRID_2026,"Analyst colour-coded WR factor grid (screenshots, 8 images)",third_party_analyst_screenshot,UNKNOWN — owner to supply,UNKNOWN — owner to supply,"Underdog Fantasy ADP (best-ball), 2026",2026,WR,19,Tetairoa McMillan,Tetairoa McMillan,,Team Pass Attempts,situational,binary_vs_avg,594.94,No,red,-3,high,"programmatic cell-fill sampling, validated vs published colour counts"
WR_FACTOR_GRID_2026,"Analyst colour-coded WR factor grid (screenshots, 8 images)",third_party_analyst_screenshot,UNKNOWN — owner to supply,UNKNOWN — owner to supply,"Underdog Fantasy ADP (best-ball), 2026",2026,WR,19,Tetairoa McMillan,Tetairoa McMillan,,Highest Targeted Secondary Option,situational,more_less_same,103.31,Same,yellow,3,high,"programmatic cell-fill sampling, validated vs published colour counts"
WR_FACTOR_GRID_2026,"Analyst colour-coded WR factor grid (screenshots, 8 images)",third_party_analyst_screenshot,UNKNOWN — owner to supply,UNKNOWN — owner to supply,"Underdog Fantasy ADP (best-ball), 2026",2026,WR,19,Tetairoa McMillan,Tetairoa McMillan,,Offensive Line Rank in Pass Blocking,situational,binary_vs_avg,10.75,Yes,yellow,3,high,"programmatic cell-fill sampling, validated vs published colour counts"
WR_FACTOR_GRID_2026,"Analyst colour-coded WR factor grid (screenshots, 8 images)",third_party_analyst_screenshot,UNKNOWN — owner to supply,UNKNOWN — owner to supply,"Underdog Fantasy ADP (best-ball), 2026",2026,WR,19,Tetairoa McMillan,Tetairoa McMillan,,Rank in Yards per Route Run,situational,binary_vs_avg,4.81,?,orange,-1,high,"programmatic cell-fill sampling, validated vs published colour counts"
WR_FACTOR_GRID_2026,"Analyst colour-coded WR factor grid (screenshots, 8 images)",third_party_analyst_screenshot,UNKNOWN — owner to supply,UNKNOWN — owner to supply,"Underdog Fantasy ADP (best-ball), 2026",2026,WR,19,Tetairoa McMillan,Tetairoa McMillan,,Highest % Achieved in Reception Perception,situational,binary_vs_avg,90th,Yes,yellow,3,high,"programmatic cell-fill sampling, validated vs published colour counts"
WR_FACTOR_GRID_2026,"Analyst colour-coded WR factor grid (screenshots, 8 images)",third_party_analyst_screenshot,UNKNOWN — owner to supply,UNKNOWN — owner to supply,"Underdog Fantasy ADP (best-ball), 2026",2026,WR,19,Tetairoa McMillan,Tetairoa McMillan,,Archetype,classification,archetype,N/A,Breakout Candidate,orange,-1,high,"programmatic cell-fill sampling, validated vs published colour counts"
WR_FACTOR_GRID_2026,"Analyst colour-coded WR factor grid (screenshots, 8 images)",third_party_analyst_screenshot,UNKNOWN — owner to supply,UNKNOWN — owner to supply,"Underdog Fantasy ADP (best-ball), 2026",2026,WR,19,Tetairoa McMillan,Tetairoa McMillan,,Injury/Suspension Concern?,classification,injury,N/A,Minimal Concern,yellow,3,high,"programmatic cell-fill sampling, validated vs published colour counts"
WR_FACTOR_GRID_2026,"Analyst colour-coded WR factor grid (screenshots, 8 images)",third_party_analyst_screenshot,UNKNOWN — owner to supply,UNKNOWN — owner to supply,"Underdog Fantasy ADP (best-ball), 2026",2026,WR,20,Garrett Wilson,Garrett Wilson,,Targets,volume,binary_vs_avg,10.7,Yes,yellow,3,high,"programmatic cell-fill sampling, validated vs published colour counts"
WR_FACTOR_GRID_2026,"Analyst colour-coded WR factor grid (screenshots, 8 images)",third_party_analyst_screenshot,UNKNOWN — owner to supply,UNKNOWN — owner to supply,"Underdog Fantasy ADP (best-ball), 2026",2026,WR,20,Garrett Wilson,Garrett Wilson,,Receptions,volume,binary_vs_avg,7.2,Yes,yellow,3,high,"programmatic cell-fill sampling, validated vs published colour counts"
WR_FACTOR_GRID_2026,"Analyst colour-coded WR factor grid (screenshots, 8 images)",third_party_analyst_screenshot,UNKNOWN — owner to supply,UNKNOWN — owner to supply,"Underdog Fantasy ADP (best-ball), 2026",2026,WR,20,Garrett Wilson,Garrett Wilson,,Touchdowns,volume,binary_vs_avg,0.8,No,red,-3,high,"programmatic cell-fill sampling, validated vs published colour counts"
WR_FACTOR_GRID_2026,"Analyst colour-coded WR factor grid (screenshots, 8 images)",third_party_analyst_screenshot,UNKNOWN — owner to supply,UNKNOWN — owner to supply,"Underdog Fantasy ADP (best-ball), 2026",2026,WR,20,Garrett Wilson,Garrett Wilson,,Offensive Rank in PPG,situational,binary_vs_avg,8.94,No,red,-3,high,"programmatic cell-fill sampling, validated vs published colour counts"
WR_FACTOR_GRID_2026,"Analyst colour-coded WR factor grid (screenshots, 8 images)",third_party_analyst_screenshot,UNKNOWN — owner to supply,UNKNOWN — owner to supply,"Underdog Fantasy ADP (best-ball), 2026",2026,WR,20,Garrett Wilson,Garrett Wilson,,Quarterbacks Rank in PFF Passing Grade,situational,binary_vs_avg,10.36,?,orange,-1,high,"programmatic cell-fill sampling, validated vs published colour counts"
WR_FACTOR_GRID_2026,"Analyst colour-coded WR factor grid (screenshots, 8 images)",third_party_analyst_screenshot,UNKNOWN — owner to supply,UNKNOWN — owner to supply,"Underdog Fantasy ADP (best-ball), 2026",2026,WR,20,Garrett Wilson,Garrett Wilson,,Team Pass Attempts,situational,binary_vs_avg,594.94,?,orange,-1,high,"programmatic cell-fill sampling, validated vs published colour counts"
WR_FACTOR_GRID_2026,"Analyst colour-coded WR factor grid (screenshots, 8 images)",third_party_analyst_screenshot,UNKNOWN — owner to supply,UNKNOWN — owner to supply,"Underdog Fantasy ADP (best-ball), 2026",2026,WR,20,Garrett Wilson,Garrett Wilson,,Highest Targeted Secondary Option,situational,more_less_same,103.31,Same,yellow,3,high,"programmatic cell-fill sampling, validated vs published colour counts"
WR_FACTOR_GRID_2026,"Analyst colour-coded WR factor grid (screenshots, 8 images)",third_party_analyst_screenshot,UNKNOWN — owner to supply,UNKNOWN — owner to supply,"Underdog Fantasy ADP (best-ball), 2026",2026,WR,20,Garrett Wilson,Garrett Wilson,,Offensive Line Rank in Pass Blocking,situational,binary_vs_avg,10.75,Yes,yellow,3,high,"programmatic cell-fill sampling, validated vs published colour counts"
WR_FACTOR_GRID_2026,"Analyst colour-coded WR factor grid (screenshots, 8 images)",third_party_analyst_screenshot,UNKNOWN — owner to supply,UNKNOWN — owner to supply,"Underdog Fantasy ADP (best-ball), 2026",2026,WR,20,Garrett Wilson,Garrett Wilson,,Rank in Yards per Route Run,situational,binary_vs_avg,4.81,Yes,yellow,3,high,"programmatic cell-fill sampling, validated vs published colour counts"
WR_FACTOR_GRID_2026,"Analyst colour-coded WR factor grid (screenshots, 8 images)",third_party_analyst_screenshot,UNKNOWN — owner to supply,UNKNOWN — owner to supply,"Underdog Fantasy ADP (best-ball), 2026",2026,WR,20,Garrett Wilson,Garrett Wilson,,Highest % Achieved in Reception Perception,situational,binary_vs_avg,90th,Yes,green,5,high,"programmatic cell-fill sampling, validated vs published colour counts"
WR_FACTOR_GRID_2026,"Analyst colour-coded WR factor grid (screenshots, 8 images)",third_party_analyst_screenshot,UNKNOWN — owner to supply,UNKNOWN — owner to supply,"Underdog Fantasy ADP (best-ball), 2026",2026,WR,20,Garrett Wilson,Garrett Wilson,,Archetype,classification,archetype,N/A,Prime WR1,green,5,high,"programmatic cell-fill sampling, validated vs published colour counts"
WR_FACTOR_GRID_2026,"Analyst colour-coded WR factor grid (screenshots, 8 images)",third_party_analyst_screenshot,UNKNOWN — owner to supply,UNKNOWN — owner to supply,"Underdog Fantasy ADP (best-ball), 2026",2026,WR,20,Garrett Wilson,Garrett Wilson,,Injury/Suspension Concern?,classification,injury,N/A,Minimal Concern,yellow,3,high,"programmatic cell-fill sampling, validated vs published colour counts"
WR_FACTOR_GRID_2026,"Analyst colour-coded WR factor grid (screenshots, 8 images)",third_party_analyst_screenshot,UNKNOWN — owner to supply,UNKNOWN — owner to supply,"Underdog Fantasy ADP (best-ball), 2026",2026,WR,21,Jaylen Waddle,Jaylen Waddle,,Targets,volume,binary_vs_avg,10.7,Yes,yellow,3,high,"programmatic cell-fill sampling, validated vs published colour counts"
WR_FACTOR_GRID_2026,"Analyst colour-coded WR factor grid (screenshots, 8 images)",third_party_analyst_screenshot,UNKNOWN — owner to supply,UNKNOWN — owner to supply,"Underdog Fantasy ADP (best-ball), 2026",2026,WR,21,Jaylen Waddle,Jaylen Waddle,,Receptions,volume,binary_vs_avg,7.2,Yes,yellow,3,high,"programmatic cell-fill sampling, validated vs published colour counts"
WR_FACTOR_GRID_2026,"Analyst colour-coded WR factor grid (screenshots, 8 images)",third_party_analyst_screenshot,UNKNOWN — owner to supply,UNKNOWN — owner to supply,"Underdog Fantasy ADP (best-ball), 2026",2026,WR,21,Jaylen Waddle,Jaylen Waddle,,Touchdowns,volume,binary_vs_avg,0.8,Yes,yellow,3,high,"programmatic cell-fill sampling, validated vs published colour counts"
WR_FACTOR_GRID_2026,"Analyst colour-coded WR factor grid (screenshots, 8 images)",third_party_analyst_screenshot,UNKNOWN — owner to supply,UNKNOWN — owner to supply,"Underdog Fantasy ADP (best-ball), 2026",2026,WR,21,Jaylen Waddle,Jaylen Waddle,,Offensive Rank in PPG,situational,binary_vs_avg,8.94,Yes,green,5,high,"programmatic cell-fill sampling, validated vs published colour counts"
WR_FACTOR_GRID_2026,"Analyst colour-coded WR factor grid (screenshots, 8 images)",third_party_analyst_screenshot,UNKNOWN — owner to supply,UNKNOWN — owner to supply,"Underdog Fantasy ADP (best-ball), 2026",2026,WR,21,Jaylen Waddle,Jaylen Waddle,,Quarterbacks Rank in PFF Passing Grade,situational,binary_vs_avg,10.36,Yes,yellow,3,high,"programmatic cell-fill sampling, validated vs published colour counts"
WR_FACTOR_GRID_2026,"Analyst colour-coded WR factor grid (screenshots, 8 images)",third_party_analyst_screenshot,UNKNOWN — owner to supply,UNKNOWN — owner to supply,"Underdog Fantasy ADP (best-ball), 2026",2026,WR,21,Jaylen Waddle,Jaylen Waddle,,Team Pass Attempts,situational,binary_vs_avg,594.94,Yes,green,5,high,"programmatic cell-fill sampling, validated vs published colour counts"
WR_FACTOR_GRID_2026,"Analyst colour-coded WR factor grid (screenshots, 8 images)",third_party_analyst_screenshot,UNKNOWN — owner to supply,UNKNOWN — owner to supply,"Underdog Fantasy ADP (best-ball), 2026",2026,WR,21,Jaylen Waddle,Jaylen Waddle,,Highest Targeted Secondary Option,situational,more_less_same,103.31,Same,yellow,3,high,"programmatic cell-fill sampling, validated vs published colour counts"
WR_FACTOR_GRID_2026,"Analyst colour-coded WR factor grid (screenshots, 8 images)",third_party_analyst_screenshot,UNKNOWN — owner to supply,UNKNOWN — owner to supply,"Underdog Fantasy ADP (best-ball), 2026",2026,WR,21,Jaylen Waddle,Jaylen Waddle,,Offensive Line Rank in Pass Blocking,situational,binary_vs_avg,10.75,Yes,green,5,high,"programmatic cell-fill sampling, validated vs published colour counts"
WR_FACTOR_GRID_2026,"Analyst colour-coded WR factor grid (screenshots, 8 images)",third_party_analyst_screenshot,UNKNOWN — owner to supply,UNKNOWN — owner to supply,"Underdog Fantasy ADP (best-ball), 2026",2026,WR,21,Jaylen Waddle,Jaylen Waddle,,Rank in Yards per Route Run,situational,binary_vs_avg,4.81,Yes,yellow,3,high,"programmatic cell-fill sampling, validated vs published colour counts"
WR_FACTOR_GRID_2026,"Analyst colour-coded WR factor grid (screenshots, 8 images)",third_party_analyst_screenshot,UNKNOWN — owner to supply,UNKNOWN — owner to supply,"Underdog Fantasy ADP (best-ball), 2026",2026,WR,21,Jaylen Waddle,Jaylen Waddle,,Highest % Achieved in Reception Perception,situational,binary_vs_avg,90th,?,orange,-1,high,"programmatic cell-fill sampling, validated vs published colour counts"
WR_FACTOR_GRID_2026,"Analyst colour-coded WR factor grid (screenshots, 8 images)",third_party_analyst_screenshot,UNKNOWN — owner to supply,UNKNOWN — owner to supply,"Underdog Fantasy ADP (best-ball), 2026",2026,WR,21,Jaylen Waddle,Jaylen Waddle,,Archetype,classification,archetype,N/A,Prime WR1,green,5,high,"programmatic cell-fill sampling, validated vs published colour counts"
WR_FACTOR_GRID_2026,"Analyst colour-coded WR factor grid (screenshots, 8 images)",third_party_analyst_screenshot,UNKNOWN — owner to supply,UNKNOWN — owner to supply,"Underdog Fantasy ADP (best-ball), 2026",2026,WR,21,Jaylen Waddle,Jaylen Waddle,,Injury/Suspension Concern?,classification,injury,N/A,Some Concern,orange,-1,high,"programmatic cell-fill sampling, validated vs published colour counts"
WR_FACTOR_GRID_2026,"Analyst colour-coded WR factor grid (screenshots, 8 images)",third_party_analyst_screenshot,UNKNOWN — owner to supply,UNKNOWN — owner to supply,"Underdog Fantasy ADP (best-ball), 2026",2026,WR,22,Terry McLaurin,Terry McLaurin,,Targets,volume,binary_vs_avg,10.7,Yes,yellow,3,high,"programmatic cell-fill sampling, validated vs published colour counts"
WR_FACTOR_GRID_2026,"Analyst colour-coded WR factor grid (screenshots, 8 images)",third_party_analyst_screenshot,UNKNOWN — owner to supply,UNKNOWN — owner to supply,"Underdog Fantasy ADP (best-ball), 2026",2026,WR,22,Terry McLaurin,Terry McLaurin,,Receptions,volume,binary_vs_avg,7.2,Yes,yellow,3,high,"programmatic cell-fill sampling, validated vs published colour counts"
WR_FACTOR_GRID_2026,"Analyst colour-coded WR factor grid (screenshots, 8 images)",third_party_analyst_screenshot,UNKNOWN — owner to supply,UNKNOWN — owner to supply,"Underdog Fantasy ADP (best-ball), 2026",2026,WR,22,Terry McLaurin,Terry McLaurin,,Touchdowns,volume,binary_vs_avg,0.8,Yes,yellow,3,high,"programmatic cell-fill sampling, validated vs published colour counts"
WR_FACTOR_GRID_2026,"Analyst colour-coded WR factor grid (screenshots, 8 images)",third_party_analyst_screenshot,UNKNOWN — owner to supply,UNKNOWN — owner to supply,"Underdog Fantasy ADP (best-ball), 2026",2026,WR,22,Terry McLaurin,Terry McLaurin,,Offensive Rank in PPG,situational,binary_vs_avg,8.94,?,orange,-1,high,"programmatic cell-fill sampling, validated vs published colour counts"
WR_FACTOR_GRID_2026,"Analyst colour-coded WR factor grid (screenshots, 8 images)",third_party_analyst_screenshot,UNKNOWN — owner to supply,UNKNOWN — owner to supply,"Underdog Fantasy ADP (best-ball), 2026",2026,WR,22,Terry McLaurin,Terry McLaurin,,Quarterbacks Rank in PFF Passing Grade,situational,binary_vs_avg,10.36,Yes,yellow,3,high,"programmatic cell-fill sampling, validated vs published colour counts"
WR_FACTOR_GRID_2026,"Analyst colour-coded WR factor grid (screenshots, 8 images)",third_party_analyst_screenshot,UNKNOWN — owner to supply,UNKNOWN — owner to supply,"Underdog Fantasy ADP (best-ball), 2026",2026,WR,22,Terry McLaurin,Terry McLaurin,,Team Pass Attempts,situational,binary_vs_avg,594.94,?,orange,-1,high,"programmatic cell-fill sampling, validated vs published colour counts"
WR_FACTOR_GRID_2026,"Analyst colour-coded WR factor grid (screenshots, 8 images)",third_party_analyst_screenshot,UNKNOWN — owner to supply,UNKNOWN — owner to supply,"Underdog Fantasy ADP (best-ball), 2026",2026,WR,22,Terry McLaurin,Terry McLaurin,,Highest Targeted Secondary Option,situational,more_less_same,103.31,Less,green,5,high,"programmatic cell-fill sampling, validated vs published colour counts"
WR_FACTOR_GRID_2026,"Analyst colour-coded WR factor grid (screenshots, 8 images)",third_party_analyst_screenshot,UNKNOWN — owner to supply,UNKNOWN — owner to supply,"Underdog Fantasy ADP (best-ball), 2026",2026,WR,22,Terry McLaurin,Terry McLaurin,,Offensive Line Rank in Pass Blocking,situational,binary_vs_avg,10.75,No,red,-3,high,"programmatic cell-fill sampling, validated vs published colour counts"
WR_FACTOR_GRID_2026,"Analyst colour-coded WR factor grid (screenshots, 8 images)",third_party_analyst_screenshot,UNKNOWN — owner to supply,UNKNOWN — owner to supply,"Underdog Fantasy ADP (best-ball), 2026",2026,WR,22,Terry McLaurin,Terry McLaurin,,Rank in Yards per Route Run,situational,binary_vs_avg,4.81,?,orange,-1,high,"programmatic cell-fill sampling, validated vs published colour counts"
WR_FACTOR_GRID_2026,"Analyst colour-coded WR factor grid (screenshots, 8 images)",third_party_analyst_screenshot,UNKNOWN — owner to supply,UNKNOWN — owner to supply,"Underdog Fantasy ADP (best-ball), 2026",2026,WR,22,Terry McLaurin,Terry McLaurin,,Highest % Achieved in Reception Perception,situational,binary_vs_avg,90th,Yes,yellow,3,high,"programmatic cell-fill sampling, validated vs published colour counts"
WR_FACTOR_GRID_2026,"Analyst colour-coded WR factor grid (screenshots, 8 images)",third_party_analyst_screenshot,UNKNOWN — owner to supply,UNKNOWN — owner to supply,"Underdog Fantasy ADP (best-ball), 2026",2026,WR,22,Terry McLaurin,Terry McLaurin,,Archetype,classification,archetype,N/A,Trusty Veteran,red,-3,high,"programmatic cell-fill sampling, validated vs published colour counts"
WR_FACTOR_GRID_2026,"Analyst colour-coded WR factor grid (screenshots, 8 images)",third_party_analyst_screenshot,UNKNOWN — owner to supply,UNKNOWN — owner to supply,"Underdog Fantasy ADP (best-ball), 2026",2026,WR,22,Terry McLaurin,Terry McLaurin,,Injury/Suspension Concern?,classification,injury,N/A,Some Concern,orange,-1,high,"programmatic cell-fill sampling, validated vs published colour counts"
WR_FACTOR_GRID_2026,"Analyst colour-coded WR factor grid (screenshots, 8 images)",third_party_analyst_screenshot,UNKNOWN — owner to supply,UNKNOWN — owner to supply,"Underdog Fantasy ADP (best-ball), 2026",2026,WR,23,Luther Burden,Luther Burden III,,Targets,volume,binary_vs_avg,10.7,?,orange,-1,high,"programmatic cell-fill sampling, validated vs published colour counts"
WR_FACTOR_GRID_2026,"Analyst colour-coded WR factor grid (screenshots, 8 images)",third_party_analyst_screenshot,UNKNOWN — owner to supply,UNKNOWN — owner to supply,"Underdog Fantasy ADP (best-ball), 2026",2026,WR,23,Luther Burden,Luther Burden III,,Receptions,volume,binary_vs_avg,7.2,?,orange,-1,high,"programmatic cell-fill sampling, validated vs published colour counts"
WR_FACTOR_GRID_2026,"Analyst colour-coded WR factor grid (screenshots, 8 images)",third_party_analyst_screenshot,UNKNOWN — owner to supply,UNKNOWN — owner to supply,"Underdog Fantasy ADP (best-ball), 2026",2026,WR,23,Luther Burden,Luther Burden III,,Touchdowns,volume,binary_vs_avg,0.8,?,orange,-1,high,"programmatic cell-fill sampling, validated vs published colour counts"
WR_FACTOR_GRID_2026,"Analyst colour-coded WR factor grid (screenshots, 8 images)",third_party_analyst_screenshot,UNKNOWN — owner to supply,UNKNOWN — owner to supply,"Underdog Fantasy ADP (best-ball), 2026",2026,WR,23,Luther Burden,Luther Burden III,,Offensive Rank in PPG,situational,binary_vs_avg,8.94,Yes,yellow,3,high,"programmatic cell-fill sampling, validated vs published colour counts"
WR_FACTOR_GRID_2026,"Analyst colour-coded WR factor grid (screenshots, 8 images)",third_party_analyst_screenshot,UNKNOWN — owner to supply,UNKNOWN — owner to supply,"Underdog Fantasy ADP (best-ball), 2026",2026,WR,23,Luther Burden,Luther Burden III,,Quarterbacks Rank in PFF Passing Grade,situational,binary_vs_avg,10.36,Yes,yellow,3,high,"programmatic cell-fill sampling, validated vs published colour counts"
WR_FACTOR_GRID_2026,"Analyst colour-coded WR factor grid (screenshots, 8 images)",third_party_analyst_screenshot,UNKNOWN — owner to supply,UNKNOWN — owner to supply,"Underdog Fantasy ADP (best-ball), 2026",2026,WR,23,Luther Burden,Luther Burden III,,Team Pass Attempts,situational,binary_vs_avg,594.94,Yes,yellow,3,high,"programmatic cell-fill sampling, validated vs published colour counts"
WR_FACTOR_GRID_2026,"Analyst colour-coded WR factor grid (screenshots, 8 images)",third_party_analyst_screenshot,UNKNOWN — owner to supply,UNKNOWN — owner to supply,"Underdog Fantasy ADP (best-ball), 2026",2026,WR,23,Luther Burden,Luther Burden III,,Highest Targeted Secondary Option,situational,more_less_same,103.31,More,red,-3,high,"programmatic cell-fill sampling, validated vs published colour counts"
WR_FACTOR_GRID_2026,"Analyst colour-coded WR factor grid (screenshots, 8 images)",third_party_analyst_screenshot,UNKNOWN — owner to supply,UNKNOWN — owner to supply,"Underdog Fantasy ADP (best-ball), 2026",2026,WR,23,Luther Burden,Luther Burden III,,Offensive Line Rank in Pass Blocking,situational,binary_vs_avg,10.75,Yes,green,5,high,"programmatic cell-fill sampling, validated vs published colour counts"
WR_FACTOR_GRID_2026,"Analyst colour-coded WR factor grid (screenshots, 8 images)",third_party_analyst_screenshot,UNKNOWN — owner to supply,UNKNOWN — owner to supply,"Underdog Fantasy ADP (best-ball), 2026",2026,WR,23,Luther Burden,Luther Burden III,,Rank in Yards per Route Run,situational,binary_vs_avg,4.81,Yes,yellow,3,high,"programmatic cell-fill sampling, validated vs published colour counts"
WR_FACTOR_GRID_2026,"Analyst colour-coded WR factor grid (screenshots, 8 images)",third_party_analyst_screenshot,UNKNOWN — owner to supply,UNKNOWN — owner to supply,"Underdog Fantasy ADP (best-ball), 2026",2026,WR,23,Luther Burden,Luther Burden III,,Highest % Achieved in Reception Perception,situational,binary_vs_avg,90th,?,orange,-1,high,"programmatic cell-fill sampling, validated vs published colour counts"
WR_FACTOR_GRID_2026,"Analyst colour-coded WR factor grid (screenshots, 8 images)",third_party_analyst_screenshot,UNKNOWN — owner to supply,UNKNOWN — owner to supply,"Underdog Fantasy ADP (best-ball), 2026",2026,WR,23,Luther Burden,Luther Burden III,,Archetype,classification,archetype,N/A,Breakout Candidate,orange,-1,high,"programmatic cell-fill sampling, validated vs published colour counts"
WR_FACTOR_GRID_2026,"Analyst colour-coded WR factor grid (screenshots, 8 images)",third_party_analyst_screenshot,UNKNOWN — owner to supply,UNKNOWN — owner to supply,"Underdog Fantasy ADP (best-ball), 2026",2026,WR,23,Luther Burden,Luther Burden III,,Injury/Suspension Concern?,classification,injury,N/A,Minimal Concern,yellow,3,high,"programmatic cell-fill sampling, validated vs published colour counts"
WR_FACTOR_GRID_2026,"Analyst colour-coded WR factor grid (screenshots, 8 images)",third_party_analyst_screenshot,UNKNOWN — owner to supply,UNKNOWN — owner to supply,"Underdog Fantasy ADP (best-ball), 2026",2026,WR,24,Mike Evans,Mike Evans,,Targets,volume,binary_vs_avg,10.7,?,orange,-1,high,"programmatic cell-fill sampling, validated vs published colour counts"
WR_FACTOR_GRID_2026,"Analyst colour-coded WR factor grid (screenshots, 8 images)",third_party_analyst_screenshot,UNKNOWN — owner to supply,UNKNOWN — owner to supply,"Underdog Fantasy ADP (best-ball), 2026",2026,WR,24,Mike Evans,Mike Evans,,Receptions,volume,binary_vs_avg,7.2,?,orange,-1,high,"programmatic cell-fill sampling, validated vs published colour counts"
WR_FACTOR_GRID_2026,"Analyst colour-coded WR factor grid (screenshots, 8 images)",third_party_analyst_screenshot,UNKNOWN — owner to supply,UNKNOWN — owner to supply,"Underdog Fantasy ADP (best-ball), 2026",2026,WR,24,Mike Evans,Mike Evans,,Touchdowns,volume,binary_vs_avg,0.8,Yes,green,5,high,"programmatic cell-fill sampling, validated vs published colour counts"
WR_FACTOR_GRID_2026,"Analyst colour-coded WR factor grid (screenshots, 8 images)",third_party_analyst_screenshot,UNKNOWN — owner to supply,UNKNOWN — owner to supply,"Underdog Fantasy ADP (best-ball), 2026",2026,WR,24,Mike Evans,Mike Evans,,Offensive Rank in PPG,situational,binary_vs_avg,8.94,Yes,yellow,3,high,"programmatic cell-fill sampling, validated vs published colour counts"
WR_FACTOR_GRID_2026,"Analyst colour-coded WR factor grid (screenshots, 8 images)",third_party_analyst_screenshot,UNKNOWN — owner to supply,UNKNOWN — owner to supply,"Underdog Fantasy ADP (best-ball), 2026",2026,WR,24,Mike Evans,Mike Evans,,Quarterbacks Rank in PFF Passing Grade,situational,binary_vs_avg,10.36,Yes,green,5,high,"programmatic cell-fill sampling, validated vs published colour counts"
WR_FACTOR_GRID_2026,"Analyst colour-coded WR factor grid (screenshots, 8 images)",third_party_analyst_screenshot,UNKNOWN — owner to supply,UNKNOWN — owner to supply,"Underdog Fantasy ADP (best-ball), 2026",2026,WR,24,Mike Evans,Mike Evans,,Team Pass Attempts,situational,binary_vs_avg,594.94,?,orange,-1,high,"programmatic cell-fill sampling, validated vs published colour counts"
WR_FACTOR_GRID_2026,"Analyst colour-coded WR factor grid (screenshots, 8 images)",third_party_analyst_screenshot,UNKNOWN — owner to supply,UNKNOWN — owner to supply,"Underdog Fantasy ADP (best-ball), 2026",2026,WR,24,Mike Evans,Mike Evans,,Highest Targeted Secondary Option,situational,more_less_same,103.31,Same,yellow,3,high,"programmatic cell-fill sampling, validated vs published colour counts"
WR_FACTOR_GRID_2026,"Analyst colour-coded WR factor grid (screenshots, 8 images)",third_party_analyst_screenshot,UNKNOWN — owner to supply,UNKNOWN — owner to supply,"Underdog Fantasy ADP (best-ball), 2026",2026,WR,24,Mike Evans,Mike Evans,,Offensive Line Rank in Pass Blocking,situational,binary_vs_avg,10.75,Yes,yellow,3,high,"programmatic cell-fill sampling, validated vs published colour counts"
WR_FACTOR_GRID_2026,"Analyst colour-coded WR factor grid (screenshots, 8 images)",third_party_analyst_screenshot,UNKNOWN — owner to supply,UNKNOWN — owner to supply,"Underdog Fantasy ADP (best-ball), 2026",2026,WR,24,Mike Evans,Mike Evans,,Rank in Yards per Route Run,situational,binary_vs_avg,4.81,?,orange,-1,high,"programmatic cell-fill sampling, validated vs published colour counts"
WR_FACTOR_GRID_2026,"Analyst colour-coded WR factor grid (screenshots, 8 images)",third_party_analyst_screenshot,UNKNOWN — owner to supply,UNKNOWN — owner to supply,"Underdog Fantasy ADP (best-ball), 2026",2026,WR,24,Mike Evans,Mike Evans,,Highest % Achieved in Reception Perception,situational,binary_vs_avg,90th,?,orange,-1,high,"programmatic cell-fill sampling, validated vs published colour counts"
WR_FACTOR_GRID_2026,"Analyst colour-coded WR factor grid (screenshots, 8 images)",third_party_analyst_screenshot,UNKNOWN — owner to supply,UNKNOWN — owner to supply,"Underdog Fantasy ADP (best-ball), 2026",2026,WR,24,Mike Evans,Mike Evans,,Archetype,classification,archetype,N/A,Trusty Veteran,red,-3,high,"programmatic cell-fill sampling, validated vs published colour counts"
WR_FACTOR_GRID_2026,"Analyst colour-coded WR factor grid (screenshots, 8 images)",third_party_analyst_screenshot,UNKNOWN — owner to supply,UNKNOWN — owner to supply,"Underdog Fantasy ADP (best-ball), 2026",2026,WR,24,Mike Evans,Mike Evans,,Injury/Suspension Concern?,classification,injury,N/A,Concerned,red,-3,high,"programmatic cell-fill sampling, validated vs published colour counts"
WR_FACTOR_GRID_2026,"Analyst colour-coded WR factor grid (screenshots, 8 images)",third_party_analyst_screenshot,UNKNOWN — owner to supply,UNKNOWN — owner to supply,"Underdog Fantasy ADP (best-ball), 2026",2026,WR,25,Davante Adams,Davante Adams,,Targets,volume,binary_vs_avg,10.7,?,orange,-1,high,"programmatic cell-fill sampling, validated vs published colour counts"
WR_FACTOR_GRID_2026,"Analyst colour-coded WR factor grid (screenshots, 8 images)",third_party_analyst_screenshot,UNKNOWN — owner to supply,UNKNOWN — owner to supply,"Underdog Fantasy ADP (best-ball), 2026",2026,WR,25,Davante Adams,Davante Adams,,Receptions,volume,binary_vs_avg,7.2,?,orange,-1,high,"programmatic cell-fill sampling, validated vs published colour counts"
WR_FACTOR_GRID_2026,"Analyst colour-coded WR factor grid (screenshots, 8 images)",third_party_analyst_screenshot,UNKNOWN — owner to supply,UNKNOWN — owner to supply,"Underdog Fantasy ADP (best-ball), 2026",2026,WR,25,Davante Adams,Davante Adams,,Touchdowns,volume,binary_vs_avg,0.8,Yes,green,5,high,"programmatic cell-fill sampling, validated vs published colour counts"
WR_FACTOR_GRID_2026,"Analyst colour-coded WR factor grid (screenshots, 8 images)",third_party_analyst_screenshot,UNKNOWN — owner to supply,UNKNOWN — owner to supply,"Underdog Fantasy ADP (best-ball), 2026",2026,WR,25,Davante Adams,Davante Adams,,Offensive Rank in PPG,situational,binary_vs_avg,8.94,Yes,green,5,high,"programmatic cell-fill sampling, validated vs published colour counts"
WR_FACTOR_GRID_2026,"Analyst colour-coded WR factor grid (screenshots, 8 images)",third_party_analyst_screenshot,UNKNOWN — owner to supply,UNKNOWN — owner to supply,"Underdog Fantasy ADP (best-ball), 2026",2026,WR,25,Davante Adams,Davante Adams,,Quarterbacks Rank in PFF Passing Grade,situational,binary_vs_avg,10.36,Yes,green,5,high,"programmatic cell-fill sampling, validated vs published colour counts"
WR_FACTOR_GRID_2026,"Analyst colour-coded WR factor grid (screenshots, 8 images)",third_party_analyst_screenshot,UNKNOWN — owner to supply,UNKNOWN — owner to supply,"Underdog Fantasy ADP (best-ball), 2026",2026,WR,25,Davante Adams,Davante Adams,,Team Pass Attempts,situational,binary_vs_avg,594.94,Yes,green,5,high,"programmatic cell-fill sampling, validated vs published colour counts"
WR_FACTOR_GRID_2026,"Analyst colour-coded WR factor grid (screenshots, 8 images)",third_party_analyst_screenshot,UNKNOWN — owner to supply,UNKNOWN — owner to supply,"Underdog Fantasy ADP (best-ball), 2026",2026,WR,25,Davante Adams,Davante Adams,,Highest Targeted Secondary Option,situational,more_less_same,103.31,More,red,-3,high,"programmatic cell-fill sampling, validated vs published colour counts"
WR_FACTOR_GRID_2026,"Analyst colour-coded WR factor grid (screenshots, 8 images)",third_party_analyst_screenshot,UNKNOWN — owner to supply,UNKNOWN — owner to supply,"Underdog Fantasy ADP (best-ball), 2026",2026,WR,25,Davante Adams,Davante Adams,,Offensive Line Rank in Pass Blocking,situational,binary_vs_avg,10.75,Yes,yellow,3,high,"programmatic cell-fill sampling, validated vs published colour counts"
WR_FACTOR_GRID_2026,"Analyst colour-coded WR factor grid (screenshots, 8 images)",third_party_analyst_screenshot,UNKNOWN — owner to supply,UNKNOWN — owner to supply,"Underdog Fantasy ADP (best-ball), 2026",2026,WR,25,Davante Adams,Davante Adams,,Rank in Yards per Route Run,situational,binary_vs_avg,4.81,?,orange,-1,high,"programmatic cell-fill sampling, validated vs published colour counts"
WR_FACTOR_GRID_2026,"Analyst colour-coded WR factor grid (screenshots, 8 images)",third_party_analyst_screenshot,UNKNOWN — owner to supply,UNKNOWN — owner to supply,"Underdog Fantasy ADP (best-ball), 2026",2026,WR,25,Davante Adams,Davante Adams,,Highest % Achieved in Reception Perception,situational,binary_vs_avg,90th,?,orange,-1,high,"programmatic cell-fill sampling, validated vs published colour counts"
WR_FACTOR_GRID_2026,"Analyst colour-coded WR factor grid (screenshots, 8 images)",third_party_analyst_screenshot,UNKNOWN — owner to supply,UNKNOWN — owner to supply,"Underdog Fantasy ADP (best-ball), 2026",2026,WR,25,Davante Adams,Davante Adams,,Archetype,classification,archetype,N/A,Trusty Veteran,red,-3,high,"programmatic cell-fill sampling, validated vs published colour counts"
WR_FACTOR_GRID_2026,"Analyst colour-coded WR factor grid (screenshots, 8 images)",third_party_analyst_screenshot,UNKNOWN — owner to supply,UNKNOWN — owner to supply,"Underdog Fantasy ADP (best-ball), 2026",2026,WR,25,Davante Adams,Davante Adams,,Injury/Suspension Concern?,classification,injury,N/A,Some Concern,orange,-1,high,"programmatic cell-fill sampling, validated vs published colour counts"
WR_FACTOR_GRID_2026,"Analyst colour-coded WR factor grid (screenshots, 8 images)",third_party_analyst_screenshot,UNKNOWN — owner to supply,UNKNOWN — owner to supply,"Underdog Fantasy ADP (best-ball), 2026",2026,WR,26,Jameson Williams,Jameson Williams,,Targets,volume,binary_vs_avg,10.7,No,red,-3,high,"programmatic cell-fill sampling, validated vs published colour counts"
WR_FACTOR_GRID_2026,"Analyst colour-coded WR factor grid (screenshots, 8 images)",third_party_analyst_screenshot,UNKNOWN — owner to supply,UNKNOWN — owner to supply,"Underdog Fantasy ADP (best-ball), 2026",2026,WR,26,Jameson Williams,Jameson Williams,,Receptions,volume,binary_vs_avg,7.2,No,red,-3,high,"programmatic cell-fill sampling, validated vs published colour counts"
WR_FACTOR_GRID_2026,"Analyst colour-coded WR factor grid (screenshots, 8 images)",third_party_analyst_screenshot,UNKNOWN — owner to supply,UNKNOWN — owner to supply,"Underdog Fantasy ADP (best-ball), 2026",2026,WR,26,Jameson Williams,Jameson Williams,,Touchdowns,volume,binary_vs_avg,0.8,Yes,yellow,3,high,"programmatic cell-fill sampling, validated vs published colour counts"
WR_FACTOR_GRID_2026,"Analyst colour-coded WR factor grid (screenshots, 8 images)",third_party_analyst_screenshot,UNKNOWN — owner to supply,UNKNOWN — owner to supply,"Underdog Fantasy ADP (best-ball), 2026",2026,WR,26,Jameson Williams,Jameson Williams,,Offensive Rank in PPG,situational,binary_vs_avg,8.94,Yes,green,5,high,"programmatic cell-fill sampling, validated vs published colour counts"
WR_FACTOR_GRID_2026,"Analyst colour-coded WR factor grid (screenshots, 8 images)",third_party_analyst_screenshot,UNKNOWN — owner to supply,UNKNOWN — owner to supply,"Underdog Fantasy ADP (best-ball), 2026",2026,WR,26,Jameson Williams,Jameson Williams,,Quarterbacks Rank in PFF Passing Grade,situational,binary_vs_avg,10.36,Yes,green,5,high,"programmatic cell-fill sampling, validated vs published colour counts"
WR_FACTOR_GRID_2026,"Analyst colour-coded WR factor grid (screenshots, 8 images)",third_party_analyst_screenshot,UNKNOWN — owner to supply,UNKNOWN — owner to supply,"Underdog Fantasy ADP (best-ball), 2026",2026,WR,26,Jameson Williams,Jameson Williams,,Team Pass Attempts,situational,binary_vs_avg,594.94,Yes,yellow,3,high,"programmatic cell-fill sampling, validated vs published colour counts"
WR_FACTOR_GRID_2026,"Analyst colour-coded WR factor grid (screenshots, 8 images)",third_party_analyst_screenshot,UNKNOWN — owner to supply,UNKNOWN — owner to supply,"Underdog Fantasy ADP (best-ball), 2026",2026,WR,26,Jameson Williams,Jameson Williams,,Highest Targeted Secondary Option,situational,more_less_same,103.31,More,red,-3,high,"programmatic cell-fill sampling, validated vs published colour counts"
WR_FACTOR_GRID_2026,"Analyst colour-coded WR factor grid (screenshots, 8 images)",third_party_analyst_screenshot,UNKNOWN — owner to supply,UNKNOWN — owner to supply,"Underdog Fantasy ADP (best-ball), 2026",2026,WR,26,Jameson Williams,Jameson Williams,,Offensive Line Rank in Pass Blocking,situational,binary_vs_avg,10.75,Yes,yellow,3,high,"programmatic cell-fill sampling, validated vs published colour counts"
WR_FACTOR_GRID_2026,"Analyst colour-coded WR factor grid (screenshots, 8 images)",third_party_analyst_screenshot,UNKNOWN — owner to supply,UNKNOWN — owner to supply,"Underdog Fantasy ADP (best-ball), 2026",2026,WR,26,Jameson Williams,Jameson Williams,,Rank in Yards per Route Run,situational,binary_vs_avg,4.81,?,orange,-1,high,"programmatic cell-fill sampling, validated vs published colour counts"
WR_FACTOR_GRID_2026,"Analyst colour-coded WR factor grid (screenshots, 8 images)",third_party_analyst_screenshot,UNKNOWN — owner to supply,UNKNOWN — owner to supply,"Underdog Fantasy ADP (best-ball), 2026",2026,WR,26,Jameson Williams,Jameson Williams,,Highest % Achieved in Reception Perception,situational,binary_vs_avg,90th,No,red,-3,high,"programmatic cell-fill sampling, validated vs published colour counts"
WR_FACTOR_GRID_2026,"Analyst colour-coded WR factor grid (screenshots, 8 images)",third_party_analyst_screenshot,UNKNOWN — owner to supply,UNKNOWN — owner to supply,"Underdog Fantasy ADP (best-ball), 2026",2026,WR,26,Jameson Williams,Jameson Williams,,Archetype,classification,archetype,N/A,Prime WR2,yellow,3,high,"programmatic cell-fill sampling, validated vs published colour counts"
WR_FACTOR_GRID_2026,"Analyst colour-coded WR factor grid (screenshots, 8 images)",third_party_analyst_screenshot,UNKNOWN — owner to supply,UNKNOWN — owner to supply,"Underdog Fantasy ADP (best-ball), 2026",2026,WR,26,Jameson Williams,Jameson Williams,,Injury/Suspension Concern?,classification,injury,N/A,Minimal Concern,yellow,3,high,"programmatic cell-fill sampling, validated vs published colour counts"
WR_FACTOR_GRID_2026,"Analyst colour-coded WR factor grid (screenshots, 8 images)",third_party_analyst_screenshot,UNKNOWN — owner to supply,UNKNOWN — owner to supply,"Underdog Fantasy ADP (best-ball), 2026",2026,WR,27,DJ Moore,D.J. Moore,,Targets,volume,binary_vs_avg,10.7,No,red,-3,high,"programmatic cell-fill sampling, validated vs published colour counts"
WR_FACTOR_GRID_2026,"Analyst colour-coded WR factor grid (screenshots, 8 images)",third_party_analyst_screenshot,UNKNOWN — owner to supply,UNKNOWN — owner to supply,"Underdog Fantasy ADP (best-ball), 2026",2026,WR,27,DJ Moore,D.J. Moore,,Receptions,volume,binary_vs_avg,7.2,No,red,-3,high,"programmatic cell-fill sampling, validated vs published colour counts"
WR_FACTOR_GRID_2026,"Analyst colour-coded WR factor grid (screenshots, 8 images)",third_party_analyst_screenshot,UNKNOWN — owner to supply,UNKNOWN — owner to supply,"Underdog Fantasy ADP (best-ball), 2026",2026,WR,27,DJ Moore,D.J. Moore,,Touchdowns,volume,binary_vs_avg,0.8,Yes,yellow,3,high,"programmatic cell-fill sampling, validated vs published colour counts"
WR_FACTOR_GRID_2026,"Analyst colour-coded WR factor grid (screenshots, 8 images)",third_party_analyst_screenshot,UNKNOWN — owner to supply,UNKNOWN — owner to supply,"Underdog Fantasy ADP (best-ball), 2026",2026,WR,27,DJ Moore,D.J. Moore,,Offensive Rank in PPG,situational,binary_vs_avg,8.94,Yes,green,5,high,"programmatic cell-fill sampling, validated vs published colour counts"
WR_FACTOR_GRID_2026,"Analyst colour-coded WR factor grid (screenshots, 8 images)",third_party_analyst_screenshot,UNKNOWN — owner to supply,UNKNOWN — owner to supply,"Underdog Fantasy ADP (best-ball), 2026",2026,WR,27,DJ Moore,D.J. Moore,,Quarterbacks Rank in PFF Passing Grade,situational,binary_vs_avg,10.36,Yes,green,5,high,"programmatic cell-fill sampling, validated vs published colour counts"
WR_FACTOR_GRID_2026,"Analyst colour-coded WR factor grid (screenshots, 8 images)",third_party_analyst_screenshot,UNKNOWN — owner to supply,UNKNOWN — owner to supply,"Underdog Fantasy ADP (best-ball), 2026",2026,WR,27,DJ Moore,D.J. Moore,,Team Pass Attempts,situational,binary_vs_avg,594.94,Yes,yellow,3,high,"programmatic cell-fill sampling, validated vs published colour counts"
WR_FACTOR_GRID_2026,"Analyst colour-coded WR factor grid (screenshots, 8 images)",third_party_analyst_screenshot,UNKNOWN — owner to supply,UNKNOWN — owner to supply,"Underdog Fantasy ADP (best-ball), 2026",2026,WR,27,DJ Moore,D.J. Moore,,Highest Targeted Secondary Option,situational,more_less_same,103.31,Same,yellow,3,high,"programmatic cell-fill sampling, validated vs published colour counts"
WR_FACTOR_GRID_2026,"Analyst colour-coded WR factor grid (screenshots, 8 images)",third_party_analyst_screenshot,UNKNOWN — owner to supply,UNKNOWN — owner to supply,"Underdog Fantasy ADP (best-ball), 2026",2026,WR,27,DJ Moore,D.J. Moore,,Offensive Line Rank in Pass Blocking,situational,binary_vs_avg,10.75,Yes,green,5,high,"programmatic cell-fill sampling, validated vs published colour counts"
WR_FACTOR_GRID_2026,"Analyst colour-coded WR factor grid (screenshots, 8 images)",third_party_analyst_screenshot,UNKNOWN — owner to supply,UNKNOWN — owner to supply,"Underdog Fantasy ADP (best-ball), 2026",2026,WR,27,DJ Moore,D.J. Moore,,Rank in Yards per Route Run,situational,binary_vs_avg,4.81,No,red,-3,high,"programmatic cell-fill sampling, validated vs published colour counts"
WR_FACTOR_GRID_2026,"Analyst colour-coded WR factor grid (screenshots, 8 images)",third_party_analyst_screenshot,UNKNOWN — owner to supply,UNKNOWN — owner to supply,"Underdog Fantasy ADP (best-ball), 2026",2026,WR,27,DJ Moore,D.J. Moore,,Highest % Achieved in Reception Perception,situational,binary_vs_avg,90th,No,red,-3,high,"programmatic cell-fill sampling, validated vs published colour counts"
WR_FACTOR_GRID_2026,"Analyst colour-coded WR factor grid (screenshots, 8 images)",third_party_analyst_screenshot,UNKNOWN — owner to supply,UNKNOWN — owner to supply,"Underdog Fantasy ADP (best-ball), 2026",2026,WR,27,DJ Moore,D.J. Moore,,Archetype,classification,archetype,N/A,Trusty Veteran,red,-3,high,"programmatic cell-fill sampling, validated vs published colour counts"
WR_FACTOR_GRID_2026,"Analyst colour-coded WR factor grid (screenshots, 8 images)",third_party_analyst_screenshot,UNKNOWN — owner to supply,UNKNOWN — owner to supply,"Underdog Fantasy ADP (best-ball), 2026",2026,WR,27,DJ Moore,D.J. Moore,,Injury/Suspension Concern?,classification,injury,N/A,Minimal Concern,yellow,3,high,"programmatic cell-fill sampling, validated vs published colour counts"
WR_FACTOR_GRID_2026,"Analyst colour-coded WR factor grid (screenshots, 8 images)",third_party_analyst_screenshot,UNKNOWN — owner to supply,UNKNOWN — owner to supply,"Underdog Fantasy ADP (best-ball), 2026",2026,WR,28,Christian Watson,Christian Watson,,Targets,volume,binary_vs_avg,10.7,?,orange,-1,high,"programmatic cell-fill sampling, validated vs published colour counts"
WR_FACTOR_GRID_2026,"Analyst colour-coded WR factor grid (screenshots, 8 images)",third_party_analyst_screenshot,UNKNOWN — owner to supply,UNKNOWN — owner to supply,"Underdog Fantasy ADP (best-ball), 2026",2026,WR,28,Christian Watson,Christian Watson,,Receptions,volume,binary_vs_avg,7.2,?,orange,-1,high,"programmatic cell-fill sampling, validated vs published colour counts"
WR_FACTOR_GRID_2026,"Analyst colour-coded WR factor grid (screenshots, 8 images)",third_party_analyst_screenshot,UNKNOWN — owner to supply,UNKNOWN — owner to supply,"Underdog Fantasy ADP (best-ball), 2026",2026,WR,28,Christian Watson,Christian Watson,,Touchdowns,volume,binary_vs_avg,0.8,Yes,yellow,3,high,"programmatic cell-fill sampling, validated vs published colour counts"
WR_FACTOR_GRID_2026,"Analyst colour-coded WR factor grid (screenshots, 8 images)",third_party_analyst_screenshot,UNKNOWN — owner to supply,UNKNOWN — owner to supply,"Underdog Fantasy ADP (best-ball), 2026",2026,WR,28,Christian Watson,Christian Watson,,Offensive Rank in PPG,situational,binary_vs_avg,8.94,Yes,yellow,3,high,"programmatic cell-fill sampling, validated vs published colour counts"
WR_FACTOR_GRID_2026,"Analyst colour-coded WR factor grid (screenshots, 8 images)",third_party_analyst_screenshot,UNKNOWN — owner to supply,UNKNOWN — owner to supply,"Underdog Fantasy ADP (best-ball), 2026",2026,WR,28,Christian Watson,Christian Watson,,Quarterbacks Rank in PFF Passing Grade,situational,binary_vs_avg,10.36,Yes,yellow,3,high,"programmatic cell-fill sampling, validated vs published colour counts"
WR_FACTOR_GRID_2026,"Analyst colour-coded WR factor grid (screenshots, 8 images)",third_party_analyst_screenshot,UNKNOWN — owner to supply,UNKNOWN — owner to supply,"Underdog Fantasy ADP (best-ball), 2026",2026,WR,28,Christian Watson,Christian Watson,,Team Pass Attempts,situational,binary_vs_avg,594.94,?,orange,-1,high,"programmatic cell-fill sampling, validated vs published colour counts"
WR_FACTOR_GRID_2026,"Analyst colour-coded WR factor grid (screenshots, 8 images)",third_party_analyst_screenshot,UNKNOWN — owner to supply,UNKNOWN — owner to supply,"Underdog Fantasy ADP (best-ball), 2026",2026,WR,28,Christian Watson,Christian Watson,,Highest Targeted Secondary Option,situational,more_less_same,103.31,Same,yellow,3,high,"programmatic cell-fill sampling, validated vs published colour counts"
WR_FACTOR_GRID_2026,"Analyst colour-coded WR factor grid (screenshots, 8 images)",third_party_analyst_screenshot,UNKNOWN — owner to supply,UNKNOWN — owner to supply,"Underdog Fantasy ADP (best-ball), 2026",2026,WR,28,Christian Watson,Christian Watson,,Offensive Line Rank in Pass Blocking,situational,binary_vs_avg,10.75,No,red,-3,high,"programmatic cell-fill sampling, validated vs published colour counts"
WR_FACTOR_GRID_2026,"Analyst colour-coded WR factor grid (screenshots, 8 images)",third_party_analyst_screenshot,UNKNOWN — owner to supply,UNKNOWN — owner to supply,"Underdog Fantasy ADP (best-ball), 2026",2026,WR,28,Christian Watson,Christian Watson,,Rank in Yards per Route Run,situational,binary_vs_avg,4.81,Yes,yellow,3,high,"programmatic cell-fill sampling, validated vs published colour counts"
WR_FACTOR_GRID_2026,"Analyst colour-coded WR factor grid (screenshots, 8 images)",third_party_analyst_screenshot,UNKNOWN — owner to supply,UNKNOWN — owner to supply,"Underdog Fantasy ADP (best-ball), 2026",2026,WR,28,Christian Watson,Christian Watson,,Highest % Achieved in Reception Perception,situational,binary_vs_avg,90th,No,red,-3,high,"programmatic cell-fill sampling, validated vs published colour counts"
WR_FACTOR_GRID_2026,"Analyst colour-coded WR factor grid (screenshots, 8 images)",third_party_analyst_screenshot,UNKNOWN — owner to supply,UNKNOWN — owner to supply,"Underdog Fantasy ADP (best-ball), 2026",2026,WR,28,Christian Watson,Christian Watson,,Archetype,classification,archetype,N/A,Prime WR2,yellow,3,high,"programmatic cell-fill sampling, validated vs published colour counts"
WR_FACTOR_GRID_2026,"Analyst colour-coded WR factor grid (screenshots, 8 images)",third_party_analyst_screenshot,UNKNOWN — owner to supply,UNKNOWN — owner to supply,"Underdog Fantasy ADP (best-ball), 2026",2026,WR,28,Christian Watson,Christian Watson,,Injury/Suspension Concern?,classification,injury,N/A,Some Concern,orange,-1,high,"programmatic cell-fill sampling, validated vs published colour counts"
WR_FACTOR_GRID_2026,"Analyst colour-coded WR factor grid (screenshots, 8 images)",third_party_analyst_screenshot,UNKNOWN — owner to supply,UNKNOWN — owner to supply,"Underdog Fantasy ADP (best-ball), 2026",2026,WR,29,Carnell Tate,Carnell Tate,,Targets,volume,binary_vs_avg,10.7,?,orange,-1,high,"programmatic cell-fill sampling, validated vs published colour counts"
WR_FACTOR_GRID_2026,"Analyst colour-coded WR factor grid (screenshots, 8 images)",third_party_analyst_screenshot,UNKNOWN — owner to supply,UNKNOWN — owner to supply,"Underdog Fantasy ADP (best-ball), 2026",2026,WR,29,Carnell Tate,Carnell Tate,,Receptions,volume,binary_vs_avg,7.2,?,orange,-1,high,"programmatic cell-fill sampling, validated vs published colour counts"
WR_FACTOR_GRID_2026,"Analyst colour-coded WR factor grid (screenshots, 8 images)",third_party_analyst_screenshot,UNKNOWN — owner to supply,UNKNOWN — owner to supply,"Underdog Fantasy ADP (best-ball), 2026",2026,WR,29,Carnell Tate,Carnell Tate,,Touchdowns,volume,binary_vs_avg,0.8,Yes,yellow,3,high,"programmatic cell-fill sampling, validated vs published colour counts"
WR_FACTOR_GRID_2026,"Analyst colour-coded WR factor grid (screenshots, 8 images)",third_party_analyst_screenshot,UNKNOWN — owner to supply,UNKNOWN — owner to supply,"Underdog Fantasy ADP (best-ball), 2026",2026,WR,29,Carnell Tate,Carnell Tate,,Offensive Rank in PPG,situational,binary_vs_avg,8.94,?,orange,-1,high,"programmatic cell-fill sampling, validated vs published colour counts"
WR_FACTOR_GRID_2026,"Analyst colour-coded WR factor grid (screenshots, 8 images)",third_party_analyst_screenshot,UNKNOWN — owner to supply,UNKNOWN — owner to supply,"Underdog Fantasy ADP (best-ball), 2026",2026,WR,29,Carnell Tate,Carnell Tate,,Quarterbacks Rank in PFF Passing Grade,situational,binary_vs_avg,10.36,?,orange,-1,high,"programmatic cell-fill sampling, validated vs published colour counts"
WR_FACTOR_GRID_2026,"Analyst colour-coded WR factor grid (screenshots, 8 images)",third_party_analyst_screenshot,UNKNOWN — owner to supply,UNKNOWN — owner to supply,"Underdog Fantasy ADP (best-ball), 2026",2026,WR,29,Carnell Tate,Carnell Tate,,Team Pass Attempts,situational,binary_vs_avg,594.94,Yes,yellow,3,high,"programmatic cell-fill sampling, validated vs published colour counts"
WR_FACTOR_GRID_2026,"Analyst colour-coded WR factor grid (screenshots, 8 images)",third_party_analyst_screenshot,UNKNOWN — owner to supply,UNKNOWN — owner to supply,"Underdog Fantasy ADP (best-ball), 2026",2026,WR,29,Carnell Tate,Carnell Tate,,Highest Targeted Secondary Option,situational,more_less_same,103.31,Same,yellow,3,high,"programmatic cell-fill sampling, validated vs published colour counts"
WR_FACTOR_GRID_2026,"Analyst colour-coded WR factor grid (screenshots, 8 images)",third_party_analyst_screenshot,UNKNOWN — owner to supply,UNKNOWN — owner to supply,"Underdog Fantasy ADP (best-ball), 2026",2026,WR,29,Carnell Tate,Carnell Tate,,Offensive Line Rank in Pass Blocking,situational,binary_vs_avg,10.75,No,red,-3,high,"programmatic cell-fill sampling, validated vs published colour counts"
WR_FACTOR_GRID_2026,"Analyst colour-coded WR factor grid (screenshots, 8 images)",third_party_analyst_screenshot,UNKNOWN — owner to supply,UNKNOWN — owner to supply,"Underdog Fantasy ADP (best-ball), 2026",2026,WR,29,Carnell Tate,Carnell Tate,,Rank in Yards per Route Run,situational,binary_vs_avg,4.81,?,orange,-1,high,"programmatic cell-fill sampling, validated vs published colour counts"
WR_FACTOR_GRID_2026,"Analyst colour-coded WR factor grid (screenshots, 8 images)",third_party_analyst_screenshot,UNKNOWN — owner to supply,UNKNOWN — owner to supply,"Underdog Fantasy ADP (best-ball), 2026",2026,WR,29,Carnell Tate,Carnell Tate,,Highest % Achieved in Reception Perception,situational,binary_vs_avg,90th,?,orange,-1,high,"programmatic cell-fill sampling, validated vs published colour counts"
WR_FACTOR_GRID_2026,"Analyst colour-coded WR factor grid (screenshots, 8 images)",third_party_analyst_screenshot,UNKNOWN — owner to supply,UNKNOWN — owner to supply,"Underdog Fantasy ADP (best-ball), 2026",2026,WR,29,Carnell Tate,Carnell Tate,,Archetype,classification,archetype,N/A,Breakout Candidate,orange,-1,high,"programmatic cell-fill sampling, validated vs published colour counts"
WR_FACTOR_GRID_2026,"Analyst colour-coded WR factor grid (screenshots, 8 images)",third_party_analyst_screenshot,UNKNOWN — owner to supply,UNKNOWN — owner to supply,"Underdog Fantasy ADP (best-ball), 2026",2026,WR,29,Carnell Tate,Carnell Tate,,Injury/Suspension Concern?,classification,injury,N/A,Minimal Concern,yellow,3,high,"programmatic cell-fill sampling, validated vs published colour counts"
WR_FACTOR_GRID_2026,"Analyst colour-coded WR factor grid (screenshots, 8 images)",third_party_analyst_screenshot,UNKNOWN — owner to supply,UNKNOWN — owner to supply,"Underdog Fantasy ADP (best-ball), 2026",2026,WR,30,Rome Odunze,Rome Odunze,,Targets,volume,binary_vs_avg,10.7,?,orange,-1,high,"programmatic cell-fill sampling, validated vs published colour counts"
WR_FACTOR_GRID_2026,"Analyst colour-coded WR factor grid (screenshots, 8 images)",third_party_analyst_screenshot,UNKNOWN — owner to supply,UNKNOWN — owner to supply,"Underdog Fantasy ADP (best-ball), 2026",2026,WR,30,Rome Odunze,Rome Odunze,,Receptions,volume,binary_vs_avg,7.2,?,orange,-1,high,"programmatic cell-fill sampling, validated vs published colour counts"
WR_FACTOR_GRID_2026,"Analyst colour-coded WR factor grid (screenshots, 8 images)",third_party_analyst_screenshot,UNKNOWN — owner to supply,UNKNOWN — owner to supply,"Underdog Fantasy ADP (best-ball), 2026",2026,WR,30,Rome Odunze,Rome Odunze,,Touchdowns,volume,binary_vs_avg,0.8,Yes,yellow,3,high,"programmatic cell-fill sampling, validated vs published colour counts"
WR_FACTOR_GRID_2026,"Analyst colour-coded WR factor grid (screenshots, 8 images)",third_party_analyst_screenshot,UNKNOWN — owner to supply,UNKNOWN — owner to supply,"Underdog Fantasy ADP (best-ball), 2026",2026,WR,30,Rome Odunze,Rome Odunze,,Offensive Rank in PPG,situational,binary_vs_avg,8.94,Yes,yellow,3,high,"programmatic cell-fill sampling, validated vs published colour counts"
WR_FACTOR_GRID_2026,"Analyst colour-coded WR factor grid (screenshots, 8 images)",third_party_analyst_screenshot,UNKNOWN — owner to supply,UNKNOWN — owner to supply,"Underdog Fantasy ADP (best-ball), 2026",2026,WR,30,Rome Odunze,Rome Odunze,,Quarterbacks Rank in PFF Passing Grade,situational,binary_vs_avg,10.36,Yes,yellow,3,high,"programmatic cell-fill sampling, validated vs published colour counts"
WR_FACTOR_GRID_2026,"Analyst colour-coded WR factor grid (screenshots, 8 images)",third_party_analyst_screenshot,UNKNOWN — owner to supply,UNKNOWN — owner to supply,"Underdog Fantasy ADP (best-ball), 2026",2026,WR,30,Rome Odunze,Rome Odunze,,Team Pass Attempts,situational,binary_vs_avg,594.94,Yes,yellow,3,high,"programmatic cell-fill sampling, validated vs published colour counts"
WR_FACTOR_GRID_2026,"Analyst colour-coded WR factor grid (screenshots, 8 images)",third_party_analyst_screenshot,UNKNOWN — owner to supply,UNKNOWN — owner to supply,"Underdog Fantasy ADP (best-ball), 2026",2026,WR,30,Rome Odunze,Rome Odunze,,Highest Targeted Secondary Option,situational,more_less_same,103.31,More,red,-3,high,"programmatic cell-fill sampling, validated vs published colour counts"
WR_FACTOR_GRID_2026,"Analyst colour-coded WR factor grid (screenshots, 8 images)",third_party_analyst_screenshot,UNKNOWN — owner to supply,UNKNOWN — owner to supply,"Underdog Fantasy ADP (best-ball), 2026",2026,WR,30,Rome Odunze,Rome Odunze,,Offensive Line Rank in Pass Blocking,situational,binary_vs_avg,10.75,Yes,green,5,high,"programmatic cell-fill sampling, validated vs published colour counts"
WR_FACTOR_GRID_2026,"Analyst colour-coded WR factor grid (screenshots, 8 images)",third_party_analyst_screenshot,UNKNOWN — owner to supply,UNKNOWN — owner to supply,"Underdog Fantasy ADP (best-ball), 2026",2026,WR,30,Rome Odunze,Rome Odunze,,Rank in Yards per Route Run,situational,binary_vs_avg,4.81,Yes,yellow,3,high,"programmatic cell-fill sampling, validated vs published colour counts"
WR_FACTOR_GRID_2026,"Analyst colour-coded WR factor grid (screenshots, 8 images)",third_party_analyst_screenshot,UNKNOWN — owner to supply,UNKNOWN — owner to supply,"Underdog Fantasy ADP (best-ball), 2026",2026,WR,30,Rome Odunze,Rome Odunze,,Highest % Achieved in Reception Perception,situational,binary_vs_avg,90th,Yes,yellow,3,high,"programmatic cell-fill sampling, validated vs published colour counts"
WR_FACTOR_GRID_2026,"Analyst colour-coded WR factor grid (screenshots, 8 images)",third_party_analyst_screenshot,UNKNOWN — owner to supply,UNKNOWN — owner to supply,"Underdog Fantasy ADP (best-ball), 2026",2026,WR,30,Rome Odunze,Rome Odunze,,Archetype,classification,archetype,N/A,Breakout Candidate,orange,-1,high,"programmatic cell-fill sampling, validated vs published colour counts"
WR_FACTOR_GRID_2026,"Analyst colour-coded WR factor grid (screenshots, 8 images)",third_party_analyst_screenshot,UNKNOWN — owner to supply,UNKNOWN — owner to supply,"Underdog Fantasy ADP (best-ball), 2026",2026,WR,30,Rome Odunze,Rome Odunze,,Injury/Suspension Concern?,classification,injury,N/A,Some Concern,orange,-1,high,"programmatic cell-fill sampling, validated vs published colour counts"
WR_FACTOR_GRID_2026,"Analyst colour-coded WR factor grid (screenshots, 8 images)",third_party_analyst_screenshot,UNKNOWN — owner to supply,UNKNOWN — owner to supply,"Underdog Fantasy ADP (best-ball), 2026",2026,WR,31,Brian Thomas,Brian Thomas Jr.,,Targets,volume,binary_vs_avg,10.7,Yes,yellow,3,high,"programmatic cell-fill sampling, validated vs published colour counts"
WR_FACTOR_GRID_2026,"Analyst colour-coded WR factor grid (screenshots, 8 images)",third_party_analyst_screenshot,UNKNOWN — owner to supply,UNKNOWN — owner to supply,"Underdog Fantasy ADP (best-ball), 2026",2026,WR,31,Brian Thomas,Brian Thomas Jr.,,Receptions,volume,binary_vs_avg,7.2,?,orange,-1,high,"programmatic cell-fill sampling, validated vs published colour counts"
WR_FACTOR_GRID_2026,"Analyst colour-coded WR factor grid (screenshots, 8 images)",third_party_analyst_screenshot,UNKNOWN — owner to supply,UNKNOWN — owner to supply,"Underdog Fantasy ADP (best-ball), 2026",2026,WR,31,Brian Thomas,Brian Thomas Jr.,,Touchdowns,volume,binary_vs_avg,0.8,Yes,yellow,3,high,"programmatic cell-fill sampling, validated vs published colour counts"
WR_FACTOR_GRID_2026,"Analyst colour-coded WR factor grid (screenshots, 8 images)",third_party_analyst_screenshot,UNKNOWN — owner to supply,UNKNOWN — owner to supply,"Underdog Fantasy ADP (best-ball), 2026",2026,WR,31,Brian Thomas,Brian Thomas Jr.,,Offensive Rank in PPG,situational,binary_vs_avg,8.94,Yes,yellow,3,high,"programmatic cell-fill sampling, validated vs published colour counts"
WR_FACTOR_GRID_2026,"Analyst colour-coded WR factor grid (screenshots, 8 images)",third_party_analyst_screenshot,UNKNOWN — owner to supply,UNKNOWN — owner to supply,"Underdog Fantasy ADP (best-ball), 2026",2026,WR,31,Brian Thomas,Brian Thomas Jr.,,Quarterbacks Rank in PFF Passing Grade,situational,binary_vs_avg,10.36,Yes,yellow,3,high,"programmatic cell-fill sampling, validated vs published colour counts"
WR_FACTOR_GRID_2026,"Analyst colour-coded WR factor grid (screenshots, 8 images)",third_party_analyst_screenshot,UNKNOWN — owner to supply,UNKNOWN — owner to supply,"Underdog Fantasy ADP (best-ball), 2026",2026,WR,31,Brian Thomas,Brian Thomas Jr.,,Team Pass Attempts,situational,binary_vs_avg,594.94,Yes,yellow,3,high,"programmatic cell-fill sampling, validated vs published colour counts"
WR_FACTOR_GRID_2026,"Analyst colour-coded WR factor grid (screenshots, 8 images)",third_party_analyst_screenshot,UNKNOWN — owner to supply,UNKNOWN — owner to supply,"Underdog Fantasy ADP (best-ball), 2026",2026,WR,31,Brian Thomas,Brian Thomas Jr.,,Highest Targeted Secondary Option,situational,more_less_same,103.31,More,red,-3,high,"programmatic cell-fill sampling, validated vs published colour counts"
WR_FACTOR_GRID_2026,"Analyst colour-coded WR factor grid (screenshots, 8 images)",third_party_analyst_screenshot,UNKNOWN — owner to supply,UNKNOWN — owner to supply,"Underdog Fantasy ADP (best-ball), 2026",2026,WR,31,Brian Thomas,Brian Thomas Jr.,,Offensive Line Rank in Pass Blocking,situational,binary_vs_avg,10.75,?,orange,-1,high,"programmatic cell-fill sampling, validated vs published colour counts"
WR_FACTOR_GRID_2026,"Analyst colour-coded WR factor grid (screenshots, 8 images)",third_party_analyst_screenshot,UNKNOWN — owner to supply,UNKNOWN — owner to supply,"Underdog Fantasy ADP (best-ball), 2026",2026,WR,31,Brian Thomas,Brian Thomas Jr.,,Rank in Yards per Route Run,situational,binary_vs_avg,4.81,Yes,yellow,3,high,"programmatic cell-fill sampling, validated vs published colour counts"
WR_FACTOR_GRID_2026,"Analyst colour-coded WR factor grid (screenshots, 8 images)",third_party_analyst_screenshot,UNKNOWN — owner to supply,UNKNOWN — owner to supply,"Underdog Fantasy ADP (best-ball), 2026",2026,WR,31,Brian Thomas,Brian Thomas Jr.,,Highest % Achieved in Reception Perception,situational,binary_vs_avg,90th,Yes,yellow,3,high,"programmatic cell-fill sampling, validated vs published colour counts"
WR_FACTOR_GRID_2026,"Analyst colour-coded WR factor grid (screenshots, 8 images)",third_party_analyst_screenshot,UNKNOWN — owner to supply,UNKNOWN — owner to supply,"Underdog Fantasy ADP (best-ball), 2026",2026,WR,31,Brian Thomas,Brian Thomas Jr.,,Archetype,classification,archetype,N/A,Prime WR1,green,5,high,"programmatic cell-fill sampling, validated vs published colour counts"
WR_FACTOR_GRID_2026,"Analyst colour-coded WR factor grid (screenshots, 8 images)",third_party_analyst_screenshot,UNKNOWN — owner to supply,UNKNOWN — owner to supply,"Underdog Fantasy ADP (best-ball), 2026",2026,WR,31,Brian Thomas,Brian Thomas Jr.,,Injury/Suspension Concern?,classification,injury,N/A,Minimal Concern,yellow,3,high,"programmatic cell-fill sampling, validated vs published colour counts"
WR_FACTOR_GRID_2026,"Analyst colour-coded WR factor grid (screenshots, 8 images)",third_party_analyst_screenshot,UNKNOWN — owner to supply,UNKNOWN — owner to supply,"Underdog Fantasy ADP (best-ball), 2026",2026,WR,32,Jordyn Tyson,Jordyn Tyson,,Targets,volume,binary_vs_avg,10.7,No,red,-3,high,"programmatic cell-fill sampling, validated vs published colour counts"
WR_FACTOR_GRID_2026,"Analyst colour-coded WR factor grid (screenshots, 8 images)",third_party_analyst_screenshot,UNKNOWN — owner to supply,UNKNOWN — owner to supply,"Underdog Fantasy ADP (best-ball), 2026",2026,WR,32,Jordyn Tyson,Jordyn Tyson,,Receptions,volume,binary_vs_avg,7.2,No,red,-3,high,"programmatic cell-fill sampling, validated vs published colour counts"
WR_FACTOR_GRID_2026,"Analyst colour-coded WR factor grid (screenshots, 8 images)",third_party_analyst_screenshot,UNKNOWN — owner to supply,UNKNOWN — owner to supply,"Underdog Fantasy ADP (best-ball), 2026",2026,WR,32,Jordyn Tyson,Jordyn Tyson,,Touchdowns,volume,binary_vs_avg,0.8,Yes,yellow,3,high,"programmatic cell-fill sampling, validated vs published colour counts"
WR_FACTOR_GRID_2026,"Analyst colour-coded WR factor grid (screenshots, 8 images)",third_party_analyst_screenshot,UNKNOWN — owner to supply,UNKNOWN — owner to supply,"Underdog Fantasy ADP (best-ball), 2026",2026,WR,32,Jordyn Tyson,Jordyn Tyson,,Offensive Rank in PPG,situational,binary_vs_avg,8.94,?,orange,-1,high,"programmatic cell-fill sampling, validated vs published colour counts"
WR_FACTOR_GRID_2026,"Analyst colour-coded WR factor grid (screenshots, 8 images)",third_party_analyst_screenshot,UNKNOWN — owner to supply,UNKNOWN — owner to supply,"Underdog Fantasy ADP (best-ball), 2026",2026,WR,32,Jordyn Tyson,Jordyn Tyson,,Quarterbacks Rank in PFF Passing Grade,situational,binary_vs_avg,10.36,?,orange,-1,high,"programmatic cell-fill sampling, validated vs published colour counts"
WR_FACTOR_GRID_2026,"Analyst colour-coded WR factor grid (screenshots, 8 images)",third_party_analyst_screenshot,UNKNOWN — owner to supply,UNKNOWN — owner to supply,"Underdog Fantasy ADP (best-ball), 2026",2026,WR,32,Jordyn Tyson,Jordyn Tyson,,Team Pass Attempts,situational,binary_vs_avg,594.94,Yes,yellow,3,high,"programmatic cell-fill sampling, validated vs published colour counts"
WR_FACTOR_GRID_2026,"Analyst colour-coded WR factor grid (screenshots, 8 images)",third_party_analyst_screenshot,UNKNOWN — owner to supply,UNKNOWN — owner to supply,"Underdog Fantasy ADP (best-ball), 2026",2026,WR,32,Jordyn Tyson,Jordyn Tyson,,Highest Targeted Secondary Option,situational,more_less_same,103.31,More,red,-3,high,"programmatic cell-fill sampling, validated vs published colour counts"
WR_FACTOR_GRID_2026,"Analyst colour-coded WR factor grid (screenshots, 8 images)",third_party_analyst_screenshot,UNKNOWN — owner to supply,UNKNOWN — owner to supply,"Underdog Fantasy ADP (best-ball), 2026",2026,WR,32,Jordyn Tyson,Jordyn Tyson,,Offensive Line Rank in Pass Blocking,situational,binary_vs_avg,10.75,?,orange,-1,high,"programmatic cell-fill sampling, validated vs published colour counts"
WR_FACTOR_GRID_2026,"Analyst colour-coded WR factor grid (screenshots, 8 images)",third_party_analyst_screenshot,UNKNOWN — owner to supply,UNKNOWN — owner to supply,"Underdog Fantasy ADP (best-ball), 2026",2026,WR,32,Jordyn Tyson,Jordyn Tyson,,Rank in Yards per Route Run,situational,binary_vs_avg,4.81,Yes,yellow,3,high,"programmatic cell-fill sampling, validated vs published colour counts"
WR_FACTOR_GRID_2026,"Analyst colour-coded WR factor grid (screenshots, 8 images)",third_party_analyst_screenshot,UNKNOWN — owner to supply,UNKNOWN — owner to supply,"Underdog Fantasy ADP (best-ball), 2026",2026,WR,32,Jordyn Tyson,Jordyn Tyson,,Highest % Achieved in Reception Perception,situational,binary_vs_avg,90th,Yes,yellow,3,high,"programmatic cell-fill sampling, validated vs published colour counts"
WR_FACTOR_GRID_2026,"Analyst colour-coded WR factor grid (screenshots, 8 images)",third_party_analyst_screenshot,UNKNOWN — owner to supply,UNKNOWN — owner to supply,"Underdog Fantasy ADP (best-ball), 2026",2026,WR,32,Jordyn Tyson,Jordyn Tyson,,Archetype,classification,archetype,N/A,Breakout Candidate,orange,-1,high,"programmatic cell-fill sampling, validated vs published colour counts"
WR_FACTOR_GRID_2026,"Analyst colour-coded WR factor grid (screenshots, 8 images)",third_party_analyst_screenshot,UNKNOWN — owner to supply,UNKNOWN — owner to supply,"Underdog Fantasy ADP (best-ball), 2026",2026,WR,32,Jordyn Tyson,Jordyn Tyson,,Injury/Suspension Concern?,classification,injury,N/A,Some Concern,orange,-1,high,"programmatic cell-fill sampling, validated vs published colour counts"
WR_FACTOR_GRID_2026,"Analyst colour-coded WR factor grid (screenshots, 8 images)",third_party_analyst_screenshot,UNKNOWN — owner to supply,UNKNOWN — owner to supply,"Underdog Fantasy ADP (best-ball), 2026",2026,WR,33,Parker Washington,Parker Washington,,Targets,volume,binary_vs_avg,10.7,No,red,-3,high,"programmatic cell-fill sampling, validated vs published colour counts"
WR_FACTOR_GRID_2026,"Analyst colour-coded WR factor grid (screenshots, 8 images)",third_party_analyst_screenshot,UNKNOWN — owner to supply,UNKNOWN — owner to supply,"Underdog Fantasy ADP (best-ball), 2026",2026,WR,33,Parker Washington,Parker Washington,,Receptions,volume,binary_vs_avg,7.2,No,red,-3,high,"programmatic cell-fill sampling, validated vs published colour counts"
WR_FACTOR_GRID_2026,"Analyst colour-coded WR factor grid (screenshots, 8 images)",third_party_analyst_screenshot,UNKNOWN — owner to supply,UNKNOWN — owner to supply,"Underdog Fantasy ADP (best-ball), 2026",2026,WR,33,Parker Washington,Parker Washington,,Touchdowns,volume,binary_vs_avg,0.8,No,red,-3,high,"programmatic cell-fill sampling, validated vs published colour counts"
WR_FACTOR_GRID_2026,"Analyst colour-coded WR factor grid (screenshots, 8 images)",third_party_analyst_screenshot,UNKNOWN — owner to supply,UNKNOWN — owner to supply,"Underdog Fantasy ADP (best-ball), 2026",2026,WR,33,Parker Washington,Parker Washington,,Offensive Rank in PPG,situational,binary_vs_avg,8.94,Yes,yellow,3,high,"programmatic cell-fill sampling, validated vs published colour counts"
WR_FACTOR_GRID_2026,"Analyst colour-coded WR factor grid (screenshots, 8 images)",third_party_analyst_screenshot,UNKNOWN — owner to supply,UNKNOWN — owner to supply,"Underdog Fantasy ADP (best-ball), 2026",2026,WR,33,Parker Washington,Parker Washington,,Quarterbacks Rank in PFF Passing Grade,situational,binary_vs_avg,10.36,Yes,yellow,3,high,"programmatic cell-fill sampling, validated vs published colour counts"
WR_FACTOR_GRID_2026,"Analyst colour-coded WR factor grid (screenshots, 8 images)",third_party_analyst_screenshot,UNKNOWN — owner to supply,UNKNOWN — owner to supply,"Underdog Fantasy ADP (best-ball), 2026",2026,WR,33,Parker Washington,Parker Washington,,Team Pass Attempts,situational,binary_vs_avg,594.94,Yes,yellow,3,high,"programmatic cell-fill sampling, validated vs published colour counts"
WR_FACTOR_GRID_2026,"Analyst colour-coded WR factor grid (screenshots, 8 images)",third_party_analyst_screenshot,UNKNOWN — owner to supply,UNKNOWN — owner to supply,"Underdog Fantasy ADP (best-ball), 2026",2026,WR,33,Parker Washington,Parker Washington,,Highest Targeted Secondary Option,situational,more_less_same,103.31,More,red,-3,high,"programmatic cell-fill sampling, validated vs published colour counts"
WR_FACTOR_GRID_2026,"Analyst colour-coded WR factor grid (screenshots, 8 images)",third_party_analyst_screenshot,UNKNOWN — owner to supply,UNKNOWN — owner to supply,"Underdog Fantasy ADP (best-ball), 2026",2026,WR,33,Parker Washington,Parker Washington,,Offensive Line Rank in Pass Blocking,situational,binary_vs_avg,10.75,?,orange,-1,high,"programmatic cell-fill sampling, validated vs published colour counts"
WR_FACTOR_GRID_2026,"Analyst colour-coded WR factor grid (screenshots, 8 images)",third_party_analyst_screenshot,UNKNOWN — owner to supply,UNKNOWN — owner to supply,"Underdog Fantasy ADP (best-ball), 2026",2026,WR,33,Parker Washington,Parker Washington,,Rank in Yards per Route Run,situational,binary_vs_avg,4.81,No,red,-3,high,"programmatic cell-fill sampling, validated vs published colour counts"
WR_FACTOR_GRID_2026,"Analyst colour-coded WR factor grid (screenshots, 8 images)",third_party_analyst_screenshot,UNKNOWN — owner to supply,UNKNOWN — owner to supply,"Underdog Fantasy ADP (best-ball), 2026",2026,WR,33,Parker Washington,Parker Washington,,Highest % Achieved in Reception Perception,situational,binary_vs_avg,90th,No,red,-3,high,"programmatic cell-fill sampling, validated vs published colour counts"
WR_FACTOR_GRID_2026,"Analyst colour-coded WR factor grid (screenshots, 8 images)",third_party_analyst_screenshot,UNKNOWN — owner to supply,UNKNOWN — owner to supply,"Underdog Fantasy ADP (best-ball), 2026",2026,WR,33,Parker Washington,Parker Washington,,Archetype,classification,archetype,N/A,Breakout Candidate,orange,-1,high,"programmatic cell-fill sampling, validated vs published colour counts"
WR_FACTOR_GRID_2026,"Analyst colour-coded WR factor grid (screenshots, 8 images)",third_party_analyst_screenshot,UNKNOWN — owner to supply,UNKNOWN — owner to supply,"Underdog Fantasy ADP (best-ball), 2026",2026,WR,33,Parker Washington,Parker Washington,,Injury/Suspension Concern?,classification,injury,N/A,Minimal Concern,yellow,3,high,"programmatic cell-fill sampling, validated vs published colour counts"
WR_FACTOR_GRID_2026,"Analyst colour-coded WR factor grid (screenshots, 8 images)",third_party_analyst_screenshot,UNKNOWN — owner to supply,UNKNOWN — owner to supply,"Underdog Fantasy ADP (best-ball), 2026",2026,WR,34,Marvin Harrison,Marvin Harrison Jr.,,Targets,volume,binary_vs_avg,10.7,?,orange,-1,high,"programmatic cell-fill sampling, validated vs published colour counts"
WR_FACTOR_GRID_2026,"Analyst colour-coded WR factor grid (screenshots, 8 images)",third_party_analyst_screenshot,UNKNOWN — owner to supply,UNKNOWN — owner to supply,"Underdog Fantasy ADP (best-ball), 2026",2026,WR,34,Marvin Harrison,Marvin Harrison Jr.,,Receptions,volume,binary_vs_avg,7.2,?,orange,-1,high,"programmatic cell-fill sampling, validated vs published colour counts"
WR_FACTOR_GRID_2026,"Analyst colour-coded WR factor grid (screenshots, 8 images)",third_party_analyst_screenshot,UNKNOWN — owner to supply,UNKNOWN — owner to supply,"Underdog Fantasy ADP (best-ball), 2026",2026,WR,34,Marvin Harrison,Marvin Harrison Jr.,,Touchdowns,volume,binary_vs_avg,0.8,Yes,yellow,3,high,"programmatic cell-fill sampling, validated vs published colour counts"
WR_FACTOR_GRID_2026,"Analyst colour-coded WR factor grid (screenshots, 8 images)",third_party_analyst_screenshot,UNKNOWN — owner to supply,UNKNOWN — owner to supply,"Underdog Fantasy ADP (best-ball), 2026",2026,WR,34,Marvin Harrison,Marvin Harrison Jr.,,Offensive Rank in PPG,situational,binary_vs_avg,8.94,?,orange,-1,high,"programmatic cell-fill sampling, validated vs published colour counts"
WR_FACTOR_GRID_2026,"Analyst colour-coded WR factor grid (screenshots, 8 images)",third_party_analyst_screenshot,UNKNOWN — owner to supply,UNKNOWN — owner to supply,"Underdog Fantasy ADP (best-ball), 2026",2026,WR,34,Marvin Harrison,Marvin Harrison Jr.,,Quarterbacks Rank in PFF Passing Grade,situational,binary_vs_avg,10.36,No,red,-3,high,"programmatic cell-fill sampling, validated vs published colour counts"
WR_FACTOR_GRID_2026,"Analyst colour-coded WR factor grid (screenshots, 8 images)",third_party_analyst_screenshot,UNKNOWN — owner to supply,UNKNOWN — owner to supply,"Underdog Fantasy ADP (best-ball), 2026",2026,WR,34,Marvin Harrison,Marvin Harrison Jr.,,Team Pass Attempts,situational,binary_vs_avg,594.94,Yes,green,5,high,"programmatic cell-fill sampling, validated vs published colour counts"
WR_FACTOR_GRID_2026,"Analyst colour-coded WR factor grid (screenshots, 8 images)",third_party_analyst_screenshot,UNKNOWN — owner to supply,UNKNOWN — owner to supply,"Underdog Fantasy ADP (best-ball), 2026",2026,WR,34,Marvin Harrison,Marvin Harrison Jr.,,Highest Targeted Secondary Option,situational,more_less_same,103.31,Same,yellow,3,high,"programmatic cell-fill sampling, validated vs published colour counts"
WR_FACTOR_GRID_2026,"Analyst colour-coded WR factor grid (screenshots, 8 images)",third_party_analyst_screenshot,UNKNOWN — owner to supply,UNKNOWN — owner to supply,"Underdog Fantasy ADP (best-ball), 2026",2026,WR,34,Marvin Harrison,Marvin Harrison Jr.,,Offensive Line Rank in Pass Blocking,situational,binary_vs_avg,10.75,?,orange,-1,high,"programmatic cell-fill sampling, validated vs published colour counts"
WR_FACTOR_GRID_2026,"Analyst colour-coded WR factor grid (screenshots, 8 images)",third_party_analyst_screenshot,UNKNOWN — owner to supply,UNKNOWN — owner to supply,"Underdog Fantasy ADP (best-ball), 2026",2026,WR,34,Marvin Harrison,Marvin Harrison Jr.,,Rank in Yards per Route Run,situational,binary_vs_avg,4.81,?,orange,-1,high,"programmatic cell-fill sampling, validated vs published colour counts"
WR_FACTOR_GRID_2026,"Analyst colour-coded WR factor grid (screenshots, 8 images)",third_party_analyst_screenshot,UNKNOWN — owner to supply,UNKNOWN — owner to supply,"Underdog Fantasy ADP (best-ball), 2026",2026,WR,34,Marvin Harrison,Marvin Harrison Jr.,,Highest % Achieved in Reception Perception,situational,binary_vs_avg,90th,Yes,yellow,3,high,"programmatic cell-fill sampling, validated vs published colour counts"
WR_FACTOR_GRID_2026,"Analyst colour-coded WR factor grid (screenshots, 8 images)",third_party_analyst_screenshot,UNKNOWN — owner to supply,UNKNOWN — owner to supply,"Underdog Fantasy ADP (best-ball), 2026",2026,WR,34,Marvin Harrison,Marvin Harrison Jr.,,Archetype,classification,archetype,N/A,Breakout Candidate,orange,-1,high,"programmatic cell-fill sampling, validated vs published colour counts"
WR_FACTOR_GRID_2026,"Analyst colour-coded WR factor grid (screenshots, 8 images)",third_party_analyst_screenshot,UNKNOWN — owner to supply,UNKNOWN — owner to supply,"Underdog Fantasy ADP (best-ball), 2026",2026,WR,34,Marvin Harrison,Marvin Harrison Jr.,,Injury/Suspension Concern?,classification,injury,N/A,Minimal Concern,yellow,3,high,"programmatic cell-fill sampling, validated vs published colour counts"
WR_FACTOR_GRID_2026,"Analyst colour-coded WR factor grid (screenshots, 8 images)",third_party_analyst_screenshot,UNKNOWN — owner to supply,UNKNOWN — owner to supply,"Underdog Fantasy ADP (best-ball), 2026",2026,WR,35,Makai Lemon,Makai Lemon,,Targets,volume,binary_vs_avg,10.7,No,red,-3,high,"programmatic cell-fill sampling, validated vs published colour counts"
WR_FACTOR_GRID_2026,"Analyst colour-coded WR factor grid (screenshots, 8 images)",third_party_analyst_screenshot,UNKNOWN — owner to supply,UNKNOWN — owner to supply,"Underdog Fantasy ADP (best-ball), 2026",2026,WR,35,Makai Lemon,Makai Lemon,,Receptions,volume,binary_vs_avg,7.2,No,red,-3,high,"programmatic cell-fill sampling, validated vs published colour counts"
WR_FACTOR_GRID_2026,"Analyst colour-coded WR factor grid (screenshots, 8 images)",third_party_analyst_screenshot,UNKNOWN — owner to supply,UNKNOWN — owner to supply,"Underdog Fantasy ADP (best-ball), 2026",2026,WR,35,Makai Lemon,Makai Lemon,,Touchdowns,volume,binary_vs_avg,0.8,?,orange,-1,high,"programmatic cell-fill sampling, validated vs published colour counts"
WR_FACTOR_GRID_2026,"Analyst colour-coded WR factor grid (screenshots, 8 images)",third_party_analyst_screenshot,UNKNOWN — owner to supply,UNKNOWN — owner to supply,"Underdog Fantasy ADP (best-ball), 2026",2026,WR,35,Makai Lemon,Makai Lemon,,Offensive Rank in PPG,situational,binary_vs_avg,8.94,Yes,yellow,3,high,"programmatic cell-fill sampling, validated vs published colour counts"
WR_FACTOR_GRID_2026,"Analyst colour-coded WR factor grid (screenshots, 8 images)",third_party_analyst_screenshot,UNKNOWN — owner to supply,UNKNOWN — owner to supply,"Underdog Fantasy ADP (best-ball), 2026",2026,WR,35,Makai Lemon,Makai Lemon,,Quarterbacks Rank in PFF Passing Grade,situational,binary_vs_avg,10.36,Yes,yellow,3,high,"programmatic cell-fill sampling, validated vs published colour counts"
WR_FACTOR_GRID_2026,"Analyst colour-coded WR factor grid (screenshots, 8 images)",third_party_analyst_screenshot,UNKNOWN — owner to supply,UNKNOWN — owner to supply,"Underdog Fantasy ADP (best-ball), 2026",2026,WR,35,Makai Lemon,Makai Lemon,,Team Pass Attempts,situational,binary_vs_avg,594.94,Yes,yellow,3,high,"programmatic cell-fill sampling, validated vs published colour counts"
WR_FACTOR_GRID_2026,"Analyst colour-coded WR factor grid (screenshots, 8 images)",third_party_analyst_screenshot,UNKNOWN — owner to supply,UNKNOWN — owner to supply,"Underdog Fantasy ADP (best-ball), 2026",2026,WR,35,Makai Lemon,Makai Lemon,,Highest Targeted Secondary Option,situational,more_less_same,103.31,More,red,-3,high,"programmatic cell-fill sampling, validated vs published colour counts"
WR_FACTOR_GRID_2026,"Analyst colour-coded WR factor grid (screenshots, 8 images)",third_party_analyst_screenshot,UNKNOWN — owner to supply,UNKNOWN — owner to supply,"Underdog Fantasy ADP (best-ball), 2026",2026,WR,35,Makai Lemon,Makai Lemon,,Offensive Line Rank in Pass Blocking,situational,binary_vs_avg,10.75,Yes,green,5,high,"programmatic cell-fill sampling, validated vs published colour counts"
WR_FACTOR_GRID_2026,"Analyst colour-coded WR factor grid (screenshots, 8 images)",third_party_analyst_screenshot,UNKNOWN — owner to supply,UNKNOWN — owner to supply,"Underdog Fantasy ADP (best-ball), 2026",2026,WR,35,Makai Lemon,Makai Lemon,,Rank in Yards per Route Run,situational,binary_vs_avg,4.81,?,orange,-1,high,"programmatic cell-fill sampling, validated vs published colour counts"
WR_FACTOR_GRID_2026,"Analyst colour-coded WR factor grid (screenshots, 8 images)",third_party_analyst_screenshot,UNKNOWN — owner to supply,UNKNOWN — owner to supply,"Underdog Fantasy ADP (best-ball), 2026",2026,WR,35,Makai Lemon,Makai Lemon,,Highest % Achieved in Reception Perception,situational,binary_vs_avg,90th,Yes,yellow,3,high,"programmatic cell-fill sampling, validated vs published colour counts"
WR_FACTOR_GRID_2026,"Analyst colour-coded WR factor grid (screenshots, 8 images)",third_party_analyst_screenshot,UNKNOWN — owner to supply,UNKNOWN — owner to supply,"Underdog Fantasy ADP (best-ball), 2026",2026,WR,35,Makai Lemon,Makai Lemon,,Archetype,classification,archetype,N/A,Breakout Candidate,orange,-1,high,"programmatic cell-fill sampling, validated vs published colour counts"
WR_FACTOR_GRID_2026,"Analyst colour-coded WR factor grid (screenshots, 8 images)",third_party_analyst_screenshot,UNKNOWN — owner to supply,UNKNOWN — owner to supply,"Underdog Fantasy ADP (best-ball), 2026",2026,WR,35,Makai Lemon,Makai Lemon,,Injury/Suspension Concern?,classification,injury,N/A,Minimal Concern,yellow,3,high,"programmatic cell-fill sampling, validated vs published colour counts"
WR_FACTOR_GRID_2026,"Analyst colour-coded WR factor grid (screenshots, 8 images)",third_party_analyst_screenshot,UNKNOWN — owner to supply,UNKNOWN — owner to supply,"Underdog Fantasy ADP (best-ball), 2026",2026,WR,36,Quentin Johnston,Quentin Johnston,,Targets,volume,binary_vs_avg,10.7,No,red,-3,high,"programmatic cell-fill sampling, validated vs published colour counts"
WR_FACTOR_GRID_2026,"Analyst colour-coded WR factor grid (screenshots, 8 images)",third_party_analyst_screenshot,UNKNOWN — owner to supply,UNKNOWN — owner to supply,"Underdog Fantasy ADP (best-ball), 2026",2026,WR,36,Quentin Johnston,Quentin Johnston,,Receptions,volume,binary_vs_avg,7.2,No,red,-3,high,"programmatic cell-fill sampling, validated vs published colour counts"
WR_FACTOR_GRID_2026,"Analyst colour-coded WR factor grid (screenshots, 8 images)",third_party_analyst_screenshot,UNKNOWN — owner to supply,UNKNOWN — owner to supply,"Underdog Fantasy ADP (best-ball), 2026",2026,WR,36,Quentin Johnston,Quentin Johnston,,Touchdowns,volume,binary_vs_avg,0.8,Yes,yellow,3,high,"programmatic cell-fill sampling, validated vs published colour counts"
WR_FACTOR_GRID_2026,"Analyst colour-coded WR factor grid (screenshots, 8 images)",third_party_analyst_screenshot,UNKNOWN — owner to supply,UNKNOWN — owner to supply,"Underdog Fantasy ADP (best-ball), 2026",2026,WR,36,Quentin Johnston,Quentin Johnston,,Offensive Rank in PPG,situational,binary_vs_avg,8.94,Yes,green,5,high,"programmatic cell-fill sampling, validated vs published colour counts"
WR_FACTOR_GRID_2026,"Analyst colour-coded WR factor grid (screenshots, 8 images)",third_party_analyst_screenshot,UNKNOWN — owner to supply,UNKNOWN — owner to supply,"Underdog Fantasy ADP (best-ball), 2026",2026,WR,36,Quentin Johnston,Quentin Johnston,,Quarterbacks Rank in PFF Passing Grade,situational,binary_vs_avg,10.36,Yes,green,5,high,"programmatic cell-fill sampling, validated vs published colour counts"
WR_FACTOR_GRID_2026,"Analyst colour-coded WR factor grid (screenshots, 8 images)",third_party_analyst_screenshot,UNKNOWN — owner to supply,UNKNOWN — owner to supply,"Underdog Fantasy ADP (best-ball), 2026",2026,WR,36,Quentin Johnston,Quentin Johnston,,Team Pass Attempts,situational,binary_vs_avg,594.94,Yes,yellow,3,high,"programmatic cell-fill sampling, validated vs published colour counts"
WR_FACTOR_GRID_2026,"Analyst colour-coded WR factor grid (screenshots, 8 images)",third_party_analyst_screenshot,UNKNOWN — owner to supply,UNKNOWN — owner to supply,"Underdog Fantasy ADP (best-ball), 2026",2026,WR,36,Quentin Johnston,Quentin Johnston,,Highest Targeted Secondary Option,situational,more_less_same,103.31,More,red,-3,high,"programmatic cell-fill sampling, validated vs published colour counts"
WR_FACTOR_GRID_2026,"Analyst colour-coded WR factor grid (screenshots, 8 images)",third_party_analyst_screenshot,UNKNOWN — owner to supply,UNKNOWN — owner to supply,"Underdog Fantasy ADP (best-ball), 2026",2026,WR,36,Quentin Johnston,Quentin Johnston,,Offensive Line Rank in Pass Blocking,situational,binary_vs_avg,10.75,Yes,yellow,3,high,"programmatic cell-fill sampling, validated vs published colour counts"
WR_FACTOR_GRID_2026,"Analyst colour-coded WR factor grid (screenshots, 8 images)",third_party_analyst_screenshot,UNKNOWN — owner to supply,UNKNOWN — owner to supply,"Underdog Fantasy ADP (best-ball), 2026",2026,WR,36,Quentin Johnston,Quentin Johnston,,Rank in Yards per Route Run,situational,binary_vs_avg,4.81,?,orange,-1,high,"programmatic cell-fill sampling, validated vs published colour counts"
WR_FACTOR_GRID_2026,"Analyst colour-coded WR factor grid (screenshots, 8 images)",third_party_analyst_screenshot,UNKNOWN — owner to supply,UNKNOWN — owner to supply,"Underdog Fantasy ADP (best-ball), 2026",2026,WR,36,Quentin Johnston,Quentin Johnston,,Highest % Achieved in Reception Perception,situational,binary_vs_avg,90th,No,red,-3,high,"programmatic cell-fill sampling, validated vs published colour counts"
WR_FACTOR_GRID_2026,"Analyst colour-coded WR factor grid (screenshots, 8 images)",third_party_analyst_screenshot,UNKNOWN — owner to supply,UNKNOWN — owner to supply,"Underdog Fantasy ADP (best-ball), 2026",2026,WR,36,Quentin Johnston,Quentin Johnston,,Archetype,classification,archetype,N/A,Prime WR2,yellow,3,high,"programmatic cell-fill sampling, validated vs published colour counts"
WR_FACTOR_GRID_2026,"Analyst colour-coded WR factor grid (screenshots, 8 images)",third_party_analyst_screenshot,UNKNOWN — owner to supply,UNKNOWN — owner to supply,"Underdog Fantasy ADP (best-ball), 2026",2026,WR,36,Quentin Johnston,Quentin Johnston,,Injury/Suspension Concern?,classification,injury,N/A,Minimal Concern,yellow,3,high,"programmatic cell-fill sampling, validated vs published colour counts"
WR_FACTOR_GRID_2026,"Analyst colour-coded WR factor grid (screenshots, 8 images)",third_party_analyst_screenshot,UNKNOWN — owner to supply,UNKNOWN — owner to supply,"Underdog Fantasy ADP (best-ball), 2026",2026,WR,37,DK Metcalf,DK Metcalf,,Targets,volume,binary_vs_avg,10.7,No,red,-3,high,"programmatic cell-fill sampling, validated vs published colour counts"
WR_FACTOR_GRID_2026,"Analyst colour-coded WR factor grid (screenshots, 8 images)",third_party_analyst_screenshot,UNKNOWN — owner to supply,UNKNOWN — owner to supply,"Underdog Fantasy ADP (best-ball), 2026",2026,WR,37,DK Metcalf,DK Metcalf,,Receptions,volume,binary_vs_avg,7.2,No,red,-3,high,"programmatic cell-fill sampling, validated vs published colour counts"
WR_FACTOR_GRID_2026,"Analyst colour-coded WR factor grid (screenshots, 8 images)",third_party_analyst_screenshot,UNKNOWN — owner to supply,UNKNOWN — owner to supply,"Underdog Fantasy ADP (best-ball), 2026",2026,WR,37,DK Metcalf,DK Metcalf,,Touchdowns,volume,binary_vs_avg,0.8,Yes,yellow,3,high,"programmatic cell-fill sampling, validated vs published colour counts"
WR_FACTOR_GRID_2026,"Analyst colour-coded WR factor grid (screenshots, 8 images)",third_party_analyst_screenshot,UNKNOWN — owner to supply,UNKNOWN — owner to supply,"Underdog Fantasy ADP (best-ball), 2026",2026,WR,37,DK Metcalf,DK Metcalf,,Offensive Rank in PPG,situational,binary_vs_avg,8.94,?,orange,-1,high,"programmatic cell-fill sampling, validated vs published colour counts"
WR_FACTOR_GRID_2026,"Analyst colour-coded WR factor grid (screenshots, 8 images)",third_party_analyst_screenshot,UNKNOWN — owner to supply,UNKNOWN — owner to supply,"Underdog Fantasy ADP (best-ball), 2026",2026,WR,37,DK Metcalf,DK Metcalf,,Quarterbacks Rank in PFF Passing Grade,situational,binary_vs_avg,10.36,Yes,yellow,3,high,"programmatic cell-fill sampling, validated vs published colour counts"
WR_FACTOR_GRID_2026,"Analyst colour-coded WR factor grid (screenshots, 8 images)",third_party_analyst_screenshot,UNKNOWN — owner to supply,UNKNOWN — owner to supply,"Underdog Fantasy ADP (best-ball), 2026",2026,WR,37,DK Metcalf,DK Metcalf,,Team Pass Attempts,situational,binary_vs_avg,594.94,Yes,yellow,3,high,"programmatic cell-fill sampling, validated vs published colour counts"
WR_FACTOR_GRID_2026,"Analyst colour-coded WR factor grid (screenshots, 8 images)",third_party_analyst_screenshot,UNKNOWN — owner to supply,UNKNOWN — owner to supply,"Underdog Fantasy ADP (best-ball), 2026",2026,WR,37,DK Metcalf,DK Metcalf,,Highest Targeted Secondary Option,situational,more_less_same,103.31,More,red,-3,high,"programmatic cell-fill sampling, validated vs published colour counts"
WR_FACTOR_GRID_2026,"Analyst colour-coded WR factor grid (screenshots, 8 images)",third_party_analyst_screenshot,UNKNOWN — owner to supply,UNKNOWN — owner to supply,"Underdog Fantasy ADP (best-ball), 2026",2026,WR,37,DK Metcalf,DK Metcalf,,Offensive Line Rank in Pass Blocking,situational,binary_vs_avg,10.75,?,orange,-1,high,"programmatic cell-fill sampling, validated vs published colour counts"
WR_FACTOR_GRID_2026,"Analyst colour-coded WR factor grid (screenshots, 8 images)",third_party_analyst_screenshot,UNKNOWN — owner to supply,UNKNOWN — owner to supply,"Underdog Fantasy ADP (best-ball), 2026",2026,WR,37,DK Metcalf,DK Metcalf,,Rank in Yards per Route Run,situational,binary_vs_avg,4.81,No,red,-3,high,"programmatic cell-fill sampling, validated vs published colour counts"
WR_FACTOR_GRID_2026,"Analyst colour-coded WR factor grid (screenshots, 8 images)",third_party_analyst_screenshot,UNKNOWN — owner to supply,UNKNOWN — owner to supply,"Underdog Fantasy ADP (best-ball), 2026",2026,WR,37,DK Metcalf,DK Metcalf,,Highest % Achieved in Reception Perception,situational,binary_vs_avg,90th,No,red,-3,high,"programmatic cell-fill sampling, validated vs published colour counts"
WR_FACTOR_GRID_2026,"Analyst colour-coded WR factor grid (screenshots, 8 images)",third_party_analyst_screenshot,UNKNOWN — owner to supply,UNKNOWN — owner to supply,"Underdog Fantasy ADP (best-ball), 2026",2026,WR,37,DK Metcalf,DK Metcalf,,Archetype,classification,archetype,N/A,Prime WR1,green,5,high,"programmatic cell-fill sampling, validated vs published colour counts"
WR_FACTOR_GRID_2026,"Analyst colour-coded WR factor grid (screenshots, 8 images)",third_party_analyst_screenshot,UNKNOWN — owner to supply,UNKNOWN — owner to supply,"Underdog Fantasy ADP (best-ball), 2026",2026,WR,37,DK Metcalf,DK Metcalf,,Injury/Suspension Concern?,classification,injury,N/A,Minimal Concern,yellow,3,high,"programmatic cell-fill sampling, validated vs published colour counts"
WR_FACTOR_GRID_2026,"Analyst colour-coded WR factor grid (screenshots, 8 images)",third_party_analyst_screenshot,UNKNOWN — owner to supply,UNKNOWN — owner to supply,"Underdog Fantasy ADP (best-ball), 2026",2026,WR,38,Alec Pierce,Alec Pierce,,Targets,volume,binary_vs_avg,10.7,No,red,-3,high,"programmatic cell-fill sampling, validated vs published colour counts"
WR_FACTOR_GRID_2026,"Analyst colour-coded WR factor grid (screenshots, 8 images)",third_party_analyst_screenshot,UNKNOWN — owner to supply,UNKNOWN — owner to supply,"Underdog Fantasy ADP (best-ball), 2026",2026,WR,38,Alec Pierce,Alec Pierce,,Receptions,volume,binary_vs_avg,7.2,No,red,-3,high,"programmatic cell-fill sampling, validated vs published colour counts"
WR_FACTOR_GRID_2026,"Analyst colour-coded WR factor grid (screenshots, 8 images)",third_party_analyst_screenshot,UNKNOWN — owner to supply,UNKNOWN — owner to supply,"Underdog Fantasy ADP (best-ball), 2026",2026,WR,38,Alec Pierce,Alec Pierce,,Touchdowns,volume,binary_vs_avg,0.8,Yes,yellow,3,high,"programmatic cell-fill sampling, validated vs published colour counts"
WR_FACTOR_GRID_2026,"Analyst colour-coded WR factor grid (screenshots, 8 images)",third_party_analyst_screenshot,UNKNOWN — owner to supply,UNKNOWN — owner to supply,"Underdog Fantasy ADP (best-ball), 2026",2026,WR,38,Alec Pierce,Alec Pierce,,Offensive Rank in PPG,situational,binary_vs_avg,8.94,?,orange,-1,high,"programmatic cell-fill sampling, validated vs published colour counts"
WR_FACTOR_GRID_2026,"Analyst colour-coded WR factor grid (screenshots, 8 images)",third_party_analyst_screenshot,UNKNOWN — owner to supply,UNKNOWN — owner to supply,"Underdog Fantasy ADP (best-ball), 2026",2026,WR,38,Alec Pierce,Alec Pierce,,Quarterbacks Rank in PFF Passing Grade,situational,binary_vs_avg,10.36,?,orange,-1,high,"programmatic cell-fill sampling, validated vs published colour counts"
WR_FACTOR_GRID_2026,"Analyst colour-coded WR factor grid (screenshots, 8 images)",third_party_analyst_screenshot,UNKNOWN — owner to supply,UNKNOWN — owner to supply,"Underdog Fantasy ADP (best-ball), 2026",2026,WR,38,Alec Pierce,Alec Pierce,,Team Pass Attempts,situational,binary_vs_avg,594.94,No,red,-3,high,"programmatic cell-fill sampling, validated vs published colour counts"
WR_FACTOR_GRID_2026,"Analyst colour-coded WR factor grid (screenshots, 8 images)",third_party_analyst_screenshot,UNKNOWN — owner to supply,UNKNOWN — owner to supply,"Underdog Fantasy ADP (best-ball), 2026",2026,WR,38,Alec Pierce,Alec Pierce,,Highest Targeted Secondary Option,situational,more_less_same,103.31,More,red,-3,high,"programmatic cell-fill sampling, validated vs published colour counts"
WR_FACTOR_GRID_2026,"Analyst colour-coded WR factor grid (screenshots, 8 images)",third_party_analyst_screenshot,UNKNOWN — owner to supply,UNKNOWN — owner to supply,"Underdog Fantasy ADP (best-ball), 2026",2026,WR,38,Alec Pierce,Alec Pierce,,Offensive Line Rank in Pass Blocking,situational,binary_vs_avg,10.75,Yes,yellow,3,high,"programmatic cell-fill sampling, validated vs published colour counts"
WR_FACTOR_GRID_2026,"Analyst colour-coded WR factor grid (screenshots, 8 images)",third_party_analyst_screenshot,UNKNOWN — owner to supply,UNKNOWN — owner to supply,"Underdog Fantasy ADP (best-ball), 2026",2026,WR,38,Alec Pierce,Alec Pierce,,Rank in Yards per Route Run,situational,binary_vs_avg,4.81,?,orange,-1,high,"programmatic cell-fill sampling, validated vs published colour counts"
WR_FACTOR_GRID_2026,"Analyst colour-coded WR factor grid (screenshots, 8 images)",third_party_analyst_screenshot,UNKNOWN — owner to supply,UNKNOWN — owner to supply,"Underdog Fantasy ADP (best-ball), 2026",2026,WR,38,Alec Pierce,Alec Pierce,,Highest % Achieved in Reception Perception,situational,binary_vs_avg,90th,No,red,-3,high,"programmatic cell-fill sampling, validated vs published colour counts"
WR_FACTOR_GRID_2026,"Analyst colour-coded WR factor grid (screenshots, 8 images)",third_party_analyst_screenshot,UNKNOWN — owner to supply,UNKNOWN — owner to supply,"Underdog Fantasy ADP (best-ball), 2026",2026,WR,38,Alec Pierce,Alec Pierce,,Archetype,classification,archetype,N/A,Prime WR2,yellow,3,high,"programmatic cell-fill sampling, validated vs published colour counts"
WR_FACTOR_GRID_2026,"Analyst colour-coded WR factor grid (screenshots, 8 images)",third_party_analyst_screenshot,UNKNOWN — owner to supply,UNKNOWN — owner to supply,"Underdog Fantasy ADP (best-ball), 2026",2026,WR,38,Alec Pierce,Alec Pierce,,Injury/Suspension Concern?,classification,injury,N/A,Concerned,red,-3,high,"programmatic cell-fill sampling, validated vs published colour counts"
WR_FACTOR_GRID_2026,"Analyst colour-coded WR factor grid (screenshots, 8 images)",third_party_analyst_screenshot,UNKNOWN — owner to supply,UNKNOWN — owner to supply,"Underdog Fantasy ADP (best-ball), 2026",2026,WR,39,Courtland Sutton,Courtland Sutton,,Targets,volume,binary_vs_avg,10.7,No,red,-3,high,"programmatic cell-fill sampling, validated vs published colour counts"
WR_FACTOR_GRID_2026,"Analyst colour-coded WR factor grid (screenshots, 8 images)",third_party_analyst_screenshot,UNKNOWN — owner to supply,UNKNOWN — owner to supply,"Underdog Fantasy ADP (best-ball), 2026",2026,WR,39,Courtland Sutton,Courtland Sutton,,Receptions,volume,binary_vs_avg,7.2,No,red,-3,high,"programmatic cell-fill sampling, validated vs published colour counts"
WR_FACTOR_GRID_2026,"Analyst colour-coded WR factor grid (screenshots, 8 images)",third_party_analyst_screenshot,UNKNOWN — owner to supply,UNKNOWN — owner to supply,"Underdog Fantasy ADP (best-ball), 2026",2026,WR,39,Courtland Sutton,Courtland Sutton,,Touchdowns,volume,binary_vs_avg,0.8,Yes,yellow,3,high,"programmatic cell-fill sampling, validated vs published colour counts"
WR_FACTOR_GRID_2026,"Analyst colour-coded WR factor grid (screenshots, 8 images)",third_party_analyst_screenshot,UNKNOWN — owner to supply,UNKNOWN — owner to supply,"Underdog Fantasy ADP (best-ball), 2026",2026,WR,39,Courtland Sutton,Courtland Sutton,,Offensive Rank in PPG,situational,binary_vs_avg,8.94,Yes,green,5,high,"programmatic cell-fill sampling, validated vs published colour counts"
WR_FACTOR_GRID_2026,"Analyst colour-coded WR factor grid (screenshots, 8 images)",third_party_analyst_screenshot,UNKNOWN — owner to supply,UNKNOWN — owner to supply,"Underdog Fantasy ADP (best-ball), 2026",2026,WR,39,Courtland Sutton,Courtland Sutton,,Quarterbacks Rank in PFF Passing Grade,situational,binary_vs_avg,10.36,Yes,yellow,3,high,"programmatic cell-fill sampling, validated vs published colour counts"
WR_FACTOR_GRID_2026,"Analyst colour-coded WR factor grid (screenshots, 8 images)",third_party_analyst_screenshot,UNKNOWN — owner to supply,UNKNOWN — owner to supply,"Underdog Fantasy ADP (best-ball), 2026",2026,WR,39,Courtland Sutton,Courtland Sutton,,Team Pass Attempts,situational,binary_vs_avg,594.94,Yes,green,5,high,"programmatic cell-fill sampling, validated vs published colour counts"
WR_FACTOR_GRID_2026,"Analyst colour-coded WR factor grid (screenshots, 8 images)",third_party_analyst_screenshot,UNKNOWN — owner to supply,UNKNOWN — owner to supply,"Underdog Fantasy ADP (best-ball), 2026",2026,WR,39,Courtland Sutton,Courtland Sutton,,Highest Targeted Secondary Option,situational,more_less_same,103.31,More,red,-3,high,"programmatic cell-fill sampling, validated vs published colour counts"
WR_FACTOR_GRID_2026,"Analyst colour-coded WR factor grid (screenshots, 8 images)",third_party_analyst_screenshot,UNKNOWN — owner to supply,UNKNOWN — owner to supply,"Underdog Fantasy ADP (best-ball), 2026",2026,WR,39,Courtland Sutton,Courtland Sutton,,Offensive Line Rank in Pass Blocking,situational,binary_vs_avg,10.75,Yes,green,5,high,"programmatic cell-fill sampling, validated vs published colour counts"
WR_FACTOR_GRID_2026,"Analyst colour-coded WR factor grid (screenshots, 8 images)",third_party_analyst_screenshot,UNKNOWN — owner to supply,UNKNOWN — owner to supply,"Underdog Fantasy ADP (best-ball), 2026",2026,WR,39,Courtland Sutton,Courtland Sutton,,Rank in Yards per Route Run,situational,binary_vs_avg,4.81,No,red,-3,high,"programmatic cell-fill sampling, validated vs published colour counts"
WR_FACTOR_GRID_2026,"Analyst colour-coded WR factor grid (screenshots, 8 images)",third_party_analyst_screenshot,UNKNOWN — owner to supply,UNKNOWN — owner to supply,"Underdog Fantasy ADP (best-ball), 2026",2026,WR,39,Courtland Sutton,Courtland Sutton,,Highest % Achieved in Reception Perception,situational,binary_vs_avg,90th,No,red,-3,high,"programmatic cell-fill sampling, validated vs published colour counts"
WR_FACTOR_GRID_2026,"Analyst colour-coded WR factor grid (screenshots, 8 images)",third_party_analyst_screenshot,UNKNOWN — owner to supply,UNKNOWN — owner to supply,"Underdog Fantasy ADP (best-ball), 2026",2026,WR,39,Courtland Sutton,Courtland Sutton,,Archetype,classification,archetype,N/A,Trusty Veteran,red,-3,high,"programmatic cell-fill sampling, validated vs published colour counts"
WR_FACTOR_GRID_2026,"Analyst colour-coded WR factor grid (screenshots, 8 images)",third_party_analyst_screenshot,UNKNOWN — owner to supply,UNKNOWN — owner to supply,"Underdog Fantasy ADP (best-ball), 2026",2026,WR,39,Courtland Sutton,Courtland Sutton,,Injury/Suspension Concern?,classification,injury,N/A,Some Concern,orange,-1,high,"programmatic cell-fill sampling, validated vs published colour counts"
WR_FACTOR_GRID_2026,"Analyst colour-coded WR factor grid (screenshots, 8 images)",third_party_analyst_screenshot,UNKNOWN — owner to supply,UNKNOWN — owner to supply,"Underdog Fantasy ADP (best-ball), 2026",2026,WR,40,Jayden Reed,Jayden Reed,,Targets,volume,binary_vs_avg,10.7,No,red,-3,high,"programmatic cell-fill sampling, validated vs published colour counts"
WR_FACTOR_GRID_2026,"Analyst colour-coded WR factor grid (screenshots, 8 images)",third_party_analyst_screenshot,UNKNOWN — owner to supply,UNKNOWN — owner to supply,"Underdog Fantasy ADP (best-ball), 2026",2026,WR,40,Jayden Reed,Jayden Reed,,Receptions,volume,binary_vs_avg,7.2,No,red,-3,high,"programmatic cell-fill sampling, validated vs published colour counts"
WR_FACTOR_GRID_2026,"Analyst colour-coded WR factor grid (screenshots, 8 images)",third_party_analyst_screenshot,UNKNOWN — owner to supply,UNKNOWN — owner to supply,"Underdog Fantasy ADP (best-ball), 2026",2026,WR,40,Jayden Reed,Jayden Reed,,Touchdowns,volume,binary_vs_avg,0.8,No,red,-3,high,"programmatic cell-fill sampling, validated vs published colour counts"
WR_FACTOR_GRID_2026,"Analyst colour-coded WR factor grid (screenshots, 8 images)",third_party_analyst_screenshot,UNKNOWN — owner to supply,UNKNOWN — owner to supply,"Underdog Fantasy ADP (best-ball), 2026",2026,WR,40,Jayden Reed,Jayden Reed,,Offensive Rank in PPG,situational,binary_vs_avg,8.94,Yes,yellow,3,high,"programmatic cell-fill sampling, validated vs published colour counts"
WR_FACTOR_GRID_2026,"Analyst colour-coded WR factor grid (screenshots, 8 images)",third_party_analyst_screenshot,UNKNOWN — owner to supply,UNKNOWN — owner to supply,"Underdog Fantasy ADP (best-ball), 2026",2026,WR,40,Jayden Reed,Jayden Reed,,Quarterbacks Rank in PFF Passing Grade,situational,binary_vs_avg,10.36,Yes,yellow,3,high,"programmatic cell-fill sampling, validated vs published colour counts"
WR_FACTOR_GRID_2026,"Analyst colour-coded WR factor grid (screenshots, 8 images)",third_party_analyst_screenshot,UNKNOWN — owner to supply,UNKNOWN — owner to supply,"Underdog Fantasy ADP (best-ball), 2026",2026,WR,40,Jayden Reed,Jayden Reed,,Team Pass Attempts,situational,binary_vs_avg,594.94,?,orange,-1,high,"programmatic cell-fill sampling, validated vs published colour counts"
WR_FACTOR_GRID_2026,"Analyst colour-coded WR factor grid (screenshots, 8 images)",third_party_analyst_screenshot,UNKNOWN — owner to supply,UNKNOWN — owner to supply,"Underdog Fantasy ADP (best-ball), 2026",2026,WR,40,Jayden Reed,Jayden Reed,,Highest Targeted Secondary Option,situational,more_less_same,103.31,More,red,-3,high,"programmatic cell-fill sampling, validated vs published colour counts"
WR_FACTOR_GRID_2026,"Analyst colour-coded WR factor grid (screenshots, 8 images)",third_party_analyst_screenshot,UNKNOWN — owner to supply,UNKNOWN — owner to supply,"Underdog Fantasy ADP (best-ball), 2026",2026,WR,40,Jayden Reed,Jayden Reed,,Offensive Line Rank in Pass Blocking,situational,binary_vs_avg,10.75,No,red,-3,high,"programmatic cell-fill sampling, validated vs published colour counts"
WR_FACTOR_GRID_2026,"Analyst colour-coded WR factor grid (screenshots, 8 images)",third_party_analyst_screenshot,UNKNOWN — owner to supply,UNKNOWN — owner to supply,"Underdog Fantasy ADP (best-ball), 2026",2026,WR,40,Jayden Reed,Jayden Reed,,Rank in Yards per Route Run,situational,binary_vs_avg,4.81,No,red,-3,high,"programmatic cell-fill sampling, validated vs published colour counts"
WR_FACTOR_GRID_2026,"Analyst colour-coded WR factor grid (screenshots, 8 images)",third_party_analyst_screenshot,UNKNOWN — owner to supply,UNKNOWN — owner to supply,"Underdog Fantasy ADP (best-ball), 2026",2026,WR,40,Jayden Reed,Jayden Reed,,Highest % Achieved in Reception Perception,situational,binary_vs_avg,90th,?,orange,-1,high,"programmatic cell-fill sampling, validated vs published colour counts"
WR_FACTOR_GRID_2026,"Analyst colour-coded WR factor grid (screenshots, 8 images)",third_party_analyst_screenshot,UNKNOWN — owner to supply,UNKNOWN — owner to supply,"Underdog Fantasy ADP (best-ball), 2026",2026,WR,40,Jayden Reed,Jayden Reed,,Archetype,classification,archetype,N/A,Prime WR2,yellow,3,high,"programmatic cell-fill sampling, validated vs published colour counts"
WR_FACTOR_GRID_2026,"Analyst colour-coded WR factor grid (screenshots, 8 images)",third_party_analyst_screenshot,UNKNOWN — owner to supply,UNKNOWN — owner to supply,"Underdog Fantasy ADP (best-ball), 2026",2026,WR,40,Jayden Reed,Jayden Reed,,Injury/Suspension Concern?,classification,injury,N/A,Some Concern,orange,-1,high,"programmatic cell-fill sampling, validated vs published colour counts"
WR_FACTOR_GRID_2026,"Analyst colour-coded WR factor grid (screenshots, 8 images)",third_party_analyst_screenshot,UNKNOWN — owner to supply,UNKNOWN — owner to supply,"Underdog Fantasy ADP (best-ball), 2026",2026,WR,41,Jordan Addison,Jordan Addison,,Targets,volume,binary_vs_avg,10.7,No,red,-3,high,"programmatic cell-fill sampling, validated vs published colour counts"
WR_FACTOR_GRID_2026,"Analyst colour-coded WR factor grid (screenshots, 8 images)",third_party_analyst_screenshot,UNKNOWN — owner to supply,UNKNOWN — owner to supply,"Underdog Fantasy ADP (best-ball), 2026",2026,WR,41,Jordan Addison,Jordan Addison,,Receptions,volume,binary_vs_avg,7.2,No,red,-3,high,"programmatic cell-fill sampling, validated vs published colour counts"
WR_FACTOR_GRID_2026,"Analyst colour-coded WR factor grid (screenshots, 8 images)",third_party_analyst_screenshot,UNKNOWN — owner to supply,UNKNOWN — owner to supply,"Underdog Fantasy ADP (best-ball), 2026",2026,WR,41,Jordan Addison,Jordan Addison,,Touchdowns,volume,binary_vs_avg,0.8,Yes,yellow,3,high,"programmatic cell-fill sampling, validated vs published colour counts"
WR_FACTOR_GRID_2026,"Analyst colour-coded WR factor grid (screenshots, 8 images)",third_party_analyst_screenshot,UNKNOWN — owner to supply,UNKNOWN — owner to supply,"Underdog Fantasy ADP (best-ball), 2026",2026,WR,41,Jordan Addison,Jordan Addison,,Offensive Rank in PPG,situational,binary_vs_avg,8.94,Yes,yellow,3,high,"programmatic cell-fill sampling, validated vs published colour counts"
WR_FACTOR_GRID_2026,"Analyst colour-coded WR factor grid (screenshots, 8 images)",third_party_analyst_screenshot,UNKNOWN — owner to supply,UNKNOWN — owner to supply,"Underdog Fantasy ADP (best-ball), 2026",2026,WR,41,Jordan Addison,Jordan Addison,,Quarterbacks Rank in PFF Passing Grade,situational,binary_vs_avg,10.36,?,orange,-1,high,"programmatic cell-fill sampling, validated vs published colour counts"
WR_FACTOR_GRID_2026,"Analyst colour-coded WR factor grid (screenshots, 8 images)",third_party_analyst_screenshot,UNKNOWN — owner to supply,UNKNOWN — owner to supply,"Underdog Fantasy ADP (best-ball), 2026",2026,WR,41,Jordan Addison,Jordan Addison,,Team Pass Attempts,situational,binary_vs_avg,594.94,Yes,yellow,3,high,"programmatic cell-fill sampling, validated vs published colour counts"
WR_FACTOR_GRID_2026,"Analyst colour-coded WR factor grid (screenshots, 8 images)",third_party_analyst_screenshot,UNKNOWN — owner to supply,UNKNOWN — owner to supply,"Underdog Fantasy ADP (best-ball), 2026",2026,WR,41,Jordan Addison,Jordan Addison,,Highest Targeted Secondary Option,situational,more_less_same,103.31,More,red,-3,high,"programmatic cell-fill sampling, validated vs published colour counts"
WR_FACTOR_GRID_2026,"Analyst colour-coded WR factor grid (screenshots, 8 images)",third_party_analyst_screenshot,UNKNOWN — owner to supply,UNKNOWN — owner to supply,"Underdog Fantasy ADP (best-ball), 2026",2026,WR,41,Jordan Addison,Jordan Addison,,Offensive Line Rank in Pass Blocking,situational,binary_vs_avg,10.75,Yes,yellow,3,high,"programmatic cell-fill sampling, validated vs published colour counts"
WR_FACTOR_GRID_2026,"Analyst colour-coded WR factor grid (screenshots, 8 images)",third_party_analyst_screenshot,UNKNOWN — owner to supply,UNKNOWN — owner to supply,"Underdog Fantasy ADP (best-ball), 2026",2026,WR,41,Jordan Addison,Jordan Addison,,Rank in Yards per Route Run,situational,binary_vs_avg,4.81,No,red,-3,high,"programmatic cell-fill sampling, validated vs published colour counts"
WR_FACTOR_GRID_2026,"Analyst colour-coded WR factor grid (screenshots, 8 images)",third_party_analyst_screenshot,UNKNOWN — owner to supply,UNKNOWN — owner to supply,"Underdog Fantasy ADP (best-ball), 2026",2026,WR,41,Jordan Addison,Jordan Addison,,Highest % Achieved in Reception Perception,situational,binary_vs_avg,90th,No,red,-3,high,"programmatic cell-fill sampling, validated vs published colour counts"
WR_FACTOR_GRID_2026,"Analyst colour-coded WR factor grid (screenshots, 8 images)",third_party_analyst_screenshot,UNKNOWN — owner to supply,UNKNOWN — owner to supply,"Underdog Fantasy ADP (best-ball), 2026",2026,WR,41,Jordan Addison,Jordan Addison,,Archetype,classification,archetype,N/A,Prime WR2,yellow,3,high,"programmatic cell-fill sampling, validated vs published colour counts"
WR_FACTOR_GRID_2026,"Analyst colour-coded WR factor grid (screenshots, 8 images)",third_party_analyst_screenshot,UNKNOWN — owner to supply,UNKNOWN — owner to supply,"Underdog Fantasy ADP (best-ball), 2026",2026,WR,41,Jordan Addison,Jordan Addison,,Injury/Suspension Concern?,classification,injury,N/A,Minimal Concern,yellow,3,high,"programmatic cell-fill sampling, validated vs published colour counts"
WR_FACTOR_GRID_2026,"Analyst colour-coded WR factor grid (screenshots, 8 images)",third_party_analyst_screenshot,UNKNOWN — owner to supply,UNKNOWN — owner to supply,"Underdog Fantasy ADP (best-ball), 2026",2026,WR,42,Chris Godwin,Chris Godwin,,Targets,volume,binary_vs_avg,10.7,?,orange,-1,high,"programmatic cell-fill sampling, validated vs published colour counts"
WR_FACTOR_GRID_2026,"Analyst colour-coded WR factor grid (screenshots, 8 images)",third_party_analyst_screenshot,UNKNOWN — owner to supply,UNKNOWN — owner to supply,"Underdog Fantasy ADP (best-ball), 2026",2026,WR,42,Chris Godwin,Chris Godwin,,Receptions,volume,binary_vs_avg,7.2,?,orange,-1,high,"programmatic cell-fill sampling, validated vs published colour counts"
WR_FACTOR_GRID_2026,"Analyst colour-coded WR factor grid (screenshots, 8 images)",third_party_analyst_screenshot,UNKNOWN — owner to supply,UNKNOWN — owner to supply,"Underdog Fantasy ADP (best-ball), 2026",2026,WR,42,Chris Godwin,Chris Godwin,,Touchdowns,volume,binary_vs_avg,0.8,No,red,-3,high,"programmatic cell-fill sampling, validated vs published colour counts"
WR_FACTOR_GRID_2026,"Analyst colour-coded WR factor grid (screenshots, 8 images)",third_party_analyst_screenshot,UNKNOWN — owner to supply,UNKNOWN — owner to supply,"Underdog Fantasy ADP (best-ball), 2026",2026,WR,42,Chris Godwin,Chris Godwin,,Offensive Rank in PPG,situational,binary_vs_avg,8.94,Yes,yellow,3,high,"programmatic cell-fill sampling, validated vs published colour counts"
WR_FACTOR_GRID_2026,"Analyst colour-coded WR factor grid (screenshots, 8 images)",third_party_analyst_screenshot,UNKNOWN — owner to supply,UNKNOWN — owner to supply,"Underdog Fantasy ADP (best-ball), 2026",2026,WR,42,Chris Godwin,Chris Godwin,,Quarterbacks Rank in PFF Passing Grade,situational,binary_vs_avg,10.36,Yes,yellow,3,high,"programmatic cell-fill sampling, validated vs published colour counts"
WR_FACTOR_GRID_2026,"Analyst colour-coded WR factor grid (screenshots, 8 images)",third_party_analyst_screenshot,UNKNOWN — owner to supply,UNKNOWN — owner to supply,"Underdog Fantasy ADP (best-ball), 2026",2026,WR,42,Chris Godwin,Chris Godwin,,Team Pass Attempts,situational,binary_vs_avg,594.94,Yes,yellow,3,high,"programmatic cell-fill sampling, validated vs published colour counts"
WR_FACTOR_GRID_2026,"Analyst colour-coded WR factor grid (screenshots, 8 images)",third_party_analyst_screenshot,UNKNOWN — owner to supply,UNKNOWN — owner to supply,"Underdog Fantasy ADP (best-ball), 2026",2026,WR,42,Chris Godwin,Chris Godwin,,Highest Targeted Secondary Option,situational,more_less_same,103.31,More,red,-3,high,"programmatic cell-fill sampling, validated vs published colour counts"
WR_FACTOR_GRID_2026,"Analyst colour-coded WR factor grid (screenshots, 8 images)",third_party_analyst_screenshot,UNKNOWN — owner to supply,UNKNOWN — owner to supply,"Underdog Fantasy ADP (best-ball), 2026",2026,WR,42,Chris Godwin,Chris Godwin,,Offensive Line Rank in Pass Blocking,situational,binary_vs_avg,10.75,Yes,green,5,high,"programmatic cell-fill sampling, validated vs published colour counts"
WR_FACTOR_GRID_2026,"Analyst colour-coded WR factor grid (screenshots, 8 images)",third_party_analyst_screenshot,UNKNOWN — owner to supply,UNKNOWN — owner to supply,"Underdog Fantasy ADP (best-ball), 2026",2026,WR,42,Chris Godwin,Chris Godwin,,Rank in Yards per Route Run,situational,binary_vs_avg,4.81,?,orange,-1,high,"programmatic cell-fill sampling, validated vs published colour counts"
WR_FACTOR_GRID_2026,"Analyst colour-coded WR factor grid (screenshots, 8 images)",third_party_analyst_screenshot,UNKNOWN — owner to supply,UNKNOWN — owner to supply,"Underdog Fantasy ADP (best-ball), 2026",2026,WR,42,Chris Godwin,Chris Godwin,,Highest % Achieved in Reception Perception,situational,binary_vs_avg,90th,?,orange,-1,high,"programmatic cell-fill sampling, validated vs published colour counts"
WR_FACTOR_GRID_2026,"Analyst colour-coded WR factor grid (screenshots, 8 images)",third_party_analyst_screenshot,UNKNOWN — owner to supply,UNKNOWN — owner to supply,"Underdog Fantasy ADP (best-ball), 2026",2026,WR,42,Chris Godwin,Chris Godwin,,Archetype,classification,archetype,N/A,Trusty Veteran,red,-3,high,"programmatic cell-fill sampling, validated vs published colour counts"
WR_FACTOR_GRID_2026,"Analyst colour-coded WR factor grid (screenshots, 8 images)",third_party_analyst_screenshot,UNKNOWN — owner to supply,UNKNOWN — owner to supply,"Underdog Fantasy ADP (best-ball), 2026",2026,WR,42,Chris Godwin,Chris Godwin,,Injury/Suspension Concern?,classification,injury,N/A,Some Concern,orange,-1,high,"programmatic cell-fill sampling, validated vs published colour counts"
WR_FACTOR_GRID_2026,"Analyst colour-coded WR factor grid (screenshots, 8 images)",third_party_analyst_screenshot,UNKNOWN — owner to supply,UNKNOWN — owner to supply,"Underdog Fantasy ADP (best-ball), 2026",2026,WR,43,Josh Downs,Josh Downs,,Targets,volume,binary_vs_avg,10.7,No,red,-3,high,"programmatic cell-fill sampling, validated vs published colour counts"
WR_FACTOR_GRID_2026,"Analyst colour-coded WR factor grid (screenshots, 8 images)",third_party_analyst_screenshot,UNKNOWN — owner to supply,UNKNOWN — owner to supply,"Underdog Fantasy ADP (best-ball), 2026",2026,WR,43,Josh Downs,Josh Downs,,Receptions,volume,binary_vs_avg,7.2,No,red,-3,high,"programmatic cell-fill sampling, validated vs published colour counts"
WR_FACTOR_GRID_2026,"Analyst colour-coded WR factor grid (screenshots, 8 images)",third_party_analyst_screenshot,UNKNOWN — owner to supply,UNKNOWN — owner to supply,"Underdog Fantasy ADP (best-ball), 2026",2026,WR,43,Josh Downs,Josh Downs,,Touchdowns,volume,binary_vs_avg,0.8,No,red,-3,high,"programmatic cell-fill sampling, validated vs published colour counts"
WR_FACTOR_GRID_2026,"Analyst colour-coded WR factor grid (screenshots, 8 images)",third_party_analyst_screenshot,UNKNOWN — owner to supply,UNKNOWN — owner to supply,"Underdog Fantasy ADP (best-ball), 2026",2026,WR,43,Josh Downs,Josh Downs,,Offensive Rank in PPG,situational,binary_vs_avg,8.94,?,orange,-1,high,"programmatic cell-fill sampling, validated vs published colour counts"
WR_FACTOR_GRID_2026,"Analyst colour-coded WR factor grid (screenshots, 8 images)",third_party_analyst_screenshot,UNKNOWN — owner to supply,UNKNOWN — owner to supply,"Underdog Fantasy ADP (best-ball), 2026",2026,WR,43,Josh Downs,Josh Downs,,Quarterbacks Rank in PFF Passing Grade,situational,binary_vs_avg,10.36,?,orange,-1,high,"programmatic cell-fill sampling, validated vs published colour counts"
WR_FACTOR_GRID_2026,"Analyst colour-coded WR factor grid (screenshots, 8 images)",third_party_analyst_screenshot,UNKNOWN — owner to supply,UNKNOWN — owner to supply,"Underdog Fantasy ADP (best-ball), 2026",2026,WR,43,Josh Downs,Josh Downs,,Team Pass Attempts,situational,binary_vs_avg,594.94,No,red,-3,high,"programmatic cell-fill sampling, validated vs published colour counts"
WR_FACTOR_GRID_2026,"Analyst colour-coded WR factor grid (screenshots, 8 images)",third_party_analyst_screenshot,UNKNOWN — owner to supply,UNKNOWN — owner to supply,"Underdog Fantasy ADP (best-ball), 2026",2026,WR,43,Josh Downs,Josh Downs,,Highest Targeted Secondary Option,situational,more_less_same,103.31,More,red,-3,high,"programmatic cell-fill sampling, validated vs published colour counts"
WR_FACTOR_GRID_2026,"Analyst colour-coded WR factor grid (screenshots, 8 images)",third_party_analyst_screenshot,UNKNOWN — owner to supply,UNKNOWN — owner to supply,"Underdog Fantasy ADP (best-ball), 2026",2026,WR,43,Josh Downs,Josh Downs,,Offensive Line Rank in Pass Blocking,situational,binary_vs_avg,10.75,Yes,yellow,3,high,"programmatic cell-fill sampling, validated vs published colour counts"
WR_FACTOR_GRID_2026,"Analyst colour-coded WR factor grid (screenshots, 8 images)",third_party_analyst_screenshot,UNKNOWN — owner to supply,UNKNOWN — owner to supply,"Underdog Fantasy ADP (best-ball), 2026",2026,WR,43,Josh Downs,Josh Downs,,Rank in Yards per Route Run,situational,binary_vs_avg,4.81,?,orange,-1,high,"programmatic cell-fill sampling, validated vs published colour counts"
WR_FACTOR_GRID_2026,"Analyst colour-coded WR factor grid (screenshots, 8 images)",third_party_analyst_screenshot,UNKNOWN — owner to supply,UNKNOWN — owner to supply,"Underdog Fantasy ADP (best-ball), 2026",2026,WR,43,Josh Downs,Josh Downs,,Highest % Achieved in Reception Perception,situational,binary_vs_avg,90th,Yes,yellow,3,high,"programmatic cell-fill sampling, validated vs published colour counts"
WR_FACTOR_GRID_2026,"Analyst colour-coded WR factor grid (screenshots, 8 images)",third_party_analyst_screenshot,UNKNOWN — owner to supply,UNKNOWN — owner to supply,"Underdog Fantasy ADP (best-ball), 2026",2026,WR,43,Josh Downs,Josh Downs,,Archetype,classification,archetype,N/A,Prime WR2,yellow,3,high,"programmatic cell-fill sampling, validated vs published colour counts"
WR_FACTOR_GRID_2026,"Analyst colour-coded WR factor grid (screenshots, 8 images)",third_party_analyst_screenshot,UNKNOWN — owner to supply,UNKNOWN — owner to supply,"Underdog Fantasy ADP (best-ball), 2026",2026,WR,43,Josh Downs,Josh Downs,,Injury/Suspension Concern?,classification,injury,N/A,Minimal Concern,yellow,3,high,"programmatic cell-fill sampling, validated vs published colour counts"
WR_FACTOR_GRID_2026,"Analyst colour-coded WR factor grid (screenshots, 8 images)",third_party_analyst_screenshot,UNKNOWN — owner to supply,UNKNOWN — owner to supply,"Underdog Fantasy ADP (best-ball), 2026",2026,WR,44,Michael Wilson,Michael Wilson,,Targets,volume,binary_vs_avg,10.7,No,red,-3,high,"programmatic cell-fill sampling, validated vs published colour counts"
WR_FACTOR_GRID_2026,"Analyst colour-coded WR factor grid (screenshots, 8 images)",third_party_analyst_screenshot,UNKNOWN — owner to supply,UNKNOWN — owner to supply,"Underdog Fantasy ADP (best-ball), 2026",2026,WR,44,Michael Wilson,Michael Wilson,,Receptions,volume,binary_vs_avg,7.2,No,red,-3,high,"programmatic cell-fill sampling, validated vs published colour counts"
WR_FACTOR_GRID_2026,"Analyst colour-coded WR factor grid (screenshots, 8 images)",third_party_analyst_screenshot,UNKNOWN — owner to supply,UNKNOWN — owner to supply,"Underdog Fantasy ADP (best-ball), 2026",2026,WR,44,Michael Wilson,Michael Wilson,,Touchdowns,volume,binary_vs_avg,0.8,Yes,yellow,3,high,"programmatic cell-fill sampling, validated vs published colour counts"
WR_FACTOR_GRID_2026,"Analyst colour-coded WR factor grid (screenshots, 8 images)",third_party_analyst_screenshot,UNKNOWN — owner to supply,UNKNOWN — owner to supply,"Underdog Fantasy ADP (best-ball), 2026",2026,WR,44,Michael Wilson,Michael Wilson,,Offensive Rank in PPG,situational,binary_vs_avg,8.94,?,orange,-1,high,"programmatic cell-fill sampling, validated vs published colour counts"
WR_FACTOR_GRID_2026,"Analyst colour-coded WR factor grid (screenshots, 8 images)",third_party_analyst_screenshot,UNKNOWN — owner to supply,UNKNOWN — owner to supply,"Underdog Fantasy ADP (best-ball), 2026",2026,WR,44,Michael Wilson,Michael Wilson,,Quarterbacks Rank in PFF Passing Grade,situational,binary_vs_avg,10.36,No,red,-3,high,"programmatic cell-fill sampling, validated vs published colour counts"
WR_FACTOR_GRID_2026,"Analyst colour-coded WR factor grid (screenshots, 8 images)",third_party_analyst_screenshot,UNKNOWN — owner to supply,UNKNOWN — owner to supply,"Underdog Fantasy ADP (best-ball), 2026",2026,WR,44,Michael Wilson,Michael Wilson,,Team Pass Attempts,situational,binary_vs_avg,594.94,Yes,green,5,high,"programmatic cell-fill sampling, validated vs published colour counts"
WR_FACTOR_GRID_2026,"Analyst colour-coded WR factor grid (screenshots, 8 images)",third_party_analyst_screenshot,UNKNOWN — owner to supply,UNKNOWN — owner to supply,"Underdog Fantasy ADP (best-ball), 2026",2026,WR,44,Michael Wilson,Michael Wilson,,Highest Targeted Secondary Option,situational,more_less_same,103.31,Same,yellow,3,high,"programmatic cell-fill sampling, validated vs published colour counts"
WR_FACTOR_GRID_2026,"Analyst colour-coded WR factor grid (screenshots, 8 images)",third_party_analyst_screenshot,UNKNOWN — owner to supply,UNKNOWN — owner to supply,"Underdog Fantasy ADP (best-ball), 2026",2026,WR,44,Michael Wilson,Michael Wilson,,Offensive Line Rank in Pass Blocking,situational,binary_vs_avg,10.75,?,orange,-1,high,"programmatic cell-fill sampling, validated vs published colour counts"
WR_FACTOR_GRID_2026,"Analyst colour-coded WR factor grid (screenshots, 8 images)",third_party_analyst_screenshot,UNKNOWN — owner to supply,UNKNOWN — owner to supply,"Underdog Fantasy ADP (best-ball), 2026",2026,WR,44,Michael Wilson,Michael Wilson,,Rank in Yards per Route Run,situational,binary_vs_avg,4.81,Yes,yellow,3,high,"programmatic cell-fill sampling, validated vs published colour counts"
WR_FACTOR_GRID_2026,"Analyst colour-coded WR factor grid (screenshots, 8 images)",third_party_analyst_screenshot,UNKNOWN — owner to supply,UNKNOWN — owner to supply,"Underdog Fantasy ADP (best-ball), 2026",2026,WR,44,Michael Wilson,Michael Wilson,,Highest % Achieved in Reception Perception,situational,binary_vs_avg,90th,Yes,yellow,3,high,"programmatic cell-fill sampling, validated vs published colour counts"
WR_FACTOR_GRID_2026,"Analyst colour-coded WR factor grid (screenshots, 8 images)",third_party_analyst_screenshot,UNKNOWN — owner to supply,UNKNOWN — owner to supply,"Underdog Fantasy ADP (best-ball), 2026",2026,WR,44,Michael Wilson,Michael Wilson,,Archetype,classification,archetype,N/A,Prime WR2,yellow,3,high,"programmatic cell-fill sampling, validated vs published colour counts"
WR_FACTOR_GRID_2026,"Analyst colour-coded WR factor grid (screenshots, 8 images)",third_party_analyst_screenshot,UNKNOWN — owner to supply,UNKNOWN — owner to supply,"Underdog Fantasy ADP (best-ball), 2026",2026,WR,44,Michael Wilson,Michael Wilson,,Injury/Suspension Concern?,classification,injury,N/A,Minimal Concern,yellow,3,high,"programmatic cell-fill sampling, validated vs published colour counts"
WR_FACTOR_GRID_2026,"Analyst colour-coded WR factor grid (screenshots, 8 images)",third_party_analyst_screenshot,UNKNOWN — owner to supply,UNKNOWN — owner to supply,"Underdog Fantasy ADP (best-ball), 2026",2026,WR,45,Michael Pittman Jr.,Michael Pittman Jr.,,Targets,volume,binary_vs_avg,10.7,?,orange,-1,high,"programmatic cell-fill sampling, validated vs published colour counts"
WR_FACTOR_GRID_2026,"Analyst colour-coded WR factor grid (screenshots, 8 images)",third_party_analyst_screenshot,UNKNOWN — owner to supply,UNKNOWN — owner to supply,"Underdog Fantasy ADP (best-ball), 2026",2026,WR,45,Michael Pittman Jr.,Michael Pittman Jr.,,Receptions,volume,binary_vs_avg,7.2,?,orange,-1,high,"programmatic cell-fill sampling, validated vs published colour counts"
WR_FACTOR_GRID_2026,"Analyst colour-coded WR factor grid (screenshots, 8 images)",third_party_analyst_screenshot,UNKNOWN — owner to supply,UNKNOWN — owner to supply,"Underdog Fantasy ADP (best-ball), 2026",2026,WR,45,Michael Pittman Jr.,Michael Pittman Jr.,,Touchdowns,volume,binary_vs_avg,0.8,No,red,-3,high,"programmatic cell-fill sampling, validated vs published colour counts"
WR_FACTOR_GRID_2026,"Analyst colour-coded WR factor grid (screenshots, 8 images)",third_party_analyst_screenshot,UNKNOWN — owner to supply,UNKNOWN — owner to supply,"Underdog Fantasy ADP (best-ball), 2026",2026,WR,45,Michael Pittman Jr.,Michael Pittman Jr.,,Offensive Rank in PPG,situational,binary_vs_avg,8.94,?,orange,-1,high,"programmatic cell-fill sampling, validated vs published colour counts"
WR_FACTOR_GRID_2026,"Analyst colour-coded WR factor grid (screenshots, 8 images)",third_party_analyst_screenshot,UNKNOWN — owner to supply,UNKNOWN — owner to supply,"Underdog Fantasy ADP (best-ball), 2026",2026,WR,45,Michael Pittman Jr.,Michael Pittman Jr.,,Quarterbacks Rank in PFF Passing Grade,situational,binary_vs_avg,10.36,Yes,yellow,3,high,"programmatic cell-fill sampling, validated vs published colour counts"
WR_FACTOR_GRID_2026,"Analyst colour-coded WR factor grid (screenshots, 8 images)",third_party_analyst_screenshot,UNKNOWN — owner to supply,UNKNOWN — owner to supply,"Underdog Fantasy ADP (best-ball), 2026",2026,WR,45,Michael Pittman Jr.,Michael Pittman Jr.,,Team Pass Attempts,situational,binary_vs_avg,594.94,Yes,yellow,3,high,"programmatic cell-fill sampling, validated vs published colour counts"
WR_FACTOR_GRID_2026,"Analyst colour-coded WR factor grid (screenshots, 8 images)",third_party_analyst_screenshot,UNKNOWN — owner to supply,UNKNOWN — owner to supply,"Underdog Fantasy ADP (best-ball), 2026",2026,WR,45,Michael Pittman Jr.,Michael Pittman Jr.,,Highest Targeted Secondary Option,situational,more_less_same,103.31,Same,yellow,3,high,"programmatic cell-fill sampling, validated vs published colour counts"
WR_FACTOR_GRID_2026,"Analyst colour-coded WR factor grid (screenshots, 8 images)",third_party_analyst_screenshot,UNKNOWN — owner to supply,UNKNOWN — owner to supply,"Underdog Fantasy ADP (best-ball), 2026",2026,WR,45,Michael Pittman Jr.,Michael Pittman Jr.,,Offensive Line Rank in Pass Blocking,situational,binary_vs_avg,10.75,?,orange,-1,high,"programmatic cell-fill sampling, validated vs published colour counts"
WR_FACTOR_GRID_2026,"Analyst colour-coded WR factor grid (screenshots, 8 images)",third_party_analyst_screenshot,UNKNOWN — owner to supply,UNKNOWN — owner to supply,"Underdog Fantasy ADP (best-ball), 2026",2026,WR,45,Michael Pittman Jr.,Michael Pittman Jr.,,Rank in Yards per Route Run,situational,binary_vs_avg,4.81,?,orange,-1,high,"programmatic cell-fill sampling, validated vs published colour counts"
WR_FACTOR_GRID_2026,"Analyst colour-coded WR factor grid (screenshots, 8 images)",third_party_analyst_screenshot,UNKNOWN — owner to supply,UNKNOWN — owner to supply,"Underdog Fantasy ADP (best-ball), 2026",2026,WR,45,Michael Pittman Jr.,Michael Pittman Jr.,,Highest % Achieved in Reception Perception,situational,binary_vs_avg,90th,Yes,yellow,3,high,"programmatic cell-fill sampling, validated vs published colour counts"
WR_FACTOR_GRID_2026,"Analyst colour-coded WR factor grid (screenshots, 8 images)",third_party_analyst_screenshot,UNKNOWN — owner to supply,UNKNOWN — owner to supply,"Underdog Fantasy ADP (best-ball), 2026",2026,WR,45,Michael Pittman Jr.,Michael Pittman Jr.,,Archetype,classification,archetype,N/A,Prime WR2,yellow,3,high,"programmatic cell-fill sampling, validated vs published colour counts"
WR_FACTOR_GRID_2026,"Analyst colour-coded WR factor grid (screenshots, 8 images)",third_party_analyst_screenshot,UNKNOWN — owner to supply,UNKNOWN — owner to supply,"Underdog Fantasy ADP (best-ball), 2026",2026,WR,45,Michael Pittman Jr.,Michael Pittman Jr.,,Injury/Suspension Concern?,classification,injury,N/A,Minimal Concern,yellow,3,high,"programmatic cell-fill sampling, validated vs published colour counts"
