analysis_id,source,source_type,analyst,source_date,adp_basis,season,position,adp_position_rank,player_name_source,player_name_normalized,nfl_team,factor,factor_group,factor_kind,league_average_reference,response,color,color_points,counts_toward_score,extraction_confidence,extraction_method
RB_FACTOR_GRID_2026,"Analyst colour-coded RB factor grid (screenshots, 10 images)",third_party_analyst_screenshot,UNKNOWN - owner to supply,UNKNOWN - owner to supply,"Underdog Fantasy ADP (best-ball), 2026",2026,RB,1,Jahmyr Gibbs,Jahmyr Gibbs,,Carries,volume,binary_vs_avg,293.79,Yes,yellow,3,Y,high,"programmatic cell-fill sampling, validated vs published colour counts"
RB_FACTOR_GRID_2026,"Analyst colour-coded RB factor grid (screenshots, 10 images)",third_party_analyst_screenshot,UNKNOWN - owner to supply,UNKNOWN - owner to supply,"Underdog Fantasy ADP (best-ball), 2026",2026,RB,1,Jahmyr Gibbs,Jahmyr Gibbs,,Targets,volume,binary_vs_avg,92.49,Yes,green,5,Y,high,"programmatic cell-fill sampling, validated vs published colour counts"
RB_FACTOR_GRID_2026,"Analyst colour-coded RB factor grid (screenshots, 10 images)",third_party_analyst_screenshot,UNKNOWN - owner to supply,UNKNOWN - owner to supply,"Underdog Fantasy ADP (best-ball), 2026",2026,RB,1,Jahmyr Gibbs,Jahmyr Gibbs,,Receptions,volume,binary_vs_avg,72.22,Yes,green,5,Y,high,"programmatic cell-fill sampling, validated vs published colour counts"
RB_FACTOR_GRID_2026,"Analyst colour-coded RB factor grid (screenshots, 10 images)",third_party_analyst_screenshot,UNKNOWN - owner to supply,UNKNOWN - owner to supply,"Underdog Fantasy ADP (best-ball), 2026",2026,RB,1,Jahmyr Gibbs,Jahmyr Gibbs,,Total Touches,volume,binary_vs_avg,365.90,Yes,green,5,Y,high,"programmatic cell-fill sampling, validated vs published colour counts"
RB_FACTOR_GRID_2026,"Analyst colour-coded RB factor grid (screenshots, 10 images)",third_party_analyst_screenshot,UNKNOWN - owner to supply,UNKNOWN - owner to supply,"Underdog Fantasy ADP (best-ball), 2026",2026,RB,1,Jahmyr Gibbs,Jahmyr Gibbs,,Touchdowns,volume,binary_vs_avg,16.73,Yes,green,5,Y,high,"programmatic cell-fill sampling, validated vs published colour counts"
RB_FACTOR_GRID_2026,"Analyst colour-coded RB factor grid (screenshots, 10 images)",third_party_analyst_screenshot,UNKNOWN - owner to supply,UNKNOWN - owner to supply,"Underdog Fantasy ADP (best-ball), 2026",2026,RB,1,Jahmyr Gibbs,Jahmyr Gibbs,,Offensive Rank in PPG,situational,binary_vs_avg,9.50,Yes,green,5,Y,high,"programmatic cell-fill sampling, validated vs published colour counts"
RB_FACTOR_GRID_2026,"Analyst colour-coded RB factor grid (screenshots, 10 images)",third_party_analyst_screenshot,UNKNOWN - owner to supply,UNKNOWN - owner to supply,"Underdog Fantasy ADP (best-ball), 2026",2026,RB,1,Jahmyr Gibbs,Jahmyr Gibbs,,PFF Run Blocking Grade,situational,binary_vs_avg,9.88,Yes,yellow,3,Y,high,"programmatic cell-fill sampling, validated vs published colour counts"
RB_FACTOR_GRID_2026,"Analyst colour-coded RB factor grid (screenshots, 10 images)",third_party_analyst_screenshot,UNKNOWN - owner to supply,UNKNOWN - owner to supply,"Underdog Fantasy ADP (best-ball), 2026",2026,RB,1,Jahmyr Gibbs,Jahmyr Gibbs,,Teams Wins,situational,binary_vs_avg,9.85,Yes,green,5,Y,high,"programmatic cell-fill sampling, validated vs published colour counts"
RB_FACTOR_GRID_2026,"Analyst colour-coded RB factor grid (screenshots, 10 images)",third_party_analyst_screenshot,UNKNOWN - owner to supply,UNKNOWN - owner to supply,"Underdog Fantasy ADP (best-ball), 2026",2026,RB,1,Jahmyr Gibbs,Jahmyr Gibbs,,Age,situational,binary_vs_avg,24.94,Yes,green,5,Y,high,"programmatic cell-fill sampling, validated vs published colour counts"
RB_FACTOR_GRID_2026,"Analyst colour-coded RB factor grid (screenshots, 10 images)",third_party_analyst_screenshot,UNKNOWN - owner to supply,UNKNOWN - owner to supply,"Underdog Fantasy ADP (best-ball), 2026",2026,RB,1,Jahmyr Gibbs,Jahmyr Gibbs,,Efficiency (Yards per Carry),situational,binary_vs_avg,4.89,Yes,green,5,Y,high,"programmatic cell-fill sampling, validated vs published colour counts"
RB_FACTOR_GRID_2026,"Analyst colour-coded RB factor grid (screenshots, 10 images)",third_party_analyst_screenshot,UNKNOWN - owner to supply,UNKNOWN - owner to supply,"Underdog Fantasy ADP (best-ball), 2026",2026,RB,1,Jahmyr Gibbs,Jahmyr Gibbs,,Efficiency (Yards per Touch),situational,binary_vs_avg,5.82,Yes,green,5,Y,high,"programmatic cell-fill sampling, validated vs published colour counts"
RB_FACTOR_GRID_2026,"Analyst colour-coded RB factor grid (screenshots, 10 images)",third_party_analyst_screenshot,UNKNOWN - owner to supply,UNKNOWN - owner to supply,"Underdog Fantasy ADP (best-ball), 2026",2026,RB,1,Jahmyr Gibbs,Jahmyr Gibbs,,Archetype,classification,archetype,N/A,Prime Multi Time RB1,purple,0,N,high,"programmatic cell-fill sampling, validated vs published colour counts"
RB_FACTOR_GRID_2026,"Analyst colour-coded RB factor grid (screenshots, 10 images)",third_party_analyst_screenshot,UNKNOWN - owner to supply,UNKNOWN - owner to supply,"Underdog Fantasy ADP (best-ball), 2026",2026,RB,1,Jahmyr Gibbs,Jahmyr Gibbs,,Age & Injury,classification,injury,MC/SC/C,Minimal Concerns,yellow,3,Y,high,"programmatic cell-fill sampling, validated vs published colour counts"
RB_FACTOR_GRID_2026,"Analyst colour-coded RB factor grid (screenshots, 10 images)",third_party_analyst_screenshot,UNKNOWN - owner to supply,UNKNOWN - owner to supply,"Underdog Fantasy ADP (best-ball), 2026",2026,RB,2,Bijan Robinson,Bijan Robinson,,Carries,volume,binary_vs_avg,293.79,Yes,green,5,Y,high,"programmatic cell-fill sampling, validated vs published colour counts"
RB_FACTOR_GRID_2026,"Analyst colour-coded RB factor grid (screenshots, 10 images)",third_party_analyst_screenshot,UNKNOWN - owner to supply,UNKNOWN - owner to supply,"Underdog Fantasy ADP (best-ball), 2026",2026,RB,2,Bijan Robinson,Bijan Robinson,,Targets,volume,binary_vs_avg,92.49,Yes,green,5,Y,high,"programmatic cell-fill sampling, validated vs published colour counts"
RB_FACTOR_GRID_2026,"Analyst colour-coded RB factor grid (screenshots, 10 images)",third_party_analyst_screenshot,UNKNOWN - owner to supply,UNKNOWN - owner to supply,"Underdog Fantasy ADP (best-ball), 2026",2026,RB,2,Bijan Robinson,Bijan Robinson,,Receptions,volume,binary_vs_avg,72.22,Yes,green,5,Y,high,"programmatic cell-fill sampling, validated vs published colour counts"
RB_FACTOR_GRID_2026,"Analyst colour-coded RB factor grid (screenshots, 10 images)",third_party_analyst_screenshot,UNKNOWN - owner to supply,UNKNOWN - owner to supply,"Underdog Fantasy ADP (best-ball), 2026",2026,RB,2,Bijan Robinson,Bijan Robinson,,Total Touches,volume,binary_vs_avg,365.90,Yes,green,5,Y,high,"programmatic cell-fill sampling, validated vs published colour counts"
RB_FACTOR_GRID_2026,"Analyst colour-coded RB factor grid (screenshots, 10 images)",third_party_analyst_screenshot,UNKNOWN - owner to supply,UNKNOWN - owner to supply,"Underdog Fantasy ADP (best-ball), 2026",2026,RB,2,Bijan Robinson,Bijan Robinson,,Touchdowns,volume,binary_vs_avg,16.73,Yes,yellow,3,Y,high,"programmatic cell-fill sampling, validated vs published colour counts"
RB_FACTOR_GRID_2026,"Analyst colour-coded RB factor grid (screenshots, 10 images)",third_party_analyst_screenshot,UNKNOWN - owner to supply,UNKNOWN - owner to supply,"Underdog Fantasy ADP (best-ball), 2026",2026,RB,2,Bijan Robinson,Bijan Robinson,,Offensive Rank in PPG,situational,binary_vs_avg,9.50,?,orange,-1,Y,high,"programmatic cell-fill sampling, validated vs published colour counts"
RB_FACTOR_GRID_2026,"Analyst colour-coded RB factor grid (screenshots, 10 images)",third_party_analyst_screenshot,UNKNOWN - owner to supply,UNKNOWN - owner to supply,"Underdog Fantasy ADP (best-ball), 2026",2026,RB,2,Bijan Robinson,Bijan Robinson,,PFF Run Blocking Grade,situational,binary_vs_avg,9.88,Yes,green,5,Y,high,"programmatic cell-fill sampling, validated vs published colour counts"
RB_FACTOR_GRID_2026,"Analyst colour-coded RB factor grid (screenshots, 10 images)",third_party_analyst_screenshot,UNKNOWN - owner to supply,UNKNOWN - owner to supply,"Underdog Fantasy ADP (best-ball), 2026",2026,RB,2,Bijan Robinson,Bijan Robinson,,Teams Wins,situational,binary_vs_avg,9.85,?,orange,-1,Y,high,"programmatic cell-fill sampling, validated vs published colour counts"
RB_FACTOR_GRID_2026,"Analyst colour-coded RB factor grid (screenshots, 10 images)",third_party_analyst_screenshot,UNKNOWN - owner to supply,UNKNOWN - owner to supply,"Underdog Fantasy ADP (best-ball), 2026",2026,RB,2,Bijan Robinson,Bijan Robinson,,Age,situational,binary_vs_avg,24.94,Yes,green,5,Y,high,"programmatic cell-fill sampling, validated vs published colour counts"
RB_FACTOR_GRID_2026,"Analyst colour-coded RB factor grid (screenshots, 10 images)",third_party_analyst_screenshot,UNKNOWN - owner to supply,UNKNOWN - owner to supply,"Underdog Fantasy ADP (best-ball), 2026",2026,RB,2,Bijan Robinson,Bijan Robinson,,Efficiency (Yards per Carry),situational,binary_vs_avg,4.89,Yes,green,5,Y,high,"programmatic cell-fill sampling, validated vs published colour counts"
RB_FACTOR_GRID_2026,"Analyst colour-coded RB factor grid (screenshots, 10 images)",third_party_analyst_screenshot,UNKNOWN - owner to supply,UNKNOWN - owner to supply,"Underdog Fantasy ADP (best-ball), 2026",2026,RB,2,Bijan Robinson,Bijan Robinson,,Efficiency (Yards per Touch),situational,binary_vs_avg,5.82,Yes,green,5,Y,high,"programmatic cell-fill sampling, validated vs published colour counts"
RB_FACTOR_GRID_2026,"Analyst colour-coded RB factor grid (screenshots, 10 images)",third_party_analyst_screenshot,UNKNOWN - owner to supply,UNKNOWN - owner to supply,"Underdog Fantasy ADP (best-ball), 2026",2026,RB,2,Bijan Robinson,Bijan Robinson,,Archetype,classification,archetype,N/A,Prime Multi Time RB1,purple,0,N,high,"programmatic cell-fill sampling, validated vs published colour counts"
RB_FACTOR_GRID_2026,"Analyst colour-coded RB factor grid (screenshots, 10 images)",third_party_analyst_screenshot,UNKNOWN - owner to supply,UNKNOWN - owner to supply,"Underdog Fantasy ADP (best-ball), 2026",2026,RB,2,Bijan Robinson,Bijan Robinson,,Age & Injury,classification,injury,MC/SC/C,Minimal Concerns,yellow,3,Y,high,"programmatic cell-fill sampling, validated vs published colour counts"
RB_FACTOR_GRID_2026,"Analyst colour-coded RB factor grid (screenshots, 10 images)",third_party_analyst_screenshot,UNKNOWN - owner to supply,UNKNOWN - owner to supply,"Underdog Fantasy ADP (best-ball), 2026",2026,RB,3,Christian McCaffrey,Christian McCaffrey,,Carries,volume,binary_vs_avg,293.79,Yes,yellow,3,Y,high,"programmatic cell-fill sampling, validated vs published colour counts"
RB_FACTOR_GRID_2026,"Analyst colour-coded RB factor grid (screenshots, 10 images)",third_party_analyst_screenshot,UNKNOWN - owner to supply,UNKNOWN - owner to supply,"Underdog Fantasy ADP (best-ball), 2026",2026,RB,3,Christian McCaffrey,Christian McCaffrey,,Targets,volume,binary_vs_avg,92.49,Yes,green,5,Y,high,"programmatic cell-fill sampling, validated vs published colour counts"
RB_FACTOR_GRID_2026,"Analyst colour-coded RB factor grid (screenshots, 10 images)",third_party_analyst_screenshot,UNKNOWN - owner to supply,UNKNOWN - owner to supply,"Underdog Fantasy ADP (best-ball), 2026",2026,RB,3,Christian McCaffrey,Christian McCaffrey,,Receptions,volume,binary_vs_avg,72.22,Yes,green,5,Y,high,"programmatic cell-fill sampling, validated vs published colour counts"
RB_FACTOR_GRID_2026,"Analyst colour-coded RB factor grid (screenshots, 10 images)",third_party_analyst_screenshot,UNKNOWN - owner to supply,UNKNOWN - owner to supply,"Underdog Fantasy ADP (best-ball), 2026",2026,RB,3,Christian McCaffrey,Christian McCaffrey,,Total Touches,volume,binary_vs_avg,365.90,Yes,green,5,Y,high,"programmatic cell-fill sampling, validated vs published colour counts"
RB_FACTOR_GRID_2026,"Analyst colour-coded RB factor grid (screenshots, 10 images)",third_party_analyst_screenshot,UNKNOWN - owner to supply,UNKNOWN - owner to supply,"Underdog Fantasy ADP (best-ball), 2026",2026,RB,3,Christian McCaffrey,Christian McCaffrey,,Touchdowns,volume,binary_vs_avg,16.73,Yes,green,5,Y,high,"programmatic cell-fill sampling, validated vs published colour counts"
RB_FACTOR_GRID_2026,"Analyst colour-coded RB factor grid (screenshots, 10 images)",third_party_analyst_screenshot,UNKNOWN - owner to supply,UNKNOWN - owner to supply,"Underdog Fantasy ADP (best-ball), 2026",2026,RB,3,Christian McCaffrey,Christian McCaffrey,,Offensive Rank in PPG,situational,binary_vs_avg,9.50,Yes,yellow,3,Y,high,"programmatic cell-fill sampling, validated vs published colour counts"
RB_FACTOR_GRID_2026,"Analyst colour-coded RB factor grid (screenshots, 10 images)",third_party_analyst_screenshot,UNKNOWN - owner to supply,UNKNOWN - owner to supply,"Underdog Fantasy ADP (best-ball), 2026",2026,RB,3,Christian McCaffrey,Christian McCaffrey,,PFF Run Blocking Grade,situational,binary_vs_avg,9.88,Yes,yellow,3,Y,high,"programmatic cell-fill sampling, validated vs published colour counts"
RB_FACTOR_GRID_2026,"Analyst colour-coded RB factor grid (screenshots, 10 images)",third_party_analyst_screenshot,UNKNOWN - owner to supply,UNKNOWN - owner to supply,"Underdog Fantasy ADP (best-ball), 2026",2026,RB,3,Christian McCaffrey,Christian McCaffrey,,Teams Wins,situational,binary_vs_avg,9.85,Yes,yellow,3,Y,high,"programmatic cell-fill sampling, validated vs published colour counts"
RB_FACTOR_GRID_2026,"Analyst colour-coded RB factor grid (screenshots, 10 images)",third_party_analyst_screenshot,UNKNOWN - owner to supply,UNKNOWN - owner to supply,"Underdog Fantasy ADP (best-ball), 2026",2026,RB,3,Christian McCaffrey,Christian McCaffrey,,Age,situational,binary_vs_avg,24.94,No,red,-3,Y,high,"programmatic cell-fill sampling, validated vs published colour counts"
RB_FACTOR_GRID_2026,"Analyst colour-coded RB factor grid (screenshots, 10 images)",third_party_analyst_screenshot,UNKNOWN - owner to supply,UNKNOWN - owner to supply,"Underdog Fantasy ADP (best-ball), 2026",2026,RB,3,Christian McCaffrey,Christian McCaffrey,,Efficiency (Yards per Carry),situational,binary_vs_avg,4.89,No,red,-3,Y,high,"programmatic cell-fill sampling, validated vs published colour counts"
RB_FACTOR_GRID_2026,"Analyst colour-coded RB factor grid (screenshots, 10 images)",third_party_analyst_screenshot,UNKNOWN - owner to supply,UNKNOWN - owner to supply,"Underdog Fantasy ADP (best-ball), 2026",2026,RB,3,Christian McCaffrey,Christian McCaffrey,,Efficiency (Yards per Touch),situational,binary_vs_avg,5.82,Yes,green,5,Y,high,"programmatic cell-fill sampling, validated vs published colour counts"
RB_FACTOR_GRID_2026,"Analyst colour-coded RB factor grid (screenshots, 10 images)",third_party_analyst_screenshot,UNKNOWN - owner to supply,UNKNOWN - owner to supply,"Underdog Fantasy ADP (best-ball), 2026",2026,RB,3,Christian McCaffrey,Christian McCaffrey,,Archetype,classification,archetype,N/A,Trusty Veteran,red,-3,Y,high,"programmatic cell-fill sampling, validated vs published colour counts"
RB_FACTOR_GRID_2026,"Analyst colour-coded RB factor grid (screenshots, 10 images)",third_party_analyst_screenshot,UNKNOWN - owner to supply,UNKNOWN - owner to supply,"Underdog Fantasy ADP (best-ball), 2026",2026,RB,3,Christian McCaffrey,Christian McCaffrey,,Age & Injury,classification,injury,MC/SC/C,Concerned,red,-3,Y,high,"programmatic cell-fill sampling, validated vs published colour counts"
RB_FACTOR_GRID_2026,"Analyst colour-coded RB factor grid (screenshots, 10 images)",third_party_analyst_screenshot,UNKNOWN - owner to supply,UNKNOWN - owner to supply,"Underdog Fantasy ADP (best-ball), 2026",2026,RB,4,Jonathan Taylor,Jonathan Taylor,,Carries,volume,binary_vs_avg,293.79,Yes,green,5,Y,high,"programmatic cell-fill sampling, validated vs published colour counts"
RB_FACTOR_GRID_2026,"Analyst colour-coded RB factor grid (screenshots, 10 images)",third_party_analyst_screenshot,UNKNOWN - owner to supply,UNKNOWN - owner to supply,"Underdog Fantasy ADP (best-ball), 2026",2026,RB,4,Jonathan Taylor,Jonathan Taylor,,Targets,volume,binary_vs_avg,92.49,No,red,-3,Y,high,"programmatic cell-fill sampling, validated vs published colour counts"
RB_FACTOR_GRID_2026,"Analyst colour-coded RB factor grid (screenshots, 10 images)",third_party_analyst_screenshot,UNKNOWN - owner to supply,UNKNOWN - owner to supply,"Underdog Fantasy ADP (best-ball), 2026",2026,RB,4,Jonathan Taylor,Jonathan Taylor,,Receptions,volume,binary_vs_avg,72.22,No,red,-3,Y,high,"programmatic cell-fill sampling, validated vs published colour counts"
RB_FACTOR_GRID_2026,"Analyst colour-coded RB factor grid (screenshots, 10 images)",third_party_analyst_screenshot,UNKNOWN - owner to supply,UNKNOWN - owner to supply,"Underdog Fantasy ADP (best-ball), 2026",2026,RB,4,Jonathan Taylor,Jonathan Taylor,,Total Touches,volume,binary_vs_avg,365.90,Yes,yellow,3,Y,high,"programmatic cell-fill sampling, validated vs published colour counts"
RB_FACTOR_GRID_2026,"Analyst colour-coded RB factor grid (screenshots, 10 images)",third_party_analyst_screenshot,UNKNOWN - owner to supply,UNKNOWN - owner to supply,"Underdog Fantasy ADP (best-ball), 2026",2026,RB,4,Jonathan Taylor,Jonathan Taylor,,Touchdowns,volume,binary_vs_avg,16.73,Yes,yellow,3,Y,high,"programmatic cell-fill sampling, validated vs published colour counts"
RB_FACTOR_GRID_2026,"Analyst colour-coded RB factor grid (screenshots, 10 images)",third_party_analyst_screenshot,UNKNOWN - owner to supply,UNKNOWN - owner to supply,"Underdog Fantasy ADP (best-ball), 2026",2026,RB,4,Jonathan Taylor,Jonathan Taylor,,Offensive Rank in PPG,situational,binary_vs_avg,9.50,?,orange,-1,Y,high,"programmatic cell-fill sampling, validated vs published colour counts"
RB_FACTOR_GRID_2026,"Analyst colour-coded RB factor grid (screenshots, 10 images)",third_party_analyst_screenshot,UNKNOWN - owner to supply,UNKNOWN - owner to supply,"Underdog Fantasy ADP (best-ball), 2026",2026,RB,4,Jonathan Taylor,Jonathan Taylor,,PFF Run Blocking Grade,situational,binary_vs_avg,9.88,Yes,green,5,Y,high,"programmatic cell-fill sampling, validated vs published colour counts"
RB_FACTOR_GRID_2026,"Analyst colour-coded RB factor grid (screenshots, 10 images)",third_party_analyst_screenshot,UNKNOWN - owner to supply,UNKNOWN - owner to supply,"Underdog Fantasy ADP (best-ball), 2026",2026,RB,4,Jonathan Taylor,Jonathan Taylor,,Teams Wins,situational,binary_vs_avg,9.85,?,orange,-1,Y,high,"programmatic cell-fill sampling, validated vs published colour counts"
RB_FACTOR_GRID_2026,"Analyst colour-coded RB factor grid (screenshots, 10 images)",third_party_analyst_screenshot,UNKNOWN - owner to supply,UNKNOWN - owner to supply,"Underdog Fantasy ADP (best-ball), 2026",2026,RB,4,Jonathan Taylor,Jonathan Taylor,,Age,situational,binary_vs_avg,24.94,Yes,yellow,3,Y,high,"programmatic cell-fill sampling, validated vs published colour counts"
RB_FACTOR_GRID_2026,"Analyst colour-coded RB factor grid (screenshots, 10 images)",third_party_analyst_screenshot,UNKNOWN - owner to supply,UNKNOWN - owner to supply,"Underdog Fantasy ADP (best-ball), 2026",2026,RB,4,Jonathan Taylor,Jonathan Taylor,,Efficiency (Yards per Carry),situational,binary_vs_avg,4.89,Yes,yellow,3,Y,high,"programmatic cell-fill sampling, validated vs published colour counts"
RB_FACTOR_GRID_2026,"Analyst colour-coded RB factor grid (screenshots, 10 images)",third_party_analyst_screenshot,UNKNOWN - owner to supply,UNKNOWN - owner to supply,"Underdog Fantasy ADP (best-ball), 2026",2026,RB,4,Jonathan Taylor,Jonathan Taylor,,Efficiency (Yards per Touch),situational,binary_vs_avg,5.82,Yes,yellow,3,Y,high,"programmatic cell-fill sampling, validated vs published colour counts"
RB_FACTOR_GRID_2026,"Analyst colour-coded RB factor grid (screenshots, 10 images)",third_party_analyst_screenshot,UNKNOWN - owner to supply,UNKNOWN - owner to supply,"Underdog Fantasy ADP (best-ball), 2026",2026,RB,4,Jonathan Taylor,Jonathan Taylor,,Archetype,classification,archetype,N/A,Trusty Veteran,red,-3,Y,high,"programmatic cell-fill sampling, validated vs published colour counts"
RB_FACTOR_GRID_2026,"Analyst colour-coded RB factor grid (screenshots, 10 images)",third_party_analyst_screenshot,UNKNOWN - owner to supply,UNKNOWN - owner to supply,"Underdog Fantasy ADP (best-ball), 2026",2026,RB,4,Jonathan Taylor,Jonathan Taylor,,Age & Injury,classification,injury,MC/SC/C,Some Concern,orange,-1,Y,high,"programmatic cell-fill sampling, validated vs published colour counts"
RB_FACTOR_GRID_2026,"Analyst colour-coded RB factor grid (screenshots, 10 images)",third_party_analyst_screenshot,UNKNOWN - owner to supply,UNKNOWN - owner to supply,"Underdog Fantasy ADP (best-ball), 2026",2026,RB,5,James Cook,James Cook,,Carries,volume,binary_vs_avg,293.79,Yes,yellow,3,Y,high,"programmatic cell-fill sampling, validated vs published colour counts"
RB_FACTOR_GRID_2026,"Analyst colour-coded RB factor grid (screenshots, 10 images)",third_party_analyst_screenshot,UNKNOWN - owner to supply,UNKNOWN - owner to supply,"Underdog Fantasy ADP (best-ball), 2026",2026,RB,5,James Cook,James Cook,,Targets,volume,binary_vs_avg,92.49,?,orange,-1,Y,high,"programmatic cell-fill sampling, validated vs published colour counts"
RB_FACTOR_GRID_2026,"Analyst colour-coded RB factor grid (screenshots, 10 images)",third_party_analyst_screenshot,UNKNOWN - owner to supply,UNKNOWN - owner to supply,"Underdog Fantasy ADP (best-ball), 2026",2026,RB,5,James Cook,James Cook,,Receptions,volume,binary_vs_avg,72.22,?,orange,-1,Y,high,"programmatic cell-fill sampling, validated vs published colour counts"
RB_FACTOR_GRID_2026,"Analyst colour-coded RB factor grid (screenshots, 10 images)",third_party_analyst_screenshot,UNKNOWN - owner to supply,UNKNOWN - owner to supply,"Underdog Fantasy ADP (best-ball), 2026",2026,RB,5,James Cook,James Cook,,Total Touches,volume,binary_vs_avg,365.90,Yes,yellow,3,Y,high,"programmatic cell-fill sampling, validated vs published colour counts"
RB_FACTOR_GRID_2026,"Analyst colour-coded RB factor grid (screenshots, 10 images)",third_party_analyst_screenshot,UNKNOWN - owner to supply,UNKNOWN - owner to supply,"Underdog Fantasy ADP (best-ball), 2026",2026,RB,5,James Cook,James Cook,,Touchdowns,volume,binary_vs_avg,16.73,Yes,yellow,3,Y,high,"programmatic cell-fill sampling, validated vs published colour counts"
RB_FACTOR_GRID_2026,"Analyst colour-coded RB factor grid (screenshots, 10 images)",third_party_analyst_screenshot,UNKNOWN - owner to supply,UNKNOWN - owner to supply,"Underdog Fantasy ADP (best-ball), 2026",2026,RB,5,James Cook,James Cook,,Offensive Rank in PPG,situational,binary_vs_avg,9.50,Yes,green,5,Y,high,"programmatic cell-fill sampling, validated vs published colour counts"
RB_FACTOR_GRID_2026,"Analyst colour-coded RB factor grid (screenshots, 10 images)",third_party_analyst_screenshot,UNKNOWN - owner to supply,UNKNOWN - owner to supply,"Underdog Fantasy ADP (best-ball), 2026",2026,RB,5,James Cook,James Cook,,PFF Run Blocking Grade,situational,binary_vs_avg,9.88,Yes,green,5,Y,high,"programmatic cell-fill sampling, validated vs published colour counts"
RB_FACTOR_GRID_2026,"Analyst colour-coded RB factor grid (screenshots, 10 images)",third_party_analyst_screenshot,UNKNOWN - owner to supply,UNKNOWN - owner to supply,"Underdog Fantasy ADP (best-ball), 2026",2026,RB,5,James Cook,James Cook,,Teams Wins,situational,binary_vs_avg,9.85,Yes,green,5,Y,high,"programmatic cell-fill sampling, validated vs published colour counts"
RB_FACTOR_GRID_2026,"Analyst colour-coded RB factor grid (screenshots, 10 images)",third_party_analyst_screenshot,UNKNOWN - owner to supply,UNKNOWN - owner to supply,"Underdog Fantasy ADP (best-ball), 2026",2026,RB,5,James Cook,James Cook,,Age,situational,binary_vs_avg,24.94,Yes,yellow,3,Y,high,"programmatic cell-fill sampling, validated vs published colour counts"
RB_FACTOR_GRID_2026,"Analyst colour-coded RB factor grid (screenshots, 10 images)",third_party_analyst_screenshot,UNKNOWN - owner to supply,UNKNOWN - owner to supply,"Underdog Fantasy ADP (best-ball), 2026",2026,RB,5,James Cook,James Cook,,Efficiency (Yards per Carry),situational,binary_vs_avg,4.89,Yes,green,5,Y,high,"programmatic cell-fill sampling, validated vs published colour counts"
RB_FACTOR_GRID_2026,"Analyst colour-coded RB factor grid (screenshots, 10 images)",third_party_analyst_screenshot,UNKNOWN - owner to supply,UNKNOWN - owner to supply,"Underdog Fantasy ADP (best-ball), 2026",2026,RB,5,James Cook,James Cook,,Efficiency (Yards per Touch),situational,binary_vs_avg,5.82,Yes,green,5,Y,high,"programmatic cell-fill sampling, validated vs published colour counts"
RB_FACTOR_GRID_2026,"Analyst colour-coded RB factor grid (screenshots, 10 images)",third_party_analyst_screenshot,UNKNOWN - owner to supply,UNKNOWN - owner to supply,"Underdog Fantasy ADP (best-ball), 2026",2026,RB,5,James Cook,James Cook,,Archetype,classification,archetype,N/A,Prime Multi Time RB1,purple,0,N,high,"programmatic cell-fill sampling, validated vs published colour counts"
RB_FACTOR_GRID_2026,"Analyst colour-coded RB factor grid (screenshots, 10 images)",third_party_analyst_screenshot,UNKNOWN - owner to supply,UNKNOWN - owner to supply,"Underdog Fantasy ADP (best-ball), 2026",2026,RB,5,James Cook,James Cook,,Age & Injury,classification,injury,MC/SC/C,Minimal Concerns,yellow,3,Y,high,"programmatic cell-fill sampling, validated vs published colour counts"
RB_FACTOR_GRID_2026,"Analyst colour-coded RB factor grid (screenshots, 10 images)",third_party_analyst_screenshot,UNKNOWN - owner to supply,UNKNOWN - owner to supply,"Underdog Fantasy ADP (best-ball), 2026",2026,RB,6,Ashton Jeanty,Ashton Jeanty,,Carries,volume,binary_vs_avg,293.79,Yes,green,5,Y,high,"programmatic cell-fill sampling, validated vs published colour counts"
RB_FACTOR_GRID_2026,"Analyst colour-coded RB factor grid (screenshots, 10 images)",third_party_analyst_screenshot,UNKNOWN - owner to supply,UNKNOWN - owner to supply,"Underdog Fantasy ADP (best-ball), 2026",2026,RB,6,Ashton Jeanty,Ashton Jeanty,,Targets,volume,binary_vs_avg,92.49,?,orange,-1,Y,high,"programmatic cell-fill sampling, validated vs published colour counts"
RB_FACTOR_GRID_2026,"Analyst colour-coded RB factor grid (screenshots, 10 images)",third_party_analyst_screenshot,UNKNOWN - owner to supply,UNKNOWN - owner to supply,"Underdog Fantasy ADP (best-ball), 2026",2026,RB,6,Ashton Jeanty,Ashton Jeanty,,Receptions,volume,binary_vs_avg,72.22,?,orange,-1,Y,high,"programmatic cell-fill sampling, validated vs published colour counts"
RB_FACTOR_GRID_2026,"Analyst colour-coded RB factor grid (screenshots, 10 images)",third_party_analyst_screenshot,UNKNOWN - owner to supply,UNKNOWN - owner to supply,"Underdog Fantasy ADP (best-ball), 2026",2026,RB,6,Ashton Jeanty,Ashton Jeanty,,Total Touches,volume,binary_vs_avg,365.90,Yes,yellow,3,Y,high,"programmatic cell-fill sampling, validated vs published colour counts"
RB_FACTOR_GRID_2026,"Analyst colour-coded RB factor grid (screenshots, 10 images)",third_party_analyst_screenshot,UNKNOWN - owner to supply,UNKNOWN - owner to supply,"Underdog Fantasy ADP (best-ball), 2026",2026,RB,6,Ashton Jeanty,Ashton Jeanty,,Touchdowns,volume,binary_vs_avg,16.73,No,red,-3,Y,high,"programmatic cell-fill sampling, validated vs published colour counts"
RB_FACTOR_GRID_2026,"Analyst colour-coded RB factor grid (screenshots, 10 images)",third_party_analyst_screenshot,UNKNOWN - owner to supply,UNKNOWN - owner to supply,"Underdog Fantasy ADP (best-ball), 2026",2026,RB,6,Ashton Jeanty,Ashton Jeanty,,Offensive Rank in PPG,situational,binary_vs_avg,9.50,?,orange,-1,Y,high,"programmatic cell-fill sampling, validated vs published colour counts"
RB_FACTOR_GRID_2026,"Analyst colour-coded RB factor grid (screenshots, 10 images)",third_party_analyst_screenshot,UNKNOWN - owner to supply,UNKNOWN - owner to supply,"Underdog Fantasy ADP (best-ball), 2026",2026,RB,6,Ashton Jeanty,Ashton Jeanty,,PFF Run Blocking Grade,situational,binary_vs_avg,9.88,?,orange,-1,Y,high,"programmatic cell-fill sampling, validated vs published colour counts"
RB_FACTOR_GRID_2026,"Analyst colour-coded RB factor grid (screenshots, 10 images)",third_party_analyst_screenshot,UNKNOWN - owner to supply,UNKNOWN - owner to supply,"Underdog Fantasy ADP (best-ball), 2026",2026,RB,6,Ashton Jeanty,Ashton Jeanty,,Teams Wins,situational,binary_vs_avg,9.85,No,red,-3,Y,high,"programmatic cell-fill sampling, validated vs published colour counts"
RB_FACTOR_GRID_2026,"Analyst colour-coded RB factor grid (screenshots, 10 images)",third_party_analyst_screenshot,UNKNOWN - owner to supply,UNKNOWN - owner to supply,"Underdog Fantasy ADP (best-ball), 2026",2026,RB,6,Ashton Jeanty,Ashton Jeanty,,Age,situational,binary_vs_avg,24.94,Yes,yellow,3,Y,high,"programmatic cell-fill sampling, validated vs published colour counts"
RB_FACTOR_GRID_2026,"Analyst colour-coded RB factor grid (screenshots, 10 images)",third_party_analyst_screenshot,UNKNOWN - owner to supply,UNKNOWN - owner to supply,"Underdog Fantasy ADP (best-ball), 2026",2026,RB,6,Ashton Jeanty,Ashton Jeanty,,Efficiency (Yards per Carry),situational,binary_vs_avg,4.89,Yes,yellow,3,Y,high,"programmatic cell-fill sampling, validated vs published colour counts"
RB_FACTOR_GRID_2026,"Analyst colour-coded RB factor grid (screenshots, 10 images)",third_party_analyst_screenshot,UNKNOWN - owner to supply,UNKNOWN - owner to supply,"Underdog Fantasy ADP (best-ball), 2026",2026,RB,6,Ashton Jeanty,Ashton Jeanty,,Efficiency (Yards per Touch),situational,binary_vs_avg,5.82,Yes,yellow,3,Y,high,"programmatic cell-fill sampling, validated vs published colour counts"
RB_FACTOR_GRID_2026,"Analyst colour-coded RB factor grid (screenshots, 10 images)",third_party_analyst_screenshot,UNKNOWN - owner to supply,UNKNOWN - owner to supply,"Underdog Fantasy ADP (best-ball), 2026",2026,RB,6,Ashton Jeanty,Ashton Jeanty,,Archetype,classification,archetype,N/A,Breakout Candidate,yellow,3,Y,high,"programmatic cell-fill sampling, validated vs published colour counts"
RB_FACTOR_GRID_2026,"Analyst colour-coded RB factor grid (screenshots, 10 images)",third_party_analyst_screenshot,UNKNOWN - owner to supply,UNKNOWN - owner to supply,"Underdog Fantasy ADP (best-ball), 2026",2026,RB,6,Ashton Jeanty,Ashton Jeanty,,Age & Injury,classification,injury,MC/SC/C,Minimal Concerns,yellow,3,Y,high,"programmatic cell-fill sampling, validated vs published colour counts"
RB_FACTOR_GRID_2026,"Analyst colour-coded RB factor grid (screenshots, 10 images)",third_party_analyst_screenshot,UNKNOWN - owner to supply,UNKNOWN - owner to supply,"Underdog Fantasy ADP (best-ball), 2026",2026,RB,7,Saquon Barkley,Saquon Barkley,,Carries,volume,binary_vs_avg,293.79,Yes,green,5,Y,high,"programmatic cell-fill sampling, validated vs published colour counts"
RB_FACTOR_GRID_2026,"Analyst colour-coded RB factor grid (screenshots, 10 images)",third_party_analyst_screenshot,UNKNOWN - owner to supply,UNKNOWN - owner to supply,"Underdog Fantasy ADP (best-ball), 2026",2026,RB,7,Saquon Barkley,Saquon Barkley,,Targets,volume,binary_vs_avg,92.49,No,red,-3,Y,high,"programmatic cell-fill sampling, validated vs published colour counts"
RB_FACTOR_GRID_2026,"Analyst colour-coded RB factor grid (screenshots, 10 images)",third_party_analyst_screenshot,UNKNOWN - owner to supply,UNKNOWN - owner to supply,"Underdog Fantasy ADP (best-ball), 2026",2026,RB,7,Saquon Barkley,Saquon Barkley,,Receptions,volume,binary_vs_avg,72.22,?,orange,-1,Y,high,"programmatic cell-fill sampling, validated vs published colour counts"
RB_FACTOR_GRID_2026,"Analyst colour-coded RB factor grid (screenshots, 10 images)",third_party_analyst_screenshot,UNKNOWN - owner to supply,UNKNOWN - owner to supply,"Underdog Fantasy ADP (best-ball), 2026",2026,RB,7,Saquon Barkley,Saquon Barkley,,Total Touches,volume,binary_vs_avg,365.90,Yes,yellow,3,Y,high,"programmatic cell-fill sampling, validated vs published colour counts"
RB_FACTOR_GRID_2026,"Analyst colour-coded RB factor grid (screenshots, 10 images)",third_party_analyst_screenshot,UNKNOWN - owner to supply,UNKNOWN - owner to supply,"Underdog Fantasy ADP (best-ball), 2026",2026,RB,7,Saquon Barkley,Saquon Barkley,,Touchdowns,volume,binary_vs_avg,16.73,Yes,yellow,3,Y,high,"programmatic cell-fill sampling, validated vs published colour counts"
RB_FACTOR_GRID_2026,"Analyst colour-coded RB factor grid (screenshots, 10 images)",third_party_analyst_screenshot,UNKNOWN - owner to supply,UNKNOWN - owner to supply,"Underdog Fantasy ADP (best-ball), 2026",2026,RB,7,Saquon Barkley,Saquon Barkley,,Offensive Rank in PPG,situational,binary_vs_avg,9.50,Yes,yellow,3,Y,high,"programmatic cell-fill sampling, validated vs published colour counts"
RB_FACTOR_GRID_2026,"Analyst colour-coded RB factor grid (screenshots, 10 images)",third_party_analyst_screenshot,UNKNOWN - owner to supply,UNKNOWN - owner to supply,"Underdog Fantasy ADP (best-ball), 2026",2026,RB,7,Saquon Barkley,Saquon Barkley,,PFF Run Blocking Grade,situational,binary_vs_avg,9.88,Yes,green,5,Y,high,"programmatic cell-fill sampling, validated vs published colour counts"
RB_FACTOR_GRID_2026,"Analyst colour-coded RB factor grid (screenshots, 10 images)",third_party_analyst_screenshot,UNKNOWN - owner to supply,UNKNOWN - owner to supply,"Underdog Fantasy ADP (best-ball), 2026",2026,RB,7,Saquon Barkley,Saquon Barkley,,Teams Wins,situational,binary_vs_avg,9.85,Yes,yellow,3,Y,high,"programmatic cell-fill sampling, validated vs published colour counts"
RB_FACTOR_GRID_2026,"Analyst colour-coded RB factor grid (screenshots, 10 images)",third_party_analyst_screenshot,UNKNOWN - owner to supply,UNKNOWN - owner to supply,"Underdog Fantasy ADP (best-ball), 2026",2026,RB,7,Saquon Barkley,Saquon Barkley,,Age,situational,binary_vs_avg,24.94,No,red,-3,Y,high,"programmatic cell-fill sampling, validated vs published colour counts"
RB_FACTOR_GRID_2026,"Analyst colour-coded RB factor grid (screenshots, 10 images)",third_party_analyst_screenshot,UNKNOWN - owner to supply,UNKNOWN - owner to supply,"Underdog Fantasy ADP (best-ball), 2026",2026,RB,7,Saquon Barkley,Saquon Barkley,,Efficiency (Yards per Carry),situational,binary_vs_avg,4.89,Yes,yellow,3,Y,high,"programmatic cell-fill sampling, validated vs published colour counts"
RB_FACTOR_GRID_2026,"Analyst colour-coded RB factor grid (screenshots, 10 images)",third_party_analyst_screenshot,UNKNOWN - owner to supply,UNKNOWN - owner to supply,"Underdog Fantasy ADP (best-ball), 2026",2026,RB,7,Saquon Barkley,Saquon Barkley,,Efficiency (Yards per Touch),situational,binary_vs_avg,5.82,Yes,yellow,3,Y,high,"programmatic cell-fill sampling, validated vs published colour counts"
RB_FACTOR_GRID_2026,"Analyst colour-coded RB factor grid (screenshots, 10 images)",third_party_analyst_screenshot,UNKNOWN - owner to supply,UNKNOWN - owner to supply,"Underdog Fantasy ADP (best-ball), 2026",2026,RB,7,Saquon Barkley,Saquon Barkley,,Archetype,classification,archetype,N/A,Trusty Veteran,red,-3,Y,high,"programmatic cell-fill sampling, validated vs published colour counts"
RB_FACTOR_GRID_2026,"Analyst colour-coded RB factor grid (screenshots, 10 images)",third_party_analyst_screenshot,UNKNOWN - owner to supply,UNKNOWN - owner to supply,"Underdog Fantasy ADP (best-ball), 2026",2026,RB,7,Saquon Barkley,Saquon Barkley,,Age & Injury,classification,injury,MC/SC/C,Concerned,red,-3,Y,high,"programmatic cell-fill sampling, validated vs published colour counts"
RB_FACTOR_GRID_2026,"Analyst colour-coded RB factor grid (screenshots, 10 images)",third_party_analyst_screenshot,UNKNOWN - owner to supply,UNKNOWN - owner to supply,"Underdog Fantasy ADP (best-ball), 2026",2026,RB,8,Omarion Hampton,Omarion Hampton,,Carries,volume,binary_vs_avg,293.79,Yes,yellow,3,Y,high,"programmatic cell-fill sampling, validated vs published colour counts"
RB_FACTOR_GRID_2026,"Analyst colour-coded RB factor grid (screenshots, 10 images)",third_party_analyst_screenshot,UNKNOWN - owner to supply,UNKNOWN - owner to supply,"Underdog Fantasy ADP (best-ball), 2026",2026,RB,8,Omarion Hampton,Omarion Hampton,,Targets,volume,binary_vs_avg,92.49,?,orange,-1,Y,high,"programmatic cell-fill sampling, validated vs published colour counts"
RB_FACTOR_GRID_2026,"Analyst colour-coded RB factor grid (screenshots, 10 images)",third_party_analyst_screenshot,UNKNOWN - owner to supply,UNKNOWN - owner to supply,"Underdog Fantasy ADP (best-ball), 2026",2026,RB,8,Omarion Hampton,Omarion Hampton,,Receptions,volume,binary_vs_avg,72.22,?,orange,-1,Y,high,"programmatic cell-fill sampling, validated vs published colour counts"
RB_FACTOR_GRID_2026,"Analyst colour-coded RB factor grid (screenshots, 10 images)",third_party_analyst_screenshot,UNKNOWN - owner to supply,UNKNOWN - owner to supply,"Underdog Fantasy ADP (best-ball), 2026",2026,RB,8,Omarion Hampton,Omarion Hampton,,Total Touches,volume,binary_vs_avg,365.90,?,orange,-1,Y,high,"programmatic cell-fill sampling, validated vs published colour counts"
RB_FACTOR_GRID_2026,"Analyst colour-coded RB factor grid (screenshots, 10 images)",third_party_analyst_screenshot,UNKNOWN - owner to supply,UNKNOWN - owner to supply,"Underdog Fantasy ADP (best-ball), 2026",2026,RB,8,Omarion Hampton,Omarion Hampton,,Touchdowns,volume,binary_vs_avg,16.73,Yes,yellow,3,Y,high,"programmatic cell-fill sampling, validated vs published colour counts"
RB_FACTOR_GRID_2026,"Analyst colour-coded RB factor grid (screenshots, 10 images)",third_party_analyst_screenshot,UNKNOWN - owner to supply,UNKNOWN - owner to supply,"Underdog Fantasy ADP (best-ball), 2026",2026,RB,8,Omarion Hampton,Omarion Hampton,,Offensive Rank in PPG,situational,binary_vs_avg,9.50,Yes,green,5,Y,high,"programmatic cell-fill sampling, validated vs published colour counts"
RB_FACTOR_GRID_2026,"Analyst colour-coded RB factor grid (screenshots, 10 images)",third_party_analyst_screenshot,UNKNOWN - owner to supply,UNKNOWN - owner to supply,"Underdog Fantasy ADP (best-ball), 2026",2026,RB,8,Omarion Hampton,Omarion Hampton,,PFF Run Blocking Grade,situational,binary_vs_avg,9.88,Yes,green,5,Y,high,"programmatic cell-fill sampling, validated vs published colour counts"
RB_FACTOR_GRID_2026,"Analyst colour-coded RB factor grid (screenshots, 10 images)",third_party_analyst_screenshot,UNKNOWN - owner to supply,UNKNOWN - owner to supply,"Underdog Fantasy ADP (best-ball), 2026",2026,RB,8,Omarion Hampton,Omarion Hampton,,Teams Wins,situational,binary_vs_avg,9.85,Yes,green,5,Y,high,"programmatic cell-fill sampling, validated vs published colour counts"
RB_FACTOR_GRID_2026,"Analyst colour-coded RB factor grid (screenshots, 10 images)",third_party_analyst_screenshot,UNKNOWN - owner to supply,UNKNOWN - owner to supply,"Underdog Fantasy ADP (best-ball), 2026",2026,RB,8,Omarion Hampton,Omarion Hampton,,Age,situational,binary_vs_avg,24.94,Yes,yellow,3,Y,high,"programmatic cell-fill sampling, validated vs published colour counts"
RB_FACTOR_GRID_2026,"Analyst colour-coded RB factor grid (screenshots, 10 images)",third_party_analyst_screenshot,UNKNOWN - owner to supply,UNKNOWN - owner to supply,"Underdog Fantasy ADP (best-ball), 2026",2026,RB,8,Omarion Hampton,Omarion Hampton,,Efficiency (Yards per Carry),situational,binary_vs_avg,4.89,Yes,yellow,3,Y,high,"programmatic cell-fill sampling, validated vs published colour counts"
RB_FACTOR_GRID_2026,"Analyst colour-coded RB factor grid (screenshots, 10 images)",third_party_analyst_screenshot,UNKNOWN - owner to supply,UNKNOWN - owner to supply,"Underdog Fantasy ADP (best-ball), 2026",2026,RB,8,Omarion Hampton,Omarion Hampton,,Efficiency (Yards per Touch),situational,binary_vs_avg,5.82,?,orange,-1,Y,high,"programmatic cell-fill sampling, validated vs published colour counts"
RB_FACTOR_GRID_2026,"Analyst colour-coded RB factor grid (screenshots, 10 images)",third_party_analyst_screenshot,UNKNOWN - owner to supply,UNKNOWN - owner to supply,"Underdog Fantasy ADP (best-ball), 2026",2026,RB,8,Omarion Hampton,Omarion Hampton,,Archetype,classification,archetype,N/A,Breakout Candidate,yellow,3,Y,high,"programmatic cell-fill sampling, validated vs published colour counts"
RB_FACTOR_GRID_2026,"Analyst colour-coded RB factor grid (screenshots, 10 images)",third_party_analyst_screenshot,UNKNOWN - owner to supply,UNKNOWN - owner to supply,"Underdog Fantasy ADP (best-ball), 2026",2026,RB,8,Omarion Hampton,Omarion Hampton,,Age & Injury,classification,injury,MC/SC/C,Minimal Concerns,yellow,3,Y,high,"programmatic cell-fill sampling, validated vs published colour counts"
RB_FACTOR_GRID_2026,"Analyst colour-coded RB factor grid (screenshots, 10 images)",third_party_analyst_screenshot,UNKNOWN - owner to supply,UNKNOWN - owner to supply,"Underdog Fantasy ADP (best-ball), 2026",2026,RB,9,Ken Walker,Kenneth Walker III,,Carries,volume,binary_vs_avg,293.79,Yes,yellow,3,Y,high,"programmatic cell-fill sampling, validated vs published colour counts"
RB_FACTOR_GRID_2026,"Analyst colour-coded RB factor grid (screenshots, 10 images)",third_party_analyst_screenshot,UNKNOWN - owner to supply,UNKNOWN - owner to supply,"Underdog Fantasy ADP (best-ball), 2026",2026,RB,9,Ken Walker,Kenneth Walker III,,Targets,volume,binary_vs_avg,92.49,No,red,-3,Y,high,"programmatic cell-fill sampling, validated vs published colour counts"
RB_FACTOR_GRID_2026,"Analyst colour-coded RB factor grid (screenshots, 10 images)",third_party_analyst_screenshot,UNKNOWN - owner to supply,UNKNOWN - owner to supply,"Underdog Fantasy ADP (best-ball), 2026",2026,RB,9,Ken Walker,Kenneth Walker III,,Receptions,volume,binary_vs_avg,72.22,No,red,-3,Y,high,"programmatic cell-fill sampling, validated vs published colour counts"
RB_FACTOR_GRID_2026,"Analyst colour-coded RB factor grid (screenshots, 10 images)",third_party_analyst_screenshot,UNKNOWN - owner to supply,UNKNOWN - owner to supply,"Underdog Fantasy ADP (best-ball), 2026",2026,RB,9,Ken Walker,Kenneth Walker III,,Total Touches,volume,binary_vs_avg,365.90,?,orange,-1,Y,high,"programmatic cell-fill sampling, validated vs published colour counts"
RB_FACTOR_GRID_2026,"Analyst colour-coded RB factor grid (screenshots, 10 images)",third_party_analyst_screenshot,UNKNOWN - owner to supply,UNKNOWN - owner to supply,"Underdog Fantasy ADP (best-ball), 2026",2026,RB,9,Ken Walker,Kenneth Walker III,,Touchdowns,volume,binary_vs_avg,16.73,Yes,yellow,3,Y,high,"programmatic cell-fill sampling, validated vs published colour counts"
RB_FACTOR_GRID_2026,"Analyst colour-coded RB factor grid (screenshots, 10 images)",third_party_analyst_screenshot,UNKNOWN - owner to supply,UNKNOWN - owner to supply,"Underdog Fantasy ADP (best-ball), 2026",2026,RB,9,Ken Walker,Kenneth Walker III,,Offensive Rank in PPG,situational,binary_vs_avg,9.50,Yes,yellow,3,Y,high,"programmatic cell-fill sampling, validated vs published colour counts"
RB_FACTOR_GRID_2026,"Analyst colour-coded RB factor grid (screenshots, 10 images)",third_party_analyst_screenshot,UNKNOWN - owner to supply,UNKNOWN - owner to supply,"Underdog Fantasy ADP (best-ball), 2026",2026,RB,9,Ken Walker,Kenneth Walker III,,PFF Run Blocking Grade,situational,binary_vs_avg,9.88,Yes,yellow,3,Y,high,"programmatic cell-fill sampling, validated vs published colour counts"
RB_FACTOR_GRID_2026,"Analyst colour-coded RB factor grid (screenshots, 10 images)",third_party_analyst_screenshot,UNKNOWN - owner to supply,UNKNOWN - owner to supply,"Underdog Fantasy ADP (best-ball), 2026",2026,RB,9,Ken Walker,Kenneth Walker III,,Teams Wins,situational,binary_vs_avg,9.85,Yes,green,5,Y,high,"programmatic cell-fill sampling, validated vs published colour counts"
RB_FACTOR_GRID_2026,"Analyst colour-coded RB factor grid (screenshots, 10 images)",third_party_analyst_screenshot,UNKNOWN - owner to supply,UNKNOWN - owner to supply,"Underdog Fantasy ADP (best-ball), 2026",2026,RB,9,Ken Walker,Kenneth Walker III,,Age,situational,binary_vs_avg,24.94,Yes,green,5,Y,high,"programmatic cell-fill sampling, validated vs published colour counts"
RB_FACTOR_GRID_2026,"Analyst colour-coded RB factor grid (screenshots, 10 images)",third_party_analyst_screenshot,UNKNOWN - owner to supply,UNKNOWN - owner to supply,"Underdog Fantasy ADP (best-ball), 2026",2026,RB,9,Ken Walker,Kenneth Walker III,,Efficiency (Yards per Carry),situational,binary_vs_avg,4.89,Yes,yellow,3,Y,high,"programmatic cell-fill sampling, validated vs published colour counts"
RB_FACTOR_GRID_2026,"Analyst colour-coded RB factor grid (screenshots, 10 images)",third_party_analyst_screenshot,UNKNOWN - owner to supply,UNKNOWN - owner to supply,"Underdog Fantasy ADP (best-ball), 2026",2026,RB,9,Ken Walker,Kenneth Walker III,,Efficiency (Yards per Touch),situational,binary_vs_avg,5.82,?,orange,-1,Y,high,"programmatic cell-fill sampling, validated vs published colour counts"
RB_FACTOR_GRID_2026,"Analyst colour-coded RB factor grid (screenshots, 10 images)",third_party_analyst_screenshot,UNKNOWN - owner to supply,UNKNOWN - owner to supply,"Underdog Fantasy ADP (best-ball), 2026",2026,RB,9,Ken Walker,Kenneth Walker III,,Archetype,classification,archetype,N/A,RB1s In Their Prime,green,5,Y,high,"programmatic cell-fill sampling, validated vs published colour counts"
RB_FACTOR_GRID_2026,"Analyst colour-coded RB factor grid (screenshots, 10 images)",third_party_analyst_screenshot,UNKNOWN - owner to supply,UNKNOWN - owner to supply,"Underdog Fantasy ADP (best-ball), 2026",2026,RB,9,Ken Walker,Kenneth Walker III,,Age & Injury,classification,injury,MC/SC/C,Some Concern,orange,-1,Y,high,"programmatic cell-fill sampling, validated vs published colour counts"
RB_FACTOR_GRID_2026,"Analyst colour-coded RB factor grid (screenshots, 10 images)",third_party_analyst_screenshot,UNKNOWN - owner to supply,UNKNOWN - owner to supply,"Underdog Fantasy ADP (best-ball), 2026",2026,RB,10,Chase Brown,Chase Brown,,Carries,volume,binary_vs_avg,293.79,Yes,yellow,3,Y,high,"programmatic cell-fill sampling, validated vs published colour counts"
RB_FACTOR_GRID_2026,"Analyst colour-coded RB factor grid (screenshots, 10 images)",third_party_analyst_screenshot,UNKNOWN - owner to supply,UNKNOWN - owner to supply,"Underdog Fantasy ADP (best-ball), 2026",2026,RB,10,Chase Brown,Chase Brown,,Targets,volume,binary_vs_avg,92.49,Yes,yellow,3,Y,high,"programmatic cell-fill sampling, validated vs published colour counts"
RB_FACTOR_GRID_2026,"Analyst colour-coded RB factor grid (screenshots, 10 images)",third_party_analyst_screenshot,UNKNOWN - owner to supply,UNKNOWN - owner to supply,"Underdog Fantasy ADP (best-ball), 2026",2026,RB,10,Chase Brown,Chase Brown,,Receptions,volume,binary_vs_avg,72.22,Yes,yellow,3,Y,high,"programmatic cell-fill sampling, validated vs published colour counts"
RB_FACTOR_GRID_2026,"Analyst colour-coded RB factor grid (screenshots, 10 images)",third_party_analyst_screenshot,UNKNOWN - owner to supply,UNKNOWN - owner to supply,"Underdog Fantasy ADP (best-ball), 2026",2026,RB,10,Chase Brown,Chase Brown,,Total Touches,volume,binary_vs_avg,365.90,Yes,yellow,3,Y,high,"programmatic cell-fill sampling, validated vs published colour counts"
RB_FACTOR_GRID_2026,"Analyst colour-coded RB factor grid (screenshots, 10 images)",third_party_analyst_screenshot,UNKNOWN - owner to supply,UNKNOWN - owner to supply,"Underdog Fantasy ADP (best-ball), 2026",2026,RB,10,Chase Brown,Chase Brown,,Touchdowns,volume,binary_vs_avg,16.73,Yes,yellow,3,Y,high,"programmatic cell-fill sampling, validated vs published colour counts"
RB_FACTOR_GRID_2026,"Analyst colour-coded RB factor grid (screenshots, 10 images)",third_party_analyst_screenshot,UNKNOWN - owner to supply,UNKNOWN - owner to supply,"Underdog Fantasy ADP (best-ball), 2026",2026,RB,10,Chase Brown,Chase Brown,,Offensive Rank in PPG,situational,binary_vs_avg,9.50,Yes,green,5,Y,high,"programmatic cell-fill sampling, validated vs published colour counts"
RB_FACTOR_GRID_2026,"Analyst colour-coded RB factor grid (screenshots, 10 images)",third_party_analyst_screenshot,UNKNOWN - owner to supply,UNKNOWN - owner to supply,"Underdog Fantasy ADP (best-ball), 2026",2026,RB,10,Chase Brown,Chase Brown,,PFF Run Blocking Grade,situational,binary_vs_avg,9.88,No,red,-3,Y,high,"programmatic cell-fill sampling, validated vs published colour counts"
RB_FACTOR_GRID_2026,"Analyst colour-coded RB factor grid (screenshots, 10 images)",third_party_analyst_screenshot,UNKNOWN - owner to supply,UNKNOWN - owner to supply,"Underdog Fantasy ADP (best-ball), 2026",2026,RB,10,Chase Brown,Chase Brown,,Teams Wins,situational,binary_vs_avg,9.85,Yes,green,5,Y,high,"programmatic cell-fill sampling, validated vs published colour counts"
RB_FACTOR_GRID_2026,"Analyst colour-coded RB factor grid (screenshots, 10 images)",third_party_analyst_screenshot,UNKNOWN - owner to supply,UNKNOWN - owner to supply,"Underdog Fantasy ADP (best-ball), 2026",2026,RB,10,Chase Brown,Chase Brown,,Age,situational,binary_vs_avg,24.94,Yes,green,5,Y,high,"programmatic cell-fill sampling, validated vs published colour counts"
RB_FACTOR_GRID_2026,"Analyst colour-coded RB factor grid (screenshots, 10 images)",third_party_analyst_screenshot,UNKNOWN - owner to supply,UNKNOWN - owner to supply,"Underdog Fantasy ADP (best-ball), 2026",2026,RB,10,Chase Brown,Chase Brown,,Efficiency (Yards per Carry),situational,binary_vs_avg,4.89,Yes,yellow,3,Y,high,"programmatic cell-fill sampling, validated vs published colour counts"
RB_FACTOR_GRID_2026,"Analyst colour-coded RB factor grid (screenshots, 10 images)",third_party_analyst_screenshot,UNKNOWN - owner to supply,UNKNOWN - owner to supply,"Underdog Fantasy ADP (best-ball), 2026",2026,RB,10,Chase Brown,Chase Brown,,Efficiency (Yards per Touch),situational,binary_vs_avg,5.82,?,orange,-1,Y,high,"programmatic cell-fill sampling, validated vs published colour counts"
RB_FACTOR_GRID_2026,"Analyst colour-coded RB factor grid (screenshots, 10 images)",third_party_analyst_screenshot,UNKNOWN - owner to supply,UNKNOWN - owner to supply,"Underdog Fantasy ADP (best-ball), 2026",2026,RB,10,Chase Brown,Chase Brown,,Archetype,classification,archetype,N/A,RB1s In Their Prime,green,5,Y,high,"programmatic cell-fill sampling, validated vs published colour counts"
RB_FACTOR_GRID_2026,"Analyst colour-coded RB factor grid (screenshots, 10 images)",third_party_analyst_screenshot,UNKNOWN - owner to supply,UNKNOWN - owner to supply,"Underdog Fantasy ADP (best-ball), 2026",2026,RB,10,Chase Brown,Chase Brown,,Age & Injury,classification,injury,MC/SC/C,Minimal Concerns,yellow,3,Y,high,"programmatic cell-fill sampling, validated vs published colour counts"
RB_FACTOR_GRID_2026,"Analyst colour-coded RB factor grid (screenshots, 10 images)",third_party_analyst_screenshot,UNKNOWN - owner to supply,UNKNOWN - owner to supply,"Underdog Fantasy ADP (best-ball), 2026",2026,RB,11,Derrick Henry,Derrick Henry,,Carries,volume,binary_vs_avg,293.79,Yes,yellow,3,Y,high,"programmatic cell-fill sampling, validated vs published colour counts"
RB_FACTOR_GRID_2026,"Analyst colour-coded RB factor grid (screenshots, 10 images)",third_party_analyst_screenshot,UNKNOWN - owner to supply,UNKNOWN - owner to supply,"Underdog Fantasy ADP (best-ball), 2026",2026,RB,11,Derrick Henry,Derrick Henry,,Targets,volume,binary_vs_avg,92.49,No,red,-3,Y,high,"programmatic cell-fill sampling, validated vs published colour counts"
RB_FACTOR_GRID_2026,"Analyst colour-coded RB factor grid (screenshots, 10 images)",third_party_analyst_screenshot,UNKNOWN - owner to supply,UNKNOWN - owner to supply,"Underdog Fantasy ADP (best-ball), 2026",2026,RB,11,Derrick Henry,Derrick Henry,,Receptions,volume,binary_vs_avg,72.22,No,red,-3,Y,high,"programmatic cell-fill sampling, validated vs published colour counts"
RB_FACTOR_GRID_2026,"Analyst colour-coded RB factor grid (screenshots, 10 images)",third_party_analyst_screenshot,UNKNOWN - owner to supply,UNKNOWN - owner to supply,"Underdog Fantasy ADP (best-ball), 2026",2026,RB,11,Derrick Henry,Derrick Henry,,Total Touches,volume,binary_vs_avg,365.90,?,orange,-1,Y,high,"programmatic cell-fill sampling, validated vs published colour counts"
RB_FACTOR_GRID_2026,"Analyst colour-coded RB factor grid (screenshots, 10 images)",third_party_analyst_screenshot,UNKNOWN - owner to supply,UNKNOWN - owner to supply,"Underdog Fantasy ADP (best-ball), 2026",2026,RB,11,Derrick Henry,Derrick Henry,,Touchdowns,volume,binary_vs_avg,16.73,Yes,green,5,Y,high,"programmatic cell-fill sampling, validated vs published colour counts"
RB_FACTOR_GRID_2026,"Analyst colour-coded RB factor grid (screenshots, 10 images)",third_party_analyst_screenshot,UNKNOWN - owner to supply,UNKNOWN - owner to supply,"Underdog Fantasy ADP (best-ball), 2026",2026,RB,11,Derrick Henry,Derrick Henry,,Offensive Rank in PPG,situational,binary_vs_avg,9.50,Yes,yellow,3,Y,high,"programmatic cell-fill sampling, validated vs published colour counts"
RB_FACTOR_GRID_2026,"Analyst colour-coded RB factor grid (screenshots, 10 images)",third_party_analyst_screenshot,UNKNOWN - owner to supply,UNKNOWN - owner to supply,"Underdog Fantasy ADP (best-ball), 2026",2026,RB,11,Derrick Henry,Derrick Henry,,PFF Run Blocking Grade,situational,binary_vs_avg,9.88,?,orange,-1,Y,high,"programmatic cell-fill sampling, validated vs published colour counts"
RB_FACTOR_GRID_2026,"Analyst colour-coded RB factor grid (screenshots, 10 images)",third_party_analyst_screenshot,UNKNOWN - owner to supply,UNKNOWN - owner to supply,"Underdog Fantasy ADP (best-ball), 2026",2026,RB,11,Derrick Henry,Derrick Henry,,Teams Wins,situational,binary_vs_avg,9.85,Yes,yellow,3,Y,high,"programmatic cell-fill sampling, validated vs published colour counts"
RB_FACTOR_GRID_2026,"Analyst colour-coded RB factor grid (screenshots, 10 images)",third_party_analyst_screenshot,UNKNOWN - owner to supply,UNKNOWN - owner to supply,"Underdog Fantasy ADP (best-ball), 2026",2026,RB,11,Derrick Henry,Derrick Henry,,Age,situational,binary_vs_avg,24.94,No,red,-3,Y,high,"programmatic cell-fill sampling, validated vs published colour counts"
RB_FACTOR_GRID_2026,"Analyst colour-coded RB factor grid (screenshots, 10 images)",third_party_analyst_screenshot,UNKNOWN - owner to supply,UNKNOWN - owner to supply,"Underdog Fantasy ADP (best-ball), 2026",2026,RB,11,Derrick Henry,Derrick Henry,,Efficiency (Yards per Carry),situational,binary_vs_avg,4.89,Yes,green,5,Y,high,"programmatic cell-fill sampling, validated vs published colour counts"
RB_FACTOR_GRID_2026,"Analyst colour-coded RB factor grid (screenshots, 10 images)",third_party_analyst_screenshot,UNKNOWN - owner to supply,UNKNOWN - owner to supply,"Underdog Fantasy ADP (best-ball), 2026",2026,RB,11,Derrick Henry,Derrick Henry,,Efficiency (Yards per Touch),situational,binary_vs_avg,5.82,No,red,-3,Y,high,"programmatic cell-fill sampling, validated vs published colour counts"
RB_FACTOR_GRID_2026,"Analyst colour-coded RB factor grid (screenshots, 10 images)",third_party_analyst_screenshot,UNKNOWN - owner to supply,UNKNOWN - owner to supply,"Underdog Fantasy ADP (best-ball), 2026",2026,RB,11,Derrick Henry,Derrick Henry,,Archetype,classification,archetype,N/A,Trusty Veteran,red,-3,Y,high,"programmatic cell-fill sampling, validated vs published colour counts"
RB_FACTOR_GRID_2026,"Analyst colour-coded RB factor grid (screenshots, 10 images)",third_party_analyst_screenshot,UNKNOWN - owner to supply,UNKNOWN - owner to supply,"Underdog Fantasy ADP (best-ball), 2026",2026,RB,11,Derrick Henry,Derrick Henry,,Age & Injury,classification,injury,MC/SC/C,Concerned,red,-3,Y,high,"programmatic cell-fill sampling, validated vs published colour counts"
RB_FACTOR_GRID_2026,"Analyst colour-coded RB factor grid (screenshots, 10 images)",third_party_analyst_screenshot,UNKNOWN - owner to supply,UNKNOWN - owner to supply,"Underdog Fantasy ADP (best-ball), 2026",2026,RB,12,Devon Achane,De'Von Achane,,Carries,volume,binary_vs_avg,293.79,Yes,yellow,3,Y,high,"programmatic cell-fill sampling, validated vs published colour counts"
RB_FACTOR_GRID_2026,"Analyst colour-coded RB factor grid (screenshots, 10 images)",third_party_analyst_screenshot,UNKNOWN - owner to supply,UNKNOWN - owner to supply,"Underdog Fantasy ADP (best-ball), 2026",2026,RB,12,Devon Achane,De'Von Achane,,Targets,volume,binary_vs_avg,92.49,Yes,yellow,3,Y,high,"programmatic cell-fill sampling, validated vs published colour counts"
RB_FACTOR_GRID_2026,"Analyst colour-coded RB factor grid (screenshots, 10 images)",third_party_analyst_screenshot,UNKNOWN - owner to supply,UNKNOWN - owner to supply,"Underdog Fantasy ADP (best-ball), 2026",2026,RB,12,Devon Achane,De'Von Achane,,Receptions,volume,binary_vs_avg,72.22,Yes,yellow,3,Y,high,"programmatic cell-fill sampling, validated vs published colour counts"
RB_FACTOR_GRID_2026,"Analyst colour-coded RB factor grid (screenshots, 10 images)",third_party_analyst_screenshot,UNKNOWN - owner to supply,UNKNOWN - owner to supply,"Underdog Fantasy ADP (best-ball), 2026",2026,RB,12,Devon Achane,De'Von Achane,,Total Touches,volume,binary_vs_avg,365.90,Yes,yellow,3,Y,high,"programmatic cell-fill sampling, validated vs published colour counts"
RB_FACTOR_GRID_2026,"Analyst colour-coded RB factor grid (screenshots, 10 images)",third_party_analyst_screenshot,UNKNOWN - owner to supply,UNKNOWN - owner to supply,"Underdog Fantasy ADP (best-ball), 2026",2026,RB,12,Devon Achane,De'Von Achane,,Touchdowns,volume,binary_vs_avg,16.73,No,red,-3,Y,high,"programmatic cell-fill sampling, validated vs published colour counts"
RB_FACTOR_GRID_2026,"Analyst colour-coded RB factor grid (screenshots, 10 images)",third_party_analyst_screenshot,UNKNOWN - owner to supply,UNKNOWN - owner to supply,"Underdog Fantasy ADP (best-ball), 2026",2026,RB,12,Devon Achane,De'Von Achane,,Offensive Rank in PPG,situational,binary_vs_avg,9.50,No,red,-3,Y,high,"programmatic cell-fill sampling, validated vs published colour counts"
RB_FACTOR_GRID_2026,"Analyst colour-coded RB factor grid (screenshots, 10 images)",third_party_analyst_screenshot,UNKNOWN - owner to supply,UNKNOWN - owner to supply,"Underdog Fantasy ADP (best-ball), 2026",2026,RB,12,Devon Achane,De'Von Achane,,PFF Run Blocking Grade,situational,binary_vs_avg,9.88,No,red,-3,Y,high,"programmatic cell-fill sampling, validated vs published colour counts"
RB_FACTOR_GRID_2026,"Analyst colour-coded RB factor grid (screenshots, 10 images)",third_party_analyst_screenshot,UNKNOWN - owner to supply,UNKNOWN - owner to supply,"Underdog Fantasy ADP (best-ball), 2026",2026,RB,12,Devon Achane,De'Von Achane,,Teams Wins,situational,binary_vs_avg,9.85,No,red,-3,Y,high,"programmatic cell-fill sampling, validated vs published colour counts"
RB_FACTOR_GRID_2026,"Analyst colour-coded RB factor grid (screenshots, 10 images)",third_party_analyst_screenshot,UNKNOWN - owner to supply,UNKNOWN - owner to supply,"Underdog Fantasy ADP (best-ball), 2026",2026,RB,12,Devon Achane,De'Von Achane,,Age,situational,binary_vs_avg,24.94,Yes,green,5,Y,high,"programmatic cell-fill sampling, validated vs published colour counts"
RB_FACTOR_GRID_2026,"Analyst colour-coded RB factor grid (screenshots, 10 images)",third_party_analyst_screenshot,UNKNOWN - owner to supply,UNKNOWN - owner to supply,"Underdog Fantasy ADP (best-ball), 2026",2026,RB,12,Devon Achane,De'Von Achane,,Efficiency (Yards per Carry),situational,binary_vs_avg,4.89,Yes,yellow,3,Y,high,"programmatic cell-fill sampling, validated vs published colour counts"
RB_FACTOR_GRID_2026,"Analyst colour-coded RB factor grid (screenshots, 10 images)",third_party_analyst_screenshot,UNKNOWN - owner to supply,UNKNOWN - owner to supply,"Underdog Fantasy ADP (best-ball), 2026",2026,RB,12,Devon Achane,De'Von Achane,,Efficiency (Yards per Touch),situational,binary_vs_avg,5.82,Yes,green,5,Y,high,"programmatic cell-fill sampling, validated vs published colour counts"
RB_FACTOR_GRID_2026,"Analyst colour-coded RB factor grid (screenshots, 10 images)",third_party_analyst_screenshot,UNKNOWN - owner to supply,UNKNOWN - owner to supply,"Underdog Fantasy ADP (best-ball), 2026",2026,RB,12,Devon Achane,De'Von Achane,,Archetype,classification,archetype,N/A,Prime Multi Time RB1,purple,0,N,high,"programmatic cell-fill sampling, validated vs published colour counts"
RB_FACTOR_GRID_2026,"Analyst colour-coded RB factor grid (screenshots, 10 images)",third_party_analyst_screenshot,UNKNOWN - owner to supply,UNKNOWN - owner to supply,"Underdog Fantasy ADP (best-ball), 2026",2026,RB,12,Devon Achane,De'Von Achane,,Age & Injury,classification,injury,MC/SC/C,Minimal Concerns,yellow,3,Y,high,"programmatic cell-fill sampling, validated vs published colour counts"
RB_FACTOR_GRID_2026,"Analyst colour-coded RB factor grid (screenshots, 10 images)",third_party_analyst_screenshot,UNKNOWN - owner to supply,UNKNOWN - owner to supply,"Underdog Fantasy ADP (best-ball), 2026",2026,RB,13,Jeremiyah Love,Jeremiyah Love,,Carries,volume,binary_vs_avg,293.79,?,orange,-1,Y,high,"programmatic cell-fill sampling, validated vs published colour counts"
RB_FACTOR_GRID_2026,"Analyst colour-coded RB factor grid (screenshots, 10 images)",third_party_analyst_screenshot,UNKNOWN - owner to supply,UNKNOWN - owner to supply,"Underdog Fantasy ADP (best-ball), 2026",2026,RB,13,Jeremiyah Love,Jeremiyah Love,,Targets,volume,binary_vs_avg,92.49,Yes,yellow,3,Y,high,"programmatic cell-fill sampling, validated vs published colour counts"
RB_FACTOR_GRID_2026,"Analyst colour-coded RB factor grid (screenshots, 10 images)",third_party_analyst_screenshot,UNKNOWN - owner to supply,UNKNOWN - owner to supply,"Underdog Fantasy ADP (best-ball), 2026",2026,RB,13,Jeremiyah Love,Jeremiyah Love,,Receptions,volume,binary_vs_avg,72.22,Yes,yellow,3,Y,high,"programmatic cell-fill sampling, validated vs published colour counts"
RB_FACTOR_GRID_2026,"Analyst colour-coded RB factor grid (screenshots, 10 images)",third_party_analyst_screenshot,UNKNOWN - owner to supply,UNKNOWN - owner to supply,"Underdog Fantasy ADP (best-ball), 2026",2026,RB,13,Jeremiyah Love,Jeremiyah Love,,Total Touches,volume,binary_vs_avg,365.90,?,orange,-1,Y,high,"programmatic cell-fill sampling, validated vs published colour counts"
RB_FACTOR_GRID_2026,"Analyst colour-coded RB factor grid (screenshots, 10 images)",third_party_analyst_screenshot,UNKNOWN - owner to supply,UNKNOWN - owner to supply,"Underdog Fantasy ADP (best-ball), 2026",2026,RB,13,Jeremiyah Love,Jeremiyah Love,,Touchdowns,volume,binary_vs_avg,16.73,No,red,-3,Y,high,"programmatic cell-fill sampling, validated vs published colour counts"
RB_FACTOR_GRID_2026,"Analyst colour-coded RB factor grid (screenshots, 10 images)",third_party_analyst_screenshot,UNKNOWN - owner to supply,UNKNOWN - owner to supply,"Underdog Fantasy ADP (best-ball), 2026",2026,RB,13,Jeremiyah Love,Jeremiyah Love,,Offensive Rank in PPG,situational,binary_vs_avg,9.50,No,red,-3,Y,high,"programmatic cell-fill sampling, validated vs published colour counts"
RB_FACTOR_GRID_2026,"Analyst colour-coded RB factor grid (screenshots, 10 images)",third_party_analyst_screenshot,UNKNOWN - owner to supply,UNKNOWN - owner to supply,"Underdog Fantasy ADP (best-ball), 2026",2026,RB,13,Jeremiyah Love,Jeremiyah Love,,PFF Run Blocking Grade,situational,binary_vs_avg,9.88,?,orange,-1,Y,high,"programmatic cell-fill sampling, validated vs published colour counts"
RB_FACTOR_GRID_2026,"Analyst colour-coded RB factor grid (screenshots, 10 images)",third_party_analyst_screenshot,UNKNOWN - owner to supply,UNKNOWN - owner to supply,"Underdog Fantasy ADP (best-ball), 2026",2026,RB,13,Jeremiyah Love,Jeremiyah Love,,Teams Wins,situational,binary_vs_avg,9.85,No,red,-3,Y,high,"programmatic cell-fill sampling, validated vs published colour counts"
RB_FACTOR_GRID_2026,"Analyst colour-coded RB factor grid (screenshots, 10 images)",third_party_analyst_screenshot,UNKNOWN - owner to supply,UNKNOWN - owner to supply,"Underdog Fantasy ADP (best-ball), 2026",2026,RB,13,Jeremiyah Love,Jeremiyah Love,,Age,situational,binary_vs_avg,24.94,Yes,yellow,3,Y,high,"programmatic cell-fill sampling, validated vs published colour counts"
RB_FACTOR_GRID_2026,"Analyst colour-coded RB factor grid (screenshots, 10 images)",third_party_analyst_screenshot,UNKNOWN - owner to supply,UNKNOWN - owner to supply,"Underdog Fantasy ADP (best-ball), 2026",2026,RB,13,Jeremiyah Love,Jeremiyah Love,,Efficiency (Yards per Carry),situational,binary_vs_avg,4.89,Yes,yellow,3,Y,high,"programmatic cell-fill sampling, validated vs published colour counts"
RB_FACTOR_GRID_2026,"Analyst colour-coded RB factor grid (screenshots, 10 images)",third_party_analyst_screenshot,UNKNOWN - owner to supply,UNKNOWN - owner to supply,"Underdog Fantasy ADP (best-ball), 2026",2026,RB,13,Jeremiyah Love,Jeremiyah Love,,Efficiency (Yards per Touch),situational,binary_vs_avg,5.82,Yes,yellow,3,Y,high,"programmatic cell-fill sampling, validated vs published colour counts"
RB_FACTOR_GRID_2026,"Analyst colour-coded RB factor grid (screenshots, 10 images)",third_party_analyst_screenshot,UNKNOWN - owner to supply,UNKNOWN - owner to supply,"Underdog Fantasy ADP (best-ball), 2026",2026,RB,13,Jeremiyah Love,Jeremiyah Love,,Archetype,classification,archetype,N/A,Breakout Candidate,orange,-1,Y,high,"programmatic cell-fill sampling, validated vs published colour counts"
RB_FACTOR_GRID_2026,"Analyst colour-coded RB factor grid (screenshots, 10 images)",third_party_analyst_screenshot,UNKNOWN - owner to supply,UNKNOWN - owner to supply,"Underdog Fantasy ADP (best-ball), 2026",2026,RB,13,Jeremiyah Love,Jeremiyah Love,,Age & Injury,classification,injury,MC/SC/C,Minimal Concerns,yellow,3,Y,high,"programmatic cell-fill sampling, validated vs published colour counts"
RB_FACTOR_GRID_2026,"Analyst colour-coded RB factor grid (screenshots, 10 images)",third_party_analyst_screenshot,UNKNOWN - owner to supply,UNKNOWN - owner to supply,"Underdog Fantasy ADP (best-ball), 2026",2026,RB,14,Breece Hall,Breece Hall,,Carries,volume,binary_vs_avg,293.79,Yes,yellow,3,Y,high,"programmatic cell-fill sampling, validated vs published colour counts"
RB_FACTOR_GRID_2026,"Analyst colour-coded RB factor grid (screenshots, 10 images)",third_party_analyst_screenshot,UNKNOWN - owner to supply,UNKNOWN - owner to supply,"Underdog Fantasy ADP (best-ball), 2026",2026,RB,14,Breece Hall,Breece Hall,,Targets,volume,binary_vs_avg,92.49,Yes,yellow,3,Y,high,"programmatic cell-fill sampling, validated vs published colour counts"
RB_FACTOR_GRID_2026,"Analyst colour-coded RB factor grid (screenshots, 10 images)",third_party_analyst_screenshot,UNKNOWN - owner to supply,UNKNOWN - owner to supply,"Underdog Fantasy ADP (best-ball), 2026",2026,RB,14,Breece Hall,Breece Hall,,Receptions,volume,binary_vs_avg,72.22,Yes,yellow,3,Y,high,"programmatic cell-fill sampling, validated vs published colour counts"
RB_FACTOR_GRID_2026,"Analyst colour-coded RB factor grid (screenshots, 10 images)",third_party_analyst_screenshot,UNKNOWN - owner to supply,UNKNOWN - owner to supply,"Underdog Fantasy ADP (best-ball), 2026",2026,RB,14,Breece Hall,Breece Hall,,Total Touches,volume,binary_vs_avg,365.90,?,orange,-1,Y,high,"programmatic cell-fill sampling, validated vs published colour counts"
RB_FACTOR_GRID_2026,"Analyst colour-coded RB factor grid (screenshots, 10 images)",third_party_analyst_screenshot,UNKNOWN - owner to supply,UNKNOWN - owner to supply,"Underdog Fantasy ADP (best-ball), 2026",2026,RB,14,Breece Hall,Breece Hall,,Touchdowns,volume,binary_vs_avg,16.73,No,red,-3,Y,high,"programmatic cell-fill sampling, validated vs published colour counts"
RB_FACTOR_GRID_2026,"Analyst colour-coded RB factor grid (screenshots, 10 images)",third_party_analyst_screenshot,UNKNOWN - owner to supply,UNKNOWN - owner to supply,"Underdog Fantasy ADP (best-ball), 2026",2026,RB,14,Breece Hall,Breece Hall,,Offensive Rank in PPG,situational,binary_vs_avg,9.50,No,red,-3,Y,high,"programmatic cell-fill sampling, validated vs published colour counts"
RB_FACTOR_GRID_2026,"Analyst colour-coded RB factor grid (screenshots, 10 images)",third_party_analyst_screenshot,UNKNOWN - owner to supply,UNKNOWN - owner to supply,"Underdog Fantasy ADP (best-ball), 2026",2026,RB,14,Breece Hall,Breece Hall,,PFF Run Blocking Grade,situational,binary_vs_avg,9.88,Yes,yellow,3,Y,high,"programmatic cell-fill sampling, validated vs published colour counts"
RB_FACTOR_GRID_2026,"Analyst colour-coded RB factor grid (screenshots, 10 images)",third_party_analyst_screenshot,UNKNOWN - owner to supply,UNKNOWN - owner to supply,"Underdog Fantasy ADP (best-ball), 2026",2026,RB,14,Breece Hall,Breece Hall,,Teams Wins,situational,binary_vs_avg,9.85,No,red,-3,Y,high,"programmatic cell-fill sampling, validated vs published colour counts"
RB_FACTOR_GRID_2026,"Analyst colour-coded RB factor grid (screenshots, 10 images)",third_party_analyst_screenshot,UNKNOWN - owner to supply,UNKNOWN - owner to supply,"Underdog Fantasy ADP (best-ball), 2026",2026,RB,14,Breece Hall,Breece Hall,,Age,situational,binary_vs_avg,24.94,Yes,green,5,Y,high,"programmatic cell-fill sampling, validated vs published colour counts"
RB_FACTOR_GRID_2026,"Analyst colour-coded RB factor grid (screenshots, 10 images)",third_party_analyst_screenshot,UNKNOWN - owner to supply,UNKNOWN - owner to supply,"Underdog Fantasy ADP (best-ball), 2026",2026,RB,14,Breece Hall,Breece Hall,,Efficiency (Yards per Carry),situational,binary_vs_avg,4.89,Yes,yellow,3,Y,high,"programmatic cell-fill sampling, validated vs published colour counts"
RB_FACTOR_GRID_2026,"Analyst colour-coded RB factor grid (screenshots, 10 images)",third_party_analyst_screenshot,UNKNOWN - owner to supply,UNKNOWN - owner to supply,"Underdog Fantasy ADP (best-ball), 2026",2026,RB,14,Breece Hall,Breece Hall,,Efficiency (Yards per Touch),situational,binary_vs_avg,5.82,Yes,yellow,3,Y,high,"programmatic cell-fill sampling, validated vs published colour counts"
RB_FACTOR_GRID_2026,"Analyst colour-coded RB factor grid (screenshots, 10 images)",third_party_analyst_screenshot,UNKNOWN - owner to supply,UNKNOWN - owner to supply,"Underdog Fantasy ADP (best-ball), 2026",2026,RB,14,Breece Hall,Breece Hall,,Archetype,classification,archetype,N/A,RB1s In Their Prime,green,5,Y,high,"programmatic cell-fill sampling, validated vs published colour counts"
RB_FACTOR_GRID_2026,"Analyst colour-coded RB factor grid (screenshots, 10 images)",third_party_analyst_screenshot,UNKNOWN - owner to supply,UNKNOWN - owner to supply,"Underdog Fantasy ADP (best-ball), 2026",2026,RB,14,Breece Hall,Breece Hall,,Age & Injury,classification,injury,MC/SC/C,Minimal Concerns,yellow,3,Y,high,"programmatic cell-fill sampling, validated vs published colour counts"
RB_FACTOR_GRID_2026,"Analyst colour-coded RB factor grid (screenshots, 10 images)",third_party_analyst_screenshot,UNKNOWN - owner to supply,UNKNOWN - owner to supply,"Underdog Fantasy ADP (best-ball), 2026",2026,RB,15,Kyren Williams,Kyren Williams,,Carries,volume,binary_vs_avg,293.79,Yes,yellow,3,Y,high,"programmatic cell-fill sampling, validated vs published colour counts"
RB_FACTOR_GRID_2026,"Analyst colour-coded RB factor grid (screenshots, 10 images)",third_party_analyst_screenshot,UNKNOWN - owner to supply,UNKNOWN - owner to supply,"Underdog Fantasy ADP (best-ball), 2026",2026,RB,15,Kyren Williams,Kyren Williams,,Targets,volume,binary_vs_avg,92.49,No,red,-3,Y,high,"programmatic cell-fill sampling, validated vs published colour counts"
RB_FACTOR_GRID_2026,"Analyst colour-coded RB factor grid (screenshots, 10 images)",third_party_analyst_screenshot,UNKNOWN - owner to supply,UNKNOWN - owner to supply,"Underdog Fantasy ADP (best-ball), 2026",2026,RB,15,Kyren Williams,Kyren Williams,,Receptions,volume,binary_vs_avg,72.22,No,red,-3,Y,high,"programmatic cell-fill sampling, validated vs published colour counts"
RB_FACTOR_GRID_2026,"Analyst colour-coded RB factor grid (screenshots, 10 images)",third_party_analyst_screenshot,UNKNOWN - owner to supply,UNKNOWN - owner to supply,"Underdog Fantasy ADP (best-ball), 2026",2026,RB,15,Kyren Williams,Kyren Williams,,Total Touches,volume,binary_vs_avg,365.90,No,red,-3,Y,high,"programmatic cell-fill sampling, validated vs published colour counts"
RB_FACTOR_GRID_2026,"Analyst colour-coded RB factor grid (screenshots, 10 images)",third_party_analyst_screenshot,UNKNOWN - owner to supply,UNKNOWN - owner to supply,"Underdog Fantasy ADP (best-ball), 2026",2026,RB,15,Kyren Williams,Kyren Williams,,Touchdowns,volume,binary_vs_avg,16.73,Yes,yellow,3,Y,high,"programmatic cell-fill sampling, validated vs published colour counts"
RB_FACTOR_GRID_2026,"Analyst colour-coded RB factor grid (screenshots, 10 images)",third_party_analyst_screenshot,UNKNOWN - owner to supply,UNKNOWN - owner to supply,"Underdog Fantasy ADP (best-ball), 2026",2026,RB,15,Kyren Williams,Kyren Williams,,Offensive Rank in PPG,situational,binary_vs_avg,9.50,Yes,green,5,Y,high,"programmatic cell-fill sampling, validated vs published colour counts"
RB_FACTOR_GRID_2026,"Analyst colour-coded RB factor grid (screenshots, 10 images)",third_party_analyst_screenshot,UNKNOWN - owner to supply,UNKNOWN - owner to supply,"Underdog Fantasy ADP (best-ball), 2026",2026,RB,15,Kyren Williams,Kyren Williams,,PFF Run Blocking Grade,situational,binary_vs_avg,9.88,Yes,green,5,Y,high,"programmatic cell-fill sampling, validated vs published colour counts"
RB_FACTOR_GRID_2026,"Analyst colour-coded RB factor grid (screenshots, 10 images)",third_party_analyst_screenshot,UNKNOWN - owner to supply,UNKNOWN - owner to supply,"Underdog Fantasy ADP (best-ball), 2026",2026,RB,15,Kyren Williams,Kyren Williams,,Teams Wins,situational,binary_vs_avg,9.85,Yes,green,5,Y,high,"programmatic cell-fill sampling, validated vs published colour counts"
RB_FACTOR_GRID_2026,"Analyst colour-coded RB factor grid (screenshots, 10 images)",third_party_analyst_screenshot,UNKNOWN - owner to supply,UNKNOWN - owner to supply,"Underdog Fantasy ADP (best-ball), 2026",2026,RB,15,Kyren Williams,Kyren Williams,,Age,situational,binary_vs_avg,24.94,Yes,yellow,3,Y,high,"programmatic cell-fill sampling, validated vs published colour counts"
RB_FACTOR_GRID_2026,"Analyst colour-coded RB factor grid (screenshots, 10 images)",third_party_analyst_screenshot,UNKNOWN - owner to supply,UNKNOWN - owner to supply,"Underdog Fantasy ADP (best-ball), 2026",2026,RB,15,Kyren Williams,Kyren Williams,,Efficiency (Yards per Carry),situational,binary_vs_avg,4.89,Yes,yellow,3,Y,high,"programmatic cell-fill sampling, validated vs published colour counts"
RB_FACTOR_GRID_2026,"Analyst colour-coded RB factor grid (screenshots, 10 images)",third_party_analyst_screenshot,UNKNOWN - owner to supply,UNKNOWN - owner to supply,"Underdog Fantasy ADP (best-ball), 2026",2026,RB,15,Kyren Williams,Kyren Williams,,Efficiency (Yards per Touch),situational,binary_vs_avg,5.82,Yes,yellow,3,Y,high,"programmatic cell-fill sampling, validated vs published colour counts"
RB_FACTOR_GRID_2026,"Analyst colour-coded RB factor grid (screenshots, 10 images)",third_party_analyst_screenshot,UNKNOWN - owner to supply,UNKNOWN - owner to supply,"Underdog Fantasy ADP (best-ball), 2026",2026,RB,15,Kyren Williams,Kyren Williams,,Archetype,classification,archetype,N/A,Prime Multi Time RB1,purple,0,N,high,"programmatic cell-fill sampling, validated vs published colour counts"
RB_FACTOR_GRID_2026,"Analyst colour-coded RB factor grid (screenshots, 10 images)",third_party_analyst_screenshot,UNKNOWN - owner to supply,UNKNOWN - owner to supply,"Underdog Fantasy ADP (best-ball), 2026",2026,RB,15,Kyren Williams,Kyren Williams,,Age & Injury,classification,injury,MC/SC/C,Minimal Concerns,yellow,3,Y,high,"programmatic cell-fill sampling, validated vs published colour counts"
RB_FACTOR_GRID_2026,"Analyst colour-coded RB factor grid (screenshots, 10 images)",third_party_analyst_screenshot,UNKNOWN - owner to supply,UNKNOWN - owner to supply,"Underdog Fantasy ADP (best-ball), 2026",2026,RB,16,Javonte Williams,Javonte Williams,,Carries,volume,binary_vs_avg,293.79,Yes,yellow,3,Y,high,"programmatic cell-fill sampling, validated vs published colour counts"
RB_FACTOR_GRID_2026,"Analyst colour-coded RB factor grid (screenshots, 10 images)",third_party_analyst_screenshot,UNKNOWN - owner to supply,UNKNOWN - owner to supply,"Underdog Fantasy ADP (best-ball), 2026",2026,RB,16,Javonte Williams,Javonte Williams,,Targets,volume,binary_vs_avg,92.49,No,red,-3,Y,high,"programmatic cell-fill sampling, validated vs published colour counts"
RB_FACTOR_GRID_2026,"Analyst colour-coded RB factor grid (screenshots, 10 images)",third_party_analyst_screenshot,UNKNOWN - owner to supply,UNKNOWN - owner to supply,"Underdog Fantasy ADP (best-ball), 2026",2026,RB,16,Javonte Williams,Javonte Williams,,Receptions,volume,binary_vs_avg,72.22,No,red,-3,Y,high,"programmatic cell-fill sampling, validated vs published colour counts"
RB_FACTOR_GRID_2026,"Analyst colour-coded RB factor grid (screenshots, 10 images)",third_party_analyst_screenshot,UNKNOWN - owner to supply,UNKNOWN - owner to supply,"Underdog Fantasy ADP (best-ball), 2026",2026,RB,16,Javonte Williams,Javonte Williams,,Total Touches,volume,binary_vs_avg,365.90,No,red,-3,Y,high,"programmatic cell-fill sampling, validated vs published colour counts"
RB_FACTOR_GRID_2026,"Analyst colour-coded RB factor grid (screenshots, 10 images)",third_party_analyst_screenshot,UNKNOWN - owner to supply,UNKNOWN - owner to supply,"Underdog Fantasy ADP (best-ball), 2026",2026,RB,16,Javonte Williams,Javonte Williams,,Touchdowns,volume,binary_vs_avg,16.73,Yes,yellow,3,Y,high,"programmatic cell-fill sampling, validated vs published colour counts"
RB_FACTOR_GRID_2026,"Analyst colour-coded RB factor grid (screenshots, 10 images)",third_party_analyst_screenshot,UNKNOWN - owner to supply,UNKNOWN - owner to supply,"Underdog Fantasy ADP (best-ball), 2026",2026,RB,16,Javonte Williams,Javonte Williams,,Offensive Rank in PPG,situational,binary_vs_avg,9.50,Yes,green,5,Y,high,"programmatic cell-fill sampling, validated vs published colour counts"
RB_FACTOR_GRID_2026,"Analyst colour-coded RB factor grid (screenshots, 10 images)",third_party_analyst_screenshot,UNKNOWN - owner to supply,UNKNOWN - owner to supply,"Underdog Fantasy ADP (best-ball), 2026",2026,RB,16,Javonte Williams,Javonte Williams,,PFF Run Blocking Grade,situational,binary_vs_avg,9.88,Yes,yellow,3,Y,high,"programmatic cell-fill sampling, validated vs published colour counts"
RB_FACTOR_GRID_2026,"Analyst colour-coded RB factor grid (screenshots, 10 images)",third_party_analyst_screenshot,UNKNOWN - owner to supply,UNKNOWN - owner to supply,"Underdog Fantasy ADP (best-ball), 2026",2026,RB,16,Javonte Williams,Javonte Williams,,Teams Wins,situational,binary_vs_avg,9.85,Yes,yellow,3,Y,high,"programmatic cell-fill sampling, validated vs published colour counts"
RB_FACTOR_GRID_2026,"Analyst colour-coded RB factor grid (screenshots, 10 images)",third_party_analyst_screenshot,UNKNOWN - owner to supply,UNKNOWN - owner to supply,"Underdog Fantasy ADP (best-ball), 2026",2026,RB,16,Javonte Williams,Javonte Williams,,Age,situational,binary_vs_avg,24.94,Yes,yellow,3,Y,high,"programmatic cell-fill sampling, validated vs published colour counts"
RB_FACTOR_GRID_2026,"Analyst colour-coded RB factor grid (screenshots, 10 images)",third_party_analyst_screenshot,UNKNOWN - owner to supply,UNKNOWN - owner to supply,"Underdog Fantasy ADP (best-ball), 2026",2026,RB,16,Javonte Williams,Javonte Williams,,Efficiency (Yards per Carry),situational,binary_vs_avg,4.89,Yes,yellow,3,Y,high,"programmatic cell-fill sampling, validated vs published colour counts"
RB_FACTOR_GRID_2026,"Analyst colour-coded RB factor grid (screenshots, 10 images)",third_party_analyst_screenshot,UNKNOWN - owner to supply,UNKNOWN - owner to supply,"Underdog Fantasy ADP (best-ball), 2026",2026,RB,16,Javonte Williams,Javonte Williams,,Efficiency (Yards per Touch),situational,binary_vs_avg,5.82,No,red,-3,Y,high,"programmatic cell-fill sampling, validated vs published colour counts"
RB_FACTOR_GRID_2026,"Analyst colour-coded RB factor grid (screenshots, 10 images)",third_party_analyst_screenshot,UNKNOWN - owner to supply,UNKNOWN - owner to supply,"Underdog Fantasy ADP (best-ball), 2026",2026,RB,16,Javonte Williams,Javonte Williams,,Archetype,classification,archetype,N/A,RB1s In Their Prime,green,5,Y,high,"programmatic cell-fill sampling, validated vs published colour counts"
RB_FACTOR_GRID_2026,"Analyst colour-coded RB factor grid (screenshots, 10 images)",third_party_analyst_screenshot,UNKNOWN - owner to supply,UNKNOWN - owner to supply,"Underdog Fantasy ADP (best-ball), 2026",2026,RB,16,Javonte Williams,Javonte Williams,,Age & Injury,classification,injury,MC/SC/C,Some Concern,orange,-1,Y,high,"programmatic cell-fill sampling, validated vs published colour counts"
RB_FACTOR_GRID_2026,"Analyst colour-coded RB factor grid (screenshots, 10 images)",third_party_analyst_screenshot,UNKNOWN - owner to supply,UNKNOWN - owner to supply,"Underdog Fantasy ADP (best-ball), 2026",2026,RB,17,Josh Jacobs,Josh Jacobs,,Carries,volume,binary_vs_avg,293.79,Yes,yellow,3,Y,high,"programmatic cell-fill sampling, validated vs published colour counts"
RB_FACTOR_GRID_2026,"Analyst colour-coded RB factor grid (screenshots, 10 images)",third_party_analyst_screenshot,UNKNOWN - owner to supply,UNKNOWN - owner to supply,"Underdog Fantasy ADP (best-ball), 2026",2026,RB,17,Josh Jacobs,Josh Jacobs,,Targets,volume,binary_vs_avg,92.49,No,red,-3,Y,high,"programmatic cell-fill sampling, validated vs published colour counts"
RB_FACTOR_GRID_2026,"Analyst colour-coded RB factor grid (screenshots, 10 images)",third_party_analyst_screenshot,UNKNOWN - owner to supply,UNKNOWN - owner to supply,"Underdog Fantasy ADP (best-ball), 2026",2026,RB,17,Josh Jacobs,Josh Jacobs,,Receptions,volume,binary_vs_avg,72.22,No,red,-3,Y,high,"programmatic cell-fill sampling, validated vs published colour counts"
RB_FACTOR_GRID_2026,"Analyst colour-coded RB factor grid (screenshots, 10 images)",third_party_analyst_screenshot,UNKNOWN - owner to supply,UNKNOWN - owner to supply,"Underdog Fantasy ADP (best-ball), 2026",2026,RB,17,Josh Jacobs,Josh Jacobs,,Total Touches,volume,binary_vs_avg,365.90,No,red,-3,Y,high,"programmatic cell-fill sampling, validated vs published colour counts"
RB_FACTOR_GRID_2026,"Analyst colour-coded RB factor grid (screenshots, 10 images)",third_party_analyst_screenshot,UNKNOWN - owner to supply,UNKNOWN - owner to supply,"Underdog Fantasy ADP (best-ball), 2026",2026,RB,17,Josh Jacobs,Josh Jacobs,,Touchdowns,volume,binary_vs_avg,16.73,Yes,yellow,3,Y,high,"programmatic cell-fill sampling, validated vs published colour counts"
RB_FACTOR_GRID_2026,"Analyst colour-coded RB factor grid (screenshots, 10 images)",third_party_analyst_screenshot,UNKNOWN - owner to supply,UNKNOWN - owner to supply,"Underdog Fantasy ADP (best-ball), 2026",2026,RB,17,Josh Jacobs,Josh Jacobs,,Offensive Rank in PPG,situational,binary_vs_avg,9.50,Yes,yellow,3,Y,high,"programmatic cell-fill sampling, validated vs published colour counts"
RB_FACTOR_GRID_2026,"Analyst colour-coded RB factor grid (screenshots, 10 images)",third_party_analyst_screenshot,UNKNOWN - owner to supply,UNKNOWN - owner to supply,"Underdog Fantasy ADP (best-ball), 2026",2026,RB,17,Josh Jacobs,Josh Jacobs,,PFF Run Blocking Grade,situational,binary_vs_avg,9.88,No,red,-3,Y,high,"programmatic cell-fill sampling, validated vs published colour counts"
RB_FACTOR_GRID_2026,"Analyst colour-coded RB factor grid (screenshots, 10 images)",third_party_analyst_screenshot,UNKNOWN - owner to supply,UNKNOWN - owner to supply,"Underdog Fantasy ADP (best-ball), 2026",2026,RB,17,Josh Jacobs,Josh Jacobs,,Teams Wins,situational,binary_vs_avg,9.85,Yes,yellow,3,Y,high,"programmatic cell-fill sampling, validated vs published colour counts"
RB_FACTOR_GRID_2026,"Analyst colour-coded RB factor grid (screenshots, 10 images)",third_party_analyst_screenshot,UNKNOWN - owner to supply,UNKNOWN - owner to supply,"Underdog Fantasy ADP (best-ball), 2026",2026,RB,17,Josh Jacobs,Josh Jacobs,,Age,situational,binary_vs_avg,24.94,No,red,-3,Y,high,"programmatic cell-fill sampling, validated vs published colour counts"
RB_FACTOR_GRID_2026,"Analyst colour-coded RB factor grid (screenshots, 10 images)",third_party_analyst_screenshot,UNKNOWN - owner to supply,UNKNOWN - owner to supply,"Underdog Fantasy ADP (best-ball), 2026",2026,RB,17,Josh Jacobs,Josh Jacobs,,Efficiency (Yards per Carry),situational,binary_vs_avg,4.89,Yes,yellow,3,Y,high,"programmatic cell-fill sampling, validated vs published colour counts"
RB_FACTOR_GRID_2026,"Analyst colour-coded RB factor grid (screenshots, 10 images)",third_party_analyst_screenshot,UNKNOWN - owner to supply,UNKNOWN - owner to supply,"Underdog Fantasy ADP (best-ball), 2026",2026,RB,17,Josh Jacobs,Josh Jacobs,,Efficiency (Yards per Touch),situational,binary_vs_avg,5.82,No,red,-3,Y,high,"programmatic cell-fill sampling, validated vs published colour counts"
RB_FACTOR_GRID_2026,"Analyst colour-coded RB factor grid (screenshots, 10 images)",third_party_analyst_screenshot,UNKNOWN - owner to supply,UNKNOWN - owner to supply,"Underdog Fantasy ADP (best-ball), 2026",2026,RB,17,Josh Jacobs,Josh Jacobs,,Archetype,classification,archetype,N/A,Trusty Veteran,red,-3,Y,high,"programmatic cell-fill sampling, validated vs published colour counts"
RB_FACTOR_GRID_2026,"Analyst colour-coded RB factor grid (screenshots, 10 images)",third_party_analyst_screenshot,UNKNOWN - owner to supply,UNKNOWN - owner to supply,"Underdog Fantasy ADP (best-ball), 2026",2026,RB,17,Josh Jacobs,Josh Jacobs,,Age & Injury,classification,injury,MC/SC/C,Some Concern,orange,-1,Y,high,"programmatic cell-fill sampling, validated vs published colour counts"
RB_FACTOR_GRID_2026,"Analyst colour-coded RB factor grid (screenshots, 10 images)",third_party_analyst_screenshot,UNKNOWN - owner to supply,UNKNOWN - owner to supply,"Underdog Fantasy ADP (best-ball), 2026",2026,RB,18,Travis Etienne,Travis Etienne Jr.,,Carries,volume,binary_vs_avg,293.79,Yes,yellow,3,Y,high,"programmatic cell-fill sampling, validated vs published colour counts"
RB_FACTOR_GRID_2026,"Analyst colour-coded RB factor grid (screenshots, 10 images)",third_party_analyst_screenshot,UNKNOWN - owner to supply,UNKNOWN - owner to supply,"Underdog Fantasy ADP (best-ball), 2026",2026,RB,18,Travis Etienne,Travis Etienne Jr.,,Targets,volume,binary_vs_avg,92.49,No,red,-3,Y,high,"programmatic cell-fill sampling, validated vs published colour counts"
RB_FACTOR_GRID_2026,"Analyst colour-coded RB factor grid (screenshots, 10 images)",third_party_analyst_screenshot,UNKNOWN - owner to supply,UNKNOWN - owner to supply,"Underdog Fantasy ADP (best-ball), 2026",2026,RB,18,Travis Etienne,Travis Etienne Jr.,,Receptions,volume,binary_vs_avg,72.22,No,red,-3,Y,high,"programmatic cell-fill sampling, validated vs published colour counts"
RB_FACTOR_GRID_2026,"Analyst colour-coded RB factor grid (screenshots, 10 images)",third_party_analyst_screenshot,UNKNOWN - owner to supply,UNKNOWN - owner to supply,"Underdog Fantasy ADP (best-ball), 2026",2026,RB,18,Travis Etienne,Travis Etienne Jr.,,Total Touches,volume,binary_vs_avg,365.90,No,red,-3,Y,high,"programmatic cell-fill sampling, validated vs published colour counts"
RB_FACTOR_GRID_2026,"Analyst colour-coded RB factor grid (screenshots, 10 images)",third_party_analyst_screenshot,UNKNOWN - owner to supply,UNKNOWN - owner to supply,"Underdog Fantasy ADP (best-ball), 2026",2026,RB,18,Travis Etienne,Travis Etienne Jr.,,Touchdowns,volume,binary_vs_avg,16.73,No,red,-3,Y,high,"programmatic cell-fill sampling, validated vs published colour counts"
RB_FACTOR_GRID_2026,"Analyst colour-coded RB factor grid (screenshots, 10 images)",third_party_analyst_screenshot,UNKNOWN - owner to supply,UNKNOWN - owner to supply,"Underdog Fantasy ADP (best-ball), 2026",2026,RB,18,Travis Etienne,Travis Etienne Jr.,,Offensive Rank in PPG,situational,binary_vs_avg,9.50,?,orange,-1,Y,high,"programmatic cell-fill sampling, validated vs published colour counts"
RB_FACTOR_GRID_2026,"Analyst colour-coded RB factor grid (screenshots, 10 images)",third_party_analyst_screenshot,UNKNOWN - owner to supply,UNKNOWN - owner to supply,"Underdog Fantasy ADP (best-ball), 2026",2026,RB,18,Travis Etienne,Travis Etienne Jr.,,PFF Run Blocking Grade,situational,binary_vs_avg,9.88,Yes,yellow,3,Y,high,"programmatic cell-fill sampling, validated vs published colour counts"
RB_FACTOR_GRID_2026,"Analyst colour-coded RB factor grid (screenshots, 10 images)",third_party_analyst_screenshot,UNKNOWN - owner to supply,UNKNOWN - owner to supply,"Underdog Fantasy ADP (best-ball), 2026",2026,RB,18,Travis Etienne,Travis Etienne Jr.,,Teams Wins,situational,binary_vs_avg,9.85,?,orange,-1,Y,high,"programmatic cell-fill sampling, validated vs published colour counts"
RB_FACTOR_GRID_2026,"Analyst colour-coded RB factor grid (screenshots, 10 images)",third_party_analyst_screenshot,UNKNOWN - owner to supply,UNKNOWN - owner to supply,"Underdog Fantasy ADP (best-ball), 2026",2026,RB,18,Travis Etienne,Travis Etienne Jr.,,Age,situational,binary_vs_avg,24.94,Yes,yellow,3,Y,high,"programmatic cell-fill sampling, validated vs published colour counts"
RB_FACTOR_GRID_2026,"Analyst colour-coded RB factor grid (screenshots, 10 images)",third_party_analyst_screenshot,UNKNOWN - owner to supply,UNKNOWN - owner to supply,"Underdog Fantasy ADP (best-ball), 2026",2026,RB,18,Travis Etienne,Travis Etienne Jr.,,Efficiency (Yards per Carry),situational,binary_vs_avg,4.89,?,orange,-1,Y,high,"programmatic cell-fill sampling, validated vs published colour counts"
RB_FACTOR_GRID_2026,"Analyst colour-coded RB factor grid (screenshots, 10 images)",third_party_analyst_screenshot,UNKNOWN - owner to supply,UNKNOWN - owner to supply,"Underdog Fantasy ADP (best-ball), 2026",2026,RB,18,Travis Etienne,Travis Etienne Jr.,,Efficiency (Yards per Touch),situational,binary_vs_avg,5.82,No,red,-3,Y,high,"programmatic cell-fill sampling, validated vs published colour counts"
RB_FACTOR_GRID_2026,"Analyst colour-coded RB factor grid (screenshots, 10 images)",third_party_analyst_screenshot,UNKNOWN - owner to supply,UNKNOWN - owner to supply,"Underdog Fantasy ADP (best-ball), 2026",2026,RB,18,Travis Etienne,Travis Etienne Jr.,,Archetype,classification,archetype,N/A,Trusty Veteran,red,-3,Y,high,"programmatic cell-fill sampling, validated vs published colour counts"
RB_FACTOR_GRID_2026,"Analyst colour-coded RB factor grid (screenshots, 10 images)",third_party_analyst_screenshot,UNKNOWN - owner to supply,UNKNOWN - owner to supply,"Underdog Fantasy ADP (best-ball), 2026",2026,RB,18,Travis Etienne,Travis Etienne Jr.,,Age & Injury,classification,injury,MC/SC/C,Minimal Concerns,yellow,3,Y,high,"programmatic cell-fill sampling, validated vs published colour counts"
RB_FACTOR_GRID_2026,"Analyst colour-coded RB factor grid (screenshots, 10 images)",third_party_analyst_screenshot,UNKNOWN - owner to supply,UNKNOWN - owner to supply,"Underdog Fantasy ADP (best-ball), 2026",2026,RB,19,Cam Skattebo,Cam Skattebo,,Carries,volume,binary_vs_avg,293.79,Yes,yellow,3,Y,high,"programmatic cell-fill sampling, validated vs published colour counts"
RB_FACTOR_GRID_2026,"Analyst colour-coded RB factor grid (screenshots, 10 images)",third_party_analyst_screenshot,UNKNOWN - owner to supply,UNKNOWN - owner to supply,"Underdog Fantasy ADP (best-ball), 2026",2026,RB,19,Cam Skattebo,Cam Skattebo,,Targets,volume,binary_vs_avg,92.49,?,orange,-1,Y,high,"programmatic cell-fill sampling, validated vs published colour counts"
RB_FACTOR_GRID_2026,"Analyst colour-coded RB factor grid (screenshots, 10 images)",third_party_analyst_screenshot,UNKNOWN - owner to supply,UNKNOWN - owner to supply,"Underdog Fantasy ADP (best-ball), 2026",2026,RB,19,Cam Skattebo,Cam Skattebo,,Receptions,volume,binary_vs_avg,72.22,?,orange,-1,Y,high,"programmatic cell-fill sampling, validated vs published colour counts"
RB_FACTOR_GRID_2026,"Analyst colour-coded RB factor grid (screenshots, 10 images)",third_party_analyst_screenshot,UNKNOWN - owner to supply,UNKNOWN - owner to supply,"Underdog Fantasy ADP (best-ball), 2026",2026,RB,19,Cam Skattebo,Cam Skattebo,,Total Touches,volume,binary_vs_avg,365.90,Yes,yellow,3,Y,high,"programmatic cell-fill sampling, validated vs published colour counts"
RB_FACTOR_GRID_2026,"Analyst colour-coded RB factor grid (screenshots, 10 images)",third_party_analyst_screenshot,UNKNOWN - owner to supply,UNKNOWN - owner to supply,"Underdog Fantasy ADP (best-ball), 2026",2026,RB,19,Cam Skattebo,Cam Skattebo,,Touchdowns,volume,binary_vs_avg,16.73,No,red,-3,Y,high,"programmatic cell-fill sampling, validated vs published colour counts"
RB_FACTOR_GRID_2026,"Analyst colour-coded RB factor grid (screenshots, 10 images)",third_party_analyst_screenshot,UNKNOWN - owner to supply,UNKNOWN - owner to supply,"Underdog Fantasy ADP (best-ball), 2026",2026,RB,19,Cam Skattebo,Cam Skattebo,,Offensive Rank in PPG,situational,binary_vs_avg,9.50,?,orange,-1,Y,high,"programmatic cell-fill sampling, validated vs published colour counts"
RB_FACTOR_GRID_2026,"Analyst colour-coded RB factor grid (screenshots, 10 images)",third_party_analyst_screenshot,UNKNOWN - owner to supply,UNKNOWN - owner to supply,"Underdog Fantasy ADP (best-ball), 2026",2026,RB,19,Cam Skattebo,Cam Skattebo,,PFF Run Blocking Grade,situational,binary_vs_avg,9.88,?,orange,-1,Y,high,"programmatic cell-fill sampling, validated vs published colour counts"
RB_FACTOR_GRID_2026,"Analyst colour-coded RB factor grid (screenshots, 10 images)",third_party_analyst_screenshot,UNKNOWN - owner to supply,UNKNOWN - owner to supply,"Underdog Fantasy ADP (best-ball), 2026",2026,RB,19,Cam Skattebo,Cam Skattebo,,Teams Wins,situational,binary_vs_avg,9.85,?,orange,-1,Y,high,"programmatic cell-fill sampling, validated vs published colour counts"
RB_FACTOR_GRID_2026,"Analyst colour-coded RB factor grid (screenshots, 10 images)",third_party_analyst_screenshot,UNKNOWN - owner to supply,UNKNOWN - owner to supply,"Underdog Fantasy ADP (best-ball), 2026",2026,RB,19,Cam Skattebo,Cam Skattebo,,Age,situational,binary_vs_avg,24.94,Yes,yellow,3,Y,high,"programmatic cell-fill sampling, validated vs published colour counts"
RB_FACTOR_GRID_2026,"Analyst colour-coded RB factor grid (screenshots, 10 images)",third_party_analyst_screenshot,UNKNOWN - owner to supply,UNKNOWN - owner to supply,"Underdog Fantasy ADP (best-ball), 2026",2026,RB,19,Cam Skattebo,Cam Skattebo,,Efficiency (Yards per Carry),situational,binary_vs_avg,4.89,Yes,yellow,3,Y,high,"programmatic cell-fill sampling, validated vs published colour counts"
RB_FACTOR_GRID_2026,"Analyst colour-coded RB factor grid (screenshots, 10 images)",third_party_analyst_screenshot,UNKNOWN - owner to supply,UNKNOWN - owner to supply,"Underdog Fantasy ADP (best-ball), 2026",2026,RB,19,Cam Skattebo,Cam Skattebo,,Efficiency (Yards per Touch),situational,binary_vs_avg,5.82,?,orange,-1,Y,high,"programmatic cell-fill sampling, validated vs published colour counts"
RB_FACTOR_GRID_2026,"Analyst colour-coded RB factor grid (screenshots, 10 images)",third_party_analyst_screenshot,UNKNOWN - owner to supply,UNKNOWN - owner to supply,"Underdog Fantasy ADP (best-ball), 2026",2026,RB,19,Cam Skattebo,Cam Skattebo,,Archetype,classification,archetype,N/A,Breakout Candidate,yellow,3,Y,high,"programmatic cell-fill sampling, validated vs published colour counts"
RB_FACTOR_GRID_2026,"Analyst colour-coded RB factor grid (screenshots, 10 images)",third_party_analyst_screenshot,UNKNOWN - owner to supply,UNKNOWN - owner to supply,"Underdog Fantasy ADP (best-ball), 2026",2026,RB,19,Cam Skattebo,Cam Skattebo,,Age & Injury,classification,injury,MC/SC/C,Some Concern,orange,-1,Y,high,"programmatic cell-fill sampling, validated vs published colour counts"
RB_FACTOR_GRID_2026,"Analyst colour-coded RB factor grid (screenshots, 10 images)",third_party_analyst_screenshot,UNKNOWN - owner to supply,UNKNOWN - owner to supply,"Underdog Fantasy ADP (best-ball), 2026",2026,RB,20,David Montgomery,David Montgomery,,Carries,volume,binary_vs_avg,293.79,Yes,yellow,3,Y,high,"programmatic cell-fill sampling, validated vs published colour counts"
RB_FACTOR_GRID_2026,"Analyst colour-coded RB factor grid (screenshots, 10 images)",third_party_analyst_screenshot,UNKNOWN - owner to supply,UNKNOWN - owner to supply,"Underdog Fantasy ADP (best-ball), 2026",2026,RB,20,David Montgomery,David Montgomery,,Targets,volume,binary_vs_avg,92.49,No,red,-3,Y,high,"programmatic cell-fill sampling, validated vs published colour counts"
RB_FACTOR_GRID_2026,"Analyst colour-coded RB factor grid (screenshots, 10 images)",third_party_analyst_screenshot,UNKNOWN - owner to supply,UNKNOWN - owner to supply,"Underdog Fantasy ADP (best-ball), 2026",2026,RB,20,David Montgomery,David Montgomery,,Receptions,volume,binary_vs_avg,72.22,No,red,-3,Y,high,"programmatic cell-fill sampling, validated vs published colour counts"
RB_FACTOR_GRID_2026,"Analyst colour-coded RB factor grid (screenshots, 10 images)",third_party_analyst_screenshot,UNKNOWN - owner to supply,UNKNOWN - owner to supply,"Underdog Fantasy ADP (best-ball), 2026",2026,RB,20,David Montgomery,David Montgomery,,Total Touches,volume,binary_vs_avg,365.90,?,orange,-1,Y,high,"programmatic cell-fill sampling, validated vs published colour counts"
RB_FACTOR_GRID_2026,"Analyst colour-coded RB factor grid (screenshots, 10 images)",third_party_analyst_screenshot,UNKNOWN - owner to supply,UNKNOWN - owner to supply,"Underdog Fantasy ADP (best-ball), 2026",2026,RB,20,David Montgomery,David Montgomery,,Touchdowns,volume,binary_vs_avg,16.73,Yes,yellow,3,Y,high,"programmatic cell-fill sampling, validated vs published colour counts"
RB_FACTOR_GRID_2026,"Analyst colour-coded RB factor grid (screenshots, 10 images)",third_party_analyst_screenshot,UNKNOWN - owner to supply,UNKNOWN - owner to supply,"Underdog Fantasy ADP (best-ball), 2026",2026,RB,20,David Montgomery,David Montgomery,,Offensive Rank in PPG,situational,binary_vs_avg,9.50,Yes,yellow,3,Y,high,"programmatic cell-fill sampling, validated vs published colour counts"
RB_FACTOR_GRID_2026,"Analyst colour-coded RB factor grid (screenshots, 10 images)",third_party_analyst_screenshot,UNKNOWN - owner to supply,UNKNOWN - owner to supply,"Underdog Fantasy ADP (best-ball), 2026",2026,RB,20,David Montgomery,David Montgomery,,PFF Run Blocking Grade,situational,binary_vs_avg,9.88,No,red,-3,Y,high,"programmatic cell-fill sampling, validated vs published colour counts"
RB_FACTOR_GRID_2026,"Analyst colour-coded RB factor grid (screenshots, 10 images)",third_party_analyst_screenshot,UNKNOWN - owner to supply,UNKNOWN - owner to supply,"Underdog Fantasy ADP (best-ball), 2026",2026,RB,20,David Montgomery,David Montgomery,,Teams Wins,situational,binary_vs_avg,9.85,Yes,yellow,3,Y,high,"programmatic cell-fill sampling, validated vs published colour counts"
RB_FACTOR_GRID_2026,"Analyst colour-coded RB factor grid (screenshots, 10 images)",third_party_analyst_screenshot,UNKNOWN - owner to supply,UNKNOWN - owner to supply,"Underdog Fantasy ADP (best-ball), 2026",2026,RB,20,David Montgomery,David Montgomery,,Age,situational,binary_vs_avg,24.94,No,red,-3,Y,high,"programmatic cell-fill sampling, validated vs published colour counts"
RB_FACTOR_GRID_2026,"Analyst colour-coded RB factor grid (screenshots, 10 images)",third_party_analyst_screenshot,UNKNOWN - owner to supply,UNKNOWN - owner to supply,"Underdog Fantasy ADP (best-ball), 2026",2026,RB,20,David Montgomery,David Montgomery,,Efficiency (Yards per Carry),situational,binary_vs_avg,4.89,Yes,yellow,3,Y,high,"programmatic cell-fill sampling, validated vs published colour counts"
RB_FACTOR_GRID_2026,"Analyst colour-coded RB factor grid (screenshots, 10 images)",third_party_analyst_screenshot,UNKNOWN - owner to supply,UNKNOWN - owner to supply,"Underdog Fantasy ADP (best-ball), 2026",2026,RB,20,David Montgomery,David Montgomery,,Efficiency (Yards per Touch),situational,binary_vs_avg,5.82,?,orange,-1,Y,high,"programmatic cell-fill sampling, validated vs published colour counts"
RB_FACTOR_GRID_2026,"Analyst colour-coded RB factor grid (screenshots, 10 images)",third_party_analyst_screenshot,UNKNOWN - owner to supply,UNKNOWN - owner to supply,"Underdog Fantasy ADP (best-ball), 2026",2026,RB,20,David Montgomery,David Montgomery,,Archetype,classification,archetype,N/A,Trusty Veteran,red,-3,Y,high,"programmatic cell-fill sampling, validated vs published colour counts"
RB_FACTOR_GRID_2026,"Analyst colour-coded RB factor grid (screenshots, 10 images)",third_party_analyst_screenshot,UNKNOWN - owner to supply,UNKNOWN - owner to supply,"Underdog Fantasy ADP (best-ball), 2026",2026,RB,20,David Montgomery,David Montgomery,,Age & Injury,classification,injury,MC/SC/C,Some Concern,orange,-1,Y,high,"programmatic cell-fill sampling, validated vs published colour counts"
RB_FACTOR_GRID_2026,"Analyst colour-coded RB factor grid (screenshots, 10 images)",third_party_analyst_screenshot,UNKNOWN - owner to supply,UNKNOWN - owner to supply,"Underdog Fantasy ADP (best-ball), 2026",2026,RB,21,D'Andre Swift,D'Andre Swift,,Carries,volume,binary_vs_avg,293.79,?,orange,-1,Y,high,"programmatic cell-fill sampling, validated vs published colour counts"
RB_FACTOR_GRID_2026,"Analyst colour-coded RB factor grid (screenshots, 10 images)",third_party_analyst_screenshot,UNKNOWN - owner to supply,UNKNOWN - owner to supply,"Underdog Fantasy ADP (best-ball), 2026",2026,RB,21,D'Andre Swift,D'Andre Swift,,Targets,volume,binary_vs_avg,92.49,No,red,-3,Y,high,"programmatic cell-fill sampling, validated vs published colour counts"
RB_FACTOR_GRID_2026,"Analyst colour-coded RB factor grid (screenshots, 10 images)",third_party_analyst_screenshot,UNKNOWN - owner to supply,UNKNOWN - owner to supply,"Underdog Fantasy ADP (best-ball), 2026",2026,RB,21,D'Andre Swift,D'Andre Swift,,Receptions,volume,binary_vs_avg,72.22,No,red,-3,Y,high,"programmatic cell-fill sampling, validated vs published colour counts"
RB_FACTOR_GRID_2026,"Analyst colour-coded RB factor grid (screenshots, 10 images)",third_party_analyst_screenshot,UNKNOWN - owner to supply,UNKNOWN - owner to supply,"Underdog Fantasy ADP (best-ball), 2026",2026,RB,21,D'Andre Swift,D'Andre Swift,,Total Touches,volume,binary_vs_avg,365.90,No,red,-3,Y,high,"programmatic cell-fill sampling, validated vs published colour counts"
RB_FACTOR_GRID_2026,"Analyst colour-coded RB factor grid (screenshots, 10 images)",third_party_analyst_screenshot,UNKNOWN - owner to supply,UNKNOWN - owner to supply,"Underdog Fantasy ADP (best-ball), 2026",2026,RB,21,D'Andre Swift,D'Andre Swift,,Touchdowns,volume,binary_vs_avg,16.73,?,orange,-1,Y,high,"programmatic cell-fill sampling, validated vs published colour counts"
RB_FACTOR_GRID_2026,"Analyst colour-coded RB factor grid (screenshots, 10 images)",third_party_analyst_screenshot,UNKNOWN - owner to supply,UNKNOWN - owner to supply,"Underdog Fantasy ADP (best-ball), 2026",2026,RB,21,D'Andre Swift,D'Andre Swift,,Offensive Rank in PPG,situational,binary_vs_avg,9.50,Yes,green,5,Y,high,"programmatic cell-fill sampling, validated vs published colour counts"
RB_FACTOR_GRID_2026,"Analyst colour-coded RB factor grid (screenshots, 10 images)",third_party_analyst_screenshot,UNKNOWN - owner to supply,UNKNOWN - owner to supply,"Underdog Fantasy ADP (best-ball), 2026",2026,RB,21,D'Andre Swift,D'Andre Swift,,PFF Run Blocking Grade,situational,binary_vs_avg,9.88,Yes,green,5,Y,high,"programmatic cell-fill sampling, validated vs published colour counts"
RB_FACTOR_GRID_2026,"Analyst colour-coded RB factor grid (screenshots, 10 images)",third_party_analyst_screenshot,UNKNOWN - owner to supply,UNKNOWN - owner to supply,"Underdog Fantasy ADP (best-ball), 2026",2026,RB,21,D'Andre Swift,D'Andre Swift,,Teams Wins,situational,binary_vs_avg,9.85,Yes,yellow,3,Y,high,"programmatic cell-fill sampling, validated vs published colour counts"
RB_FACTOR_GRID_2026,"Analyst colour-coded RB factor grid (screenshots, 10 images)",third_party_analyst_screenshot,UNKNOWN - owner to supply,UNKNOWN - owner to supply,"Underdog Fantasy ADP (best-ball), 2026",2026,RB,21,D'Andre Swift,D'Andre Swift,,Age,situational,binary_vs_avg,24.94,Yes,yellow,3,Y,high,"programmatic cell-fill sampling, validated vs published colour counts"
RB_FACTOR_GRID_2026,"Analyst colour-coded RB factor grid (screenshots, 10 images)",third_party_analyst_screenshot,UNKNOWN - owner to supply,UNKNOWN - owner to supply,"Underdog Fantasy ADP (best-ball), 2026",2026,RB,21,D'Andre Swift,D'Andre Swift,,Efficiency (Yards per Carry),situational,binary_vs_avg,4.89,Yes,yellow,3,Y,high,"programmatic cell-fill sampling, validated vs published colour counts"
RB_FACTOR_GRID_2026,"Analyst colour-coded RB factor grid (screenshots, 10 images)",third_party_analyst_screenshot,UNKNOWN - owner to supply,UNKNOWN - owner to supply,"Underdog Fantasy ADP (best-ball), 2026",2026,RB,21,D'Andre Swift,D'Andre Swift,,Efficiency (Yards per Touch),situational,binary_vs_avg,5.82,Yes,yellow,3,Y,high,"programmatic cell-fill sampling, validated vs published colour counts"
RB_FACTOR_GRID_2026,"Analyst colour-coded RB factor grid (screenshots, 10 images)",third_party_analyst_screenshot,UNKNOWN - owner to supply,UNKNOWN - owner to supply,"Underdog Fantasy ADP (best-ball), 2026",2026,RB,21,D'Andre Swift,D'Andre Swift,,Archetype,classification,archetype,N/A,Trusty Veteran,red,-3,Y,high,"programmatic cell-fill sampling, validated vs published colour counts"
RB_FACTOR_GRID_2026,"Analyst colour-coded RB factor grid (screenshots, 10 images)",third_party_analyst_screenshot,UNKNOWN - owner to supply,UNKNOWN - owner to supply,"Underdog Fantasy ADP (best-ball), 2026",2026,RB,21,D'Andre Swift,D'Andre Swift,,Age & Injury,classification,injury,MC/SC/C,Some Concern,orange,-1,Y,high,"programmatic cell-fill sampling, validated vs published colour counts"
RB_FACTOR_GRID_2026,"Analyst colour-coded RB factor grid (screenshots, 10 images)",third_party_analyst_screenshot,UNKNOWN - owner to supply,UNKNOWN - owner to supply,"Underdog Fantasy ADP (best-ball), 2026",2026,RB,22,Bhayshul Tuten,Bhayshul Tuten,,Carries,volume,binary_vs_avg,293.79,Yes,yellow,3,Y,high,"programmatic cell-fill sampling, validated vs published colour counts"
RB_FACTOR_GRID_2026,"Analyst colour-coded RB factor grid (screenshots, 10 images)",third_party_analyst_screenshot,UNKNOWN - owner to supply,UNKNOWN - owner to supply,"Underdog Fantasy ADP (best-ball), 2026",2026,RB,22,Bhayshul Tuten,Bhayshul Tuten,,Targets,volume,binary_vs_avg,92.49,No,red,-3,Y,high,"programmatic cell-fill sampling, validated vs published colour counts"
RB_FACTOR_GRID_2026,"Analyst colour-coded RB factor grid (screenshots, 10 images)",third_party_analyst_screenshot,UNKNOWN - owner to supply,UNKNOWN - owner to supply,"Underdog Fantasy ADP (best-ball), 2026",2026,RB,22,Bhayshul Tuten,Bhayshul Tuten,,Receptions,volume,binary_vs_avg,72.22,No,red,-3,Y,high,"programmatic cell-fill sampling, validated vs published colour counts"
RB_FACTOR_GRID_2026,"Analyst colour-coded RB factor grid (screenshots, 10 images)",third_party_analyst_screenshot,UNKNOWN - owner to supply,UNKNOWN - owner to supply,"Underdog Fantasy ADP (best-ball), 2026",2026,RB,22,Bhayshul Tuten,Bhayshul Tuten,,Total Touches,volume,binary_vs_avg,365.90,No,red,-3,Y,high,"programmatic cell-fill sampling, validated vs published colour counts"
RB_FACTOR_GRID_2026,"Analyst colour-coded RB factor grid (screenshots, 10 images)",third_party_analyst_screenshot,UNKNOWN - owner to supply,UNKNOWN - owner to supply,"Underdog Fantasy ADP (best-ball), 2026",2026,RB,22,Bhayshul Tuten,Bhayshul Tuten,,Touchdowns,volume,binary_vs_avg,16.73,Yes,yellow,3,Y,high,"programmatic cell-fill sampling, validated vs published colour counts"
RB_FACTOR_GRID_2026,"Analyst colour-coded RB factor grid (screenshots, 10 images)",third_party_analyst_screenshot,UNKNOWN - owner to supply,UNKNOWN - owner to supply,"Underdog Fantasy ADP (best-ball), 2026",2026,RB,22,Bhayshul Tuten,Bhayshul Tuten,,Offensive Rank in PPG,situational,binary_vs_avg,9.50,Yes,yellow,3,Y,high,"programmatic cell-fill sampling, validated vs published colour counts"
RB_FACTOR_GRID_2026,"Analyst colour-coded RB factor grid (screenshots, 10 images)",third_party_analyst_screenshot,UNKNOWN - owner to supply,UNKNOWN - owner to supply,"Underdog Fantasy ADP (best-ball), 2026",2026,RB,22,Bhayshul Tuten,Bhayshul Tuten,,PFF Run Blocking Grade,situational,binary_vs_avg,9.88,?,orange,-1,Y,high,"programmatic cell-fill sampling, validated vs published colour counts"
RB_FACTOR_GRID_2026,"Analyst colour-coded RB factor grid (screenshots, 10 images)",third_party_analyst_screenshot,UNKNOWN - owner to supply,UNKNOWN - owner to supply,"Underdog Fantasy ADP (best-ball), 2026",2026,RB,22,Bhayshul Tuten,Bhayshul Tuten,,Teams Wins,situational,binary_vs_avg,9.85,Yes,yellow,3,Y,high,"programmatic cell-fill sampling, validated vs published colour counts"
RB_FACTOR_GRID_2026,"Analyst colour-coded RB factor grid (screenshots, 10 images)",third_party_analyst_screenshot,UNKNOWN - owner to supply,UNKNOWN - owner to supply,"Underdog Fantasy ADP (best-ball), 2026",2026,RB,22,Bhayshul Tuten,Bhayshul Tuten,,Age,situational,binary_vs_avg,24.94,Yes,yellow,3,Y,high,"programmatic cell-fill sampling, validated vs published colour counts"
RB_FACTOR_GRID_2026,"Analyst colour-coded RB factor grid (screenshots, 10 images)",third_party_analyst_screenshot,UNKNOWN - owner to supply,UNKNOWN - owner to supply,"Underdog Fantasy ADP (best-ball), 2026",2026,RB,22,Bhayshul Tuten,Bhayshul Tuten,,Efficiency (Yards per Carry),situational,binary_vs_avg,4.89,?,orange,-1,Y,high,"programmatic cell-fill sampling, validated vs published colour counts"
RB_FACTOR_GRID_2026,"Analyst colour-coded RB factor grid (screenshots, 10 images)",third_party_analyst_screenshot,UNKNOWN - owner to supply,UNKNOWN - owner to supply,"Underdog Fantasy ADP (best-ball), 2026",2026,RB,22,Bhayshul Tuten,Bhayshul Tuten,,Efficiency (Yards per Touch),situational,binary_vs_avg,5.82,?,orange,-1,Y,high,"programmatic cell-fill sampling, validated vs published colour counts"
RB_FACTOR_GRID_2026,"Analyst colour-coded RB factor grid (screenshots, 10 images)",third_party_analyst_screenshot,UNKNOWN - owner to supply,UNKNOWN - owner to supply,"Underdog Fantasy ADP (best-ball), 2026",2026,RB,22,Bhayshul Tuten,Bhayshul Tuten,,Archetype,classification,archetype,N/A,Breakout Candidate,orange,-1,Y,high,"programmatic cell-fill sampling, validated vs published colour counts"
RB_FACTOR_GRID_2026,"Analyst colour-coded RB factor grid (screenshots, 10 images)",third_party_analyst_screenshot,UNKNOWN - owner to supply,UNKNOWN - owner to supply,"Underdog Fantasy ADP (best-ball), 2026",2026,RB,22,Bhayshul Tuten,Bhayshul Tuten,,Age & Injury,classification,injury,MC/SC/C,Minimal Concerns,yellow,3,Y,high,"programmatic cell-fill sampling, validated vs published colour counts"
RB_FACTOR_GRID_2026,"Analyst colour-coded RB factor grid (screenshots, 10 images)",third_party_analyst_screenshot,UNKNOWN - owner to supply,UNKNOWN - owner to supply,"Underdog Fantasy ADP (best-ball), 2026",2026,RB,23,Quinshon Judkins,Quinshon Judkins,,Carries,volume,binary_vs_avg,293.79,Yes,yellow,3,Y,high,"programmatic cell-fill sampling, validated vs published colour counts"
RB_FACTOR_GRID_2026,"Analyst colour-coded RB factor grid (screenshots, 10 images)",third_party_analyst_screenshot,UNKNOWN - owner to supply,UNKNOWN - owner to supply,"Underdog Fantasy ADP (best-ball), 2026",2026,RB,23,Quinshon Judkins,Quinshon Judkins,,Targets,volume,binary_vs_avg,92.49,?,orange,-1,Y,high,"programmatic cell-fill sampling, validated vs published colour counts"
RB_FACTOR_GRID_2026,"Analyst colour-coded RB factor grid (screenshots, 10 images)",third_party_analyst_screenshot,UNKNOWN - owner to supply,UNKNOWN - owner to supply,"Underdog Fantasy ADP (best-ball), 2026",2026,RB,23,Quinshon Judkins,Quinshon Judkins,,Receptions,volume,binary_vs_avg,72.22,?,orange,-1,Y,high,"programmatic cell-fill sampling, validated vs published colour counts"
RB_FACTOR_GRID_2026,"Analyst colour-coded RB factor grid (screenshots, 10 images)",third_party_analyst_screenshot,UNKNOWN - owner to supply,UNKNOWN - owner to supply,"Underdog Fantasy ADP (best-ball), 2026",2026,RB,23,Quinshon Judkins,Quinshon Judkins,,Total Touches,volume,binary_vs_avg,365.90,Yes,yellow,3,Y,high,"programmatic cell-fill sampling, validated vs published colour counts"
RB_FACTOR_GRID_2026,"Analyst colour-coded RB factor grid (screenshots, 10 images)",third_party_analyst_screenshot,UNKNOWN - owner to supply,UNKNOWN - owner to supply,"Underdog Fantasy ADP (best-ball), 2026",2026,RB,23,Quinshon Judkins,Quinshon Judkins,,Touchdowns,volume,binary_vs_avg,16.73,No,red,-3,Y,high,"programmatic cell-fill sampling, validated vs published colour counts"
RB_FACTOR_GRID_2026,"Analyst colour-coded RB factor grid (screenshots, 10 images)",third_party_analyst_screenshot,UNKNOWN - owner to supply,UNKNOWN - owner to supply,"Underdog Fantasy ADP (best-ball), 2026",2026,RB,23,Quinshon Judkins,Quinshon Judkins,,Offensive Rank in PPG,situational,binary_vs_avg,9.50,No,red,-3,Y,high,"programmatic cell-fill sampling, validated vs published colour counts"
RB_FACTOR_GRID_2026,"Analyst colour-coded RB factor grid (screenshots, 10 images)",third_party_analyst_screenshot,UNKNOWN - owner to supply,UNKNOWN - owner to supply,"Underdog Fantasy ADP (best-ball), 2026",2026,RB,23,Quinshon Judkins,Quinshon Judkins,,PFF Run Blocking Grade,situational,binary_vs_avg,9.88,No,red,-3,Y,high,"programmatic cell-fill sampling, validated vs published colour counts"
RB_FACTOR_GRID_2026,"Analyst colour-coded RB factor grid (screenshots, 10 images)",third_party_analyst_screenshot,UNKNOWN - owner to supply,UNKNOWN - owner to supply,"Underdog Fantasy ADP (best-ball), 2026",2026,RB,23,Quinshon Judkins,Quinshon Judkins,,Teams Wins,situational,binary_vs_avg,9.85,No,red,-3,Y,high,"programmatic cell-fill sampling, validated vs published colour counts"
RB_FACTOR_GRID_2026,"Analyst colour-coded RB factor grid (screenshots, 10 images)",third_party_analyst_screenshot,UNKNOWN - owner to supply,UNKNOWN - owner to supply,"Underdog Fantasy ADP (best-ball), 2026",2026,RB,23,Quinshon Judkins,Quinshon Judkins,,Age,situational,binary_vs_avg,24.94,Yes,yellow,3,Y,high,"programmatic cell-fill sampling, validated vs published colour counts"
RB_FACTOR_GRID_2026,"Analyst colour-coded RB factor grid (screenshots, 10 images)",third_party_analyst_screenshot,UNKNOWN - owner to supply,UNKNOWN - owner to supply,"Underdog Fantasy ADP (best-ball), 2026",2026,RB,23,Quinshon Judkins,Quinshon Judkins,,Efficiency (Yards per Carry),situational,binary_vs_avg,4.89,Yes,yellow,3,Y,high,"programmatic cell-fill sampling, validated vs published colour counts"
RB_FACTOR_GRID_2026,"Analyst colour-coded RB factor grid (screenshots, 10 images)",third_party_analyst_screenshot,UNKNOWN - owner to supply,UNKNOWN - owner to supply,"Underdog Fantasy ADP (best-ball), 2026",2026,RB,23,Quinshon Judkins,Quinshon Judkins,,Efficiency (Yards per Touch),situational,binary_vs_avg,5.82,?,orange,-1,Y,high,"programmatic cell-fill sampling, validated vs published colour counts"
RB_FACTOR_GRID_2026,"Analyst colour-coded RB factor grid (screenshots, 10 images)",third_party_analyst_screenshot,UNKNOWN - owner to supply,UNKNOWN - owner to supply,"Underdog Fantasy ADP (best-ball), 2026",2026,RB,23,Quinshon Judkins,Quinshon Judkins,,Archetype,classification,archetype,N/A,Breakout Candidate,yellow,3,Y,high,"programmatic cell-fill sampling, validated vs published colour counts"
RB_FACTOR_GRID_2026,"Analyst colour-coded RB factor grid (screenshots, 10 images)",third_party_analyst_screenshot,UNKNOWN - owner to supply,UNKNOWN - owner to supply,"Underdog Fantasy ADP (best-ball), 2026",2026,RB,23,Quinshon Judkins,Quinshon Judkins,,Age & Injury,classification,injury,MC/SC/C,Some Concern,orange,-1,Y,high,"programmatic cell-fill sampling, validated vs published colour counts"
RB_FACTOR_GRID_2026,"Analyst colour-coded RB factor grid (screenshots, 10 images)",third_party_analyst_screenshot,UNKNOWN - owner to supply,UNKNOWN - owner to supply,"Underdog Fantasy ADP (best-ball), 2026",2026,RB,24,TreVeyon Henderson,TreVeyon Henderson,,Carries,volume,binary_vs_avg,293.79,No,red,-3,Y,high,"programmatic cell-fill sampling, validated vs published colour counts"
RB_FACTOR_GRID_2026,"Analyst colour-coded RB factor grid (screenshots, 10 images)",third_party_analyst_screenshot,UNKNOWN - owner to supply,UNKNOWN - owner to supply,"Underdog Fantasy ADP (best-ball), 2026",2026,RB,24,TreVeyon Henderson,TreVeyon Henderson,,Targets,volume,binary_vs_avg,92.49,?,orange,-1,Y,high,"programmatic cell-fill sampling, validated vs published colour counts"
RB_FACTOR_GRID_2026,"Analyst colour-coded RB factor grid (screenshots, 10 images)",third_party_analyst_screenshot,UNKNOWN - owner to supply,UNKNOWN - owner to supply,"Underdog Fantasy ADP (best-ball), 2026",2026,RB,24,TreVeyon Henderson,TreVeyon Henderson,,Receptions,volume,binary_vs_avg,72.22,?,orange,-1,Y,high,"programmatic cell-fill sampling, validated vs published colour counts"
RB_FACTOR_GRID_2026,"Analyst colour-coded RB factor grid (screenshots, 10 images)",third_party_analyst_screenshot,UNKNOWN - owner to supply,UNKNOWN - owner to supply,"Underdog Fantasy ADP (best-ball), 2026",2026,RB,24,TreVeyon Henderson,TreVeyon Henderson,,Total Touches,volume,binary_vs_avg,365.90,No,red,-3,Y,high,"programmatic cell-fill sampling, validated vs published colour counts"
RB_FACTOR_GRID_2026,"Analyst colour-coded RB factor grid (screenshots, 10 images)",third_party_analyst_screenshot,UNKNOWN - owner to supply,UNKNOWN - owner to supply,"Underdog Fantasy ADP (best-ball), 2026",2026,RB,24,TreVeyon Henderson,TreVeyon Henderson,,Touchdowns,volume,binary_vs_avg,16.73,No,red,-3,Y,high,"programmatic cell-fill sampling, validated vs published colour counts"
RB_FACTOR_GRID_2026,"Analyst colour-coded RB factor grid (screenshots, 10 images)",third_party_analyst_screenshot,UNKNOWN - owner to supply,UNKNOWN - owner to supply,"Underdog Fantasy ADP (best-ball), 2026",2026,RB,24,TreVeyon Henderson,TreVeyon Henderson,,Offensive Rank in PPG,situational,binary_vs_avg,9.50,Yes,yellow,3,Y,high,"programmatic cell-fill sampling, validated vs published colour counts"
RB_FACTOR_GRID_2026,"Analyst colour-coded RB factor grid (screenshots, 10 images)",third_party_analyst_screenshot,UNKNOWN - owner to supply,UNKNOWN - owner to supply,"Underdog Fantasy ADP (best-ball), 2026",2026,RB,24,TreVeyon Henderson,TreVeyon Henderson,,PFF Run Blocking Grade,situational,binary_vs_avg,9.88,Yes,yellow,3,Y,high,"programmatic cell-fill sampling, validated vs published colour counts"
RB_FACTOR_GRID_2026,"Analyst colour-coded RB factor grid (screenshots, 10 images)",third_party_analyst_screenshot,UNKNOWN - owner to supply,UNKNOWN - owner to supply,"Underdog Fantasy ADP (best-ball), 2026",2026,RB,24,TreVeyon Henderson,TreVeyon Henderson,,Teams Wins,situational,binary_vs_avg,9.85,Yes,yellow,3,Y,high,"programmatic cell-fill sampling, validated vs published colour counts"
RB_FACTOR_GRID_2026,"Analyst colour-coded RB factor grid (screenshots, 10 images)",third_party_analyst_screenshot,UNKNOWN - owner to supply,UNKNOWN - owner to supply,"Underdog Fantasy ADP (best-ball), 2026",2026,RB,24,TreVeyon Henderson,TreVeyon Henderson,,Age,situational,binary_vs_avg,24.94,Yes,yellow,3,Y,high,"programmatic cell-fill sampling, validated vs published colour counts"
RB_FACTOR_GRID_2026,"Analyst colour-coded RB factor grid (screenshots, 10 images)",third_party_analyst_screenshot,UNKNOWN - owner to supply,UNKNOWN - owner to supply,"Underdog Fantasy ADP (best-ball), 2026",2026,RB,24,TreVeyon Henderson,TreVeyon Henderson,,Efficiency (Yards per Carry),situational,binary_vs_avg,4.89,Yes,yellow,3,Y,high,"programmatic cell-fill sampling, validated vs published colour counts"
RB_FACTOR_GRID_2026,"Analyst colour-coded RB factor grid (screenshots, 10 images)",third_party_analyst_screenshot,UNKNOWN - owner to supply,UNKNOWN - owner to supply,"Underdog Fantasy ADP (best-ball), 2026",2026,RB,24,TreVeyon Henderson,TreVeyon Henderson,,Efficiency (Yards per Touch),situational,binary_vs_avg,5.82,Yes,yellow,3,Y,high,"programmatic cell-fill sampling, validated vs published colour counts"
RB_FACTOR_GRID_2026,"Analyst colour-coded RB factor grid (screenshots, 10 images)",third_party_analyst_screenshot,UNKNOWN - owner to supply,UNKNOWN - owner to supply,"Underdog Fantasy ADP (best-ball), 2026",2026,RB,24,TreVeyon Henderson,TreVeyon Henderson,,Archetype,classification,archetype,N/A,Breakout Candidate,orange,-1,Y,high,"programmatic cell-fill sampling, validated vs published colour counts"
RB_FACTOR_GRID_2026,"Analyst colour-coded RB factor grid (screenshots, 10 images)",third_party_analyst_screenshot,UNKNOWN - owner to supply,UNKNOWN - owner to supply,"Underdog Fantasy ADP (best-ball), 2026",2026,RB,24,TreVeyon Henderson,TreVeyon Henderson,,Age & Injury,classification,injury,MC/SC/C,Minimal Concerns,yellow,3,Y,high,"programmatic cell-fill sampling, validated vs published colour counts"
RB_FACTOR_GRID_2026,"Analyst colour-coded RB factor grid (screenshots, 10 images)",third_party_analyst_screenshot,UNKNOWN - owner to supply,UNKNOWN - owner to supply,"Underdog Fantasy ADP (best-ball), 2026",2026,RB,25,Bucky Irving,Bucky Irving,,Carries,volume,binary_vs_avg,293.79,Yes,yellow,3,Y,high,"programmatic cell-fill sampling, validated vs published colour counts"
RB_FACTOR_GRID_2026,"Analyst colour-coded RB factor grid (screenshots, 10 images)",third_party_analyst_screenshot,UNKNOWN - owner to supply,UNKNOWN - owner to supply,"Underdog Fantasy ADP (best-ball), 2026",2026,RB,25,Bucky Irving,Bucky Irving,,Targets,volume,binary_vs_avg,92.49,?,orange,-1,Y,high,"programmatic cell-fill sampling, validated vs published colour counts"
RB_FACTOR_GRID_2026,"Analyst colour-coded RB factor grid (screenshots, 10 images)",third_party_analyst_screenshot,UNKNOWN - owner to supply,UNKNOWN - owner to supply,"Underdog Fantasy ADP (best-ball), 2026",2026,RB,25,Bucky Irving,Bucky Irving,,Receptions,volume,binary_vs_avg,72.22,?,orange,-1,Y,high,"programmatic cell-fill sampling, validated vs published colour counts"
RB_FACTOR_GRID_2026,"Analyst colour-coded RB factor grid (screenshots, 10 images)",third_party_analyst_screenshot,UNKNOWN - owner to supply,UNKNOWN - owner to supply,"Underdog Fantasy ADP (best-ball), 2026",2026,RB,25,Bucky Irving,Bucky Irving,,Total Touches,volume,binary_vs_avg,365.90,No,red,-3,Y,high,"programmatic cell-fill sampling, validated vs published colour counts"
RB_FACTOR_GRID_2026,"Analyst colour-coded RB factor grid (screenshots, 10 images)",third_party_analyst_screenshot,UNKNOWN - owner to supply,UNKNOWN - owner to supply,"Underdog Fantasy ADP (best-ball), 2026",2026,RB,25,Bucky Irving,Bucky Irving,,Touchdowns,volume,binary_vs_avg,16.73,No,red,-3,Y,high,"programmatic cell-fill sampling, validated vs published colour counts"
RB_FACTOR_GRID_2026,"Analyst colour-coded RB factor grid (screenshots, 10 images)",third_party_analyst_screenshot,UNKNOWN - owner to supply,UNKNOWN - owner to supply,"Underdog Fantasy ADP (best-ball), 2026",2026,RB,25,Bucky Irving,Bucky Irving,,Offensive Rank in PPG,situational,binary_vs_avg,9.50,Yes,yellow,3,Y,high,"programmatic cell-fill sampling, validated vs published colour counts"
RB_FACTOR_GRID_2026,"Analyst colour-coded RB factor grid (screenshots, 10 images)",third_party_analyst_screenshot,UNKNOWN - owner to supply,UNKNOWN - owner to supply,"Underdog Fantasy ADP (best-ball), 2026",2026,RB,25,Bucky Irving,Bucky Irving,,PFF Run Blocking Grade,situational,binary_vs_avg,9.88,Yes,green,5,Y,high,"programmatic cell-fill sampling, validated vs published colour counts"
RB_FACTOR_GRID_2026,"Analyst colour-coded RB factor grid (screenshots, 10 images)",third_party_analyst_screenshot,UNKNOWN - owner to supply,UNKNOWN - owner to supply,"Underdog Fantasy ADP (best-ball), 2026",2026,RB,25,Bucky Irving,Bucky Irving,,Teams Wins,situational,binary_vs_avg,9.85,Yes,yellow,3,Y,high,"programmatic cell-fill sampling, validated vs published colour counts"
RB_FACTOR_GRID_2026,"Analyst colour-coded RB factor grid (screenshots, 10 images)",third_party_analyst_screenshot,UNKNOWN - owner to supply,UNKNOWN - owner to supply,"Underdog Fantasy ADP (best-ball), 2026",2026,RB,25,Bucky Irving,Bucky Irving,,Age,situational,binary_vs_avg,24.94,Yes,green,5,Y,high,"programmatic cell-fill sampling, validated vs published colour counts"
RB_FACTOR_GRID_2026,"Analyst colour-coded RB factor grid (screenshots, 10 images)",third_party_analyst_screenshot,UNKNOWN - owner to supply,UNKNOWN - owner to supply,"Underdog Fantasy ADP (best-ball), 2026",2026,RB,25,Bucky Irving,Bucky Irving,,Efficiency (Yards per Carry),situational,binary_vs_avg,4.89,Yes,yellow,3,Y,high,"programmatic cell-fill sampling, validated vs published colour counts"
RB_FACTOR_GRID_2026,"Analyst colour-coded RB factor grid (screenshots, 10 images)",third_party_analyst_screenshot,UNKNOWN - owner to supply,UNKNOWN - owner to supply,"Underdog Fantasy ADP (best-ball), 2026",2026,RB,25,Bucky Irving,Bucky Irving,,Efficiency (Yards per Touch),situational,binary_vs_avg,5.82,Yes,green,5,Y,high,"programmatic cell-fill sampling, validated vs published colour counts"
RB_FACTOR_GRID_2026,"Analyst colour-coded RB factor grid (screenshots, 10 images)",third_party_analyst_screenshot,UNKNOWN - owner to supply,UNKNOWN - owner to supply,"Underdog Fantasy ADP (best-ball), 2026",2026,RB,25,Bucky Irving,Bucky Irving,,Archetype,classification,archetype,N/A,Breakout Candidate,yellow,3,Y,high,"programmatic cell-fill sampling, validated vs published colour counts"
RB_FACTOR_GRID_2026,"Analyst colour-coded RB factor grid (screenshots, 10 images)",third_party_analyst_screenshot,UNKNOWN - owner to supply,UNKNOWN - owner to supply,"Underdog Fantasy ADP (best-ball), 2026",2026,RB,25,Bucky Irving,Bucky Irving,,Age & Injury,classification,injury,MC/SC/C,Concerned,red,-3,Y,high,"programmatic cell-fill sampling, validated vs published colour counts"
RB_FACTOR_GRID_2026,"Analyst colour-coded RB factor grid (screenshots, 10 images)",third_party_analyst_screenshot,UNKNOWN - owner to supply,UNKNOWN - owner to supply,"Underdog Fantasy ADP (best-ball), 2026",2026,RB,26,Jadarian Price,Jadarian Price,,Carries,volume,binary_vs_avg,293.79,?,orange,-1,Y,high,"programmatic cell-fill sampling, validated vs published colour counts"
RB_FACTOR_GRID_2026,"Analyst colour-coded RB factor grid (screenshots, 10 images)",third_party_analyst_screenshot,UNKNOWN - owner to supply,UNKNOWN - owner to supply,"Underdog Fantasy ADP (best-ball), 2026",2026,RB,26,Jadarian Price,Jadarian Price,,Targets,volume,binary_vs_avg,92.49,?,orange,-1,Y,high,"programmatic cell-fill sampling, validated vs published colour counts"
RB_FACTOR_GRID_2026,"Analyst colour-coded RB factor grid (screenshots, 10 images)",third_party_analyst_screenshot,UNKNOWN - owner to supply,UNKNOWN - owner to supply,"Underdog Fantasy ADP (best-ball), 2026",2026,RB,26,Jadarian Price,Jadarian Price,,Receptions,volume,binary_vs_avg,72.22,?,orange,-1,Y,high,"programmatic cell-fill sampling, validated vs published colour counts"
RB_FACTOR_GRID_2026,"Analyst colour-coded RB factor grid (screenshots, 10 images)",third_party_analyst_screenshot,UNKNOWN - owner to supply,UNKNOWN - owner to supply,"Underdog Fantasy ADP (best-ball), 2026",2026,RB,26,Jadarian Price,Jadarian Price,,Total Touches,volume,binary_vs_avg,365.90,No,red,-3,Y,high,"programmatic cell-fill sampling, validated vs published colour counts"
RB_FACTOR_GRID_2026,"Analyst colour-coded RB factor grid (screenshots, 10 images)",third_party_analyst_screenshot,UNKNOWN - owner to supply,UNKNOWN - owner to supply,"Underdog Fantasy ADP (best-ball), 2026",2026,RB,26,Jadarian Price,Jadarian Price,,Touchdowns,volume,binary_vs_avg,16.73,No,red,-3,Y,high,"programmatic cell-fill sampling, validated vs published colour counts"
RB_FACTOR_GRID_2026,"Analyst colour-coded RB factor grid (screenshots, 10 images)",third_party_analyst_screenshot,UNKNOWN - owner to supply,UNKNOWN - owner to supply,"Underdog Fantasy ADP (best-ball), 2026",2026,RB,26,Jadarian Price,Jadarian Price,,Offensive Rank in PPG,situational,binary_vs_avg,9.50,Yes,yellow,3,Y,high,"programmatic cell-fill sampling, validated vs published colour counts"
RB_FACTOR_GRID_2026,"Analyst colour-coded RB factor grid (screenshots, 10 images)",third_party_analyst_screenshot,UNKNOWN - owner to supply,UNKNOWN - owner to supply,"Underdog Fantasy ADP (best-ball), 2026",2026,RB,26,Jadarian Price,Jadarian Price,,PFF Run Blocking Grade,situational,binary_vs_avg,9.88,Yes,yellow,3,Y,high,"programmatic cell-fill sampling, validated vs published colour counts"
RB_FACTOR_GRID_2026,"Analyst colour-coded RB factor grid (screenshots, 10 images)",third_party_analyst_screenshot,UNKNOWN - owner to supply,UNKNOWN - owner to supply,"Underdog Fantasy ADP (best-ball), 2026",2026,RB,26,Jadarian Price,Jadarian Price,,Teams Wins,situational,binary_vs_avg,9.85,Yes,yellow,3,Y,high,"programmatic cell-fill sampling, validated vs published colour counts"
RB_FACTOR_GRID_2026,"Analyst colour-coded RB factor grid (screenshots, 10 images)",third_party_analyst_screenshot,UNKNOWN - owner to supply,UNKNOWN - owner to supply,"Underdog Fantasy ADP (best-ball), 2026",2026,RB,26,Jadarian Price,Jadarian Price,,Age,situational,binary_vs_avg,24.94,Yes,yellow,3,Y,high,"programmatic cell-fill sampling, validated vs published colour counts"
RB_FACTOR_GRID_2026,"Analyst colour-coded RB factor grid (screenshots, 10 images)",third_party_analyst_screenshot,UNKNOWN - owner to supply,UNKNOWN - owner to supply,"Underdog Fantasy ADP (best-ball), 2026",2026,RB,26,Jadarian Price,Jadarian Price,,Efficiency (Yards per Carry),situational,binary_vs_avg,4.89,?,orange,-1,Y,high,"programmatic cell-fill sampling, validated vs published colour counts"
RB_FACTOR_GRID_2026,"Analyst colour-coded RB factor grid (screenshots, 10 images)",third_party_analyst_screenshot,UNKNOWN - owner to supply,UNKNOWN - owner to supply,"Underdog Fantasy ADP (best-ball), 2026",2026,RB,26,Jadarian Price,Jadarian Price,,Efficiency (Yards per Touch),situational,binary_vs_avg,5.82,?,orange,-1,Y,high,"programmatic cell-fill sampling, validated vs published colour counts"
RB_FACTOR_GRID_2026,"Analyst colour-coded RB factor grid (screenshots, 10 images)",third_party_analyst_screenshot,UNKNOWN - owner to supply,UNKNOWN - owner to supply,"Underdog Fantasy ADP (best-ball), 2026",2026,RB,26,Jadarian Price,Jadarian Price,,Archetype,classification,archetype,N/A,Breakout Candidate,orange,-1,Y,high,"programmatic cell-fill sampling, validated vs published colour counts"
RB_FACTOR_GRID_2026,"Analyst colour-coded RB factor grid (screenshots, 10 images)",third_party_analyst_screenshot,UNKNOWN - owner to supply,UNKNOWN - owner to supply,"Underdog Fantasy ADP (best-ball), 2026",2026,RB,26,Jadarian Price,Jadarian Price,,Age & Injury,classification,injury,MC/SC/C,Minimal Concerns,yellow,3,Y,high,"programmatic cell-fill sampling, validated vs published colour counts"
RB_FACTOR_GRID_2026,"Analyst colour-coded RB factor grid (screenshots, 10 images)",third_party_analyst_screenshot,UNKNOWN - owner to supply,UNKNOWN - owner to supply,"Underdog Fantasy ADP (best-ball), 2026",2026,RB,27,Jaylen Warren,Jaylen Warren,,Carries,volume,binary_vs_avg,293.79,No,red,-3,Y,high,"programmatic cell-fill sampling, validated vs published colour counts"
RB_FACTOR_GRID_2026,"Analyst colour-coded RB factor grid (screenshots, 10 images)",third_party_analyst_screenshot,UNKNOWN - owner to supply,UNKNOWN - owner to supply,"Underdog Fantasy ADP (best-ball), 2026",2026,RB,27,Jaylen Warren,Jaylen Warren,,Targets,volume,binary_vs_avg,92.49,Yes,yellow,3,Y,high,"programmatic cell-fill sampling, validated vs published colour counts"
RB_FACTOR_GRID_2026,"Analyst colour-coded RB factor grid (screenshots, 10 images)",third_party_analyst_screenshot,UNKNOWN - owner to supply,UNKNOWN - owner to supply,"Underdog Fantasy ADP (best-ball), 2026",2026,RB,27,Jaylen Warren,Jaylen Warren,,Receptions,volume,binary_vs_avg,72.22,Yes,yellow,3,Y,high,"programmatic cell-fill sampling, validated vs published colour counts"
RB_FACTOR_GRID_2026,"Analyst colour-coded RB factor grid (screenshots, 10 images)",third_party_analyst_screenshot,UNKNOWN - owner to supply,UNKNOWN - owner to supply,"Underdog Fantasy ADP (best-ball), 2026",2026,RB,27,Jaylen Warren,Jaylen Warren,,Total Touches,volume,binary_vs_avg,365.90,No,red,-3,Y,high,"programmatic cell-fill sampling, validated vs published colour counts"
RB_FACTOR_GRID_2026,"Analyst colour-coded RB factor grid (screenshots, 10 images)",third_party_analyst_screenshot,UNKNOWN - owner to supply,UNKNOWN - owner to supply,"Underdog Fantasy ADP (best-ball), 2026",2026,RB,27,Jaylen Warren,Jaylen Warren,,Touchdowns,volume,binary_vs_avg,16.73,No,red,-3,Y,high,"programmatic cell-fill sampling, validated vs published colour counts"
RB_FACTOR_GRID_2026,"Analyst colour-coded RB factor grid (screenshots, 10 images)",third_party_analyst_screenshot,UNKNOWN - owner to supply,UNKNOWN - owner to supply,"Underdog Fantasy ADP (best-ball), 2026",2026,RB,27,Jaylen Warren,Jaylen Warren,,Offensive Rank in PPG,situational,binary_vs_avg,9.50,?,orange,-1,Y,high,"programmatic cell-fill sampling, validated vs published colour counts"
RB_FACTOR_GRID_2026,"Analyst colour-coded RB factor grid (screenshots, 10 images)",third_party_analyst_screenshot,UNKNOWN - owner to supply,UNKNOWN - owner to supply,"Underdog Fantasy ADP (best-ball), 2026",2026,RB,27,Jaylen Warren,Jaylen Warren,,PFF Run Blocking Grade,situational,binary_vs_avg,9.88,Yes,yellow,3,Y,high,"programmatic cell-fill sampling, validated vs published colour counts"
RB_FACTOR_GRID_2026,"Analyst colour-coded RB factor grid (screenshots, 10 images)",third_party_analyst_screenshot,UNKNOWN - owner to supply,UNKNOWN - owner to supply,"Underdog Fantasy ADP (best-ball), 2026",2026,RB,27,Jaylen Warren,Jaylen Warren,,Teams Wins,situational,binary_vs_avg,9.85,?,orange,-1,Y,high,"programmatic cell-fill sampling, validated vs published colour counts"
RB_FACTOR_GRID_2026,"Analyst colour-coded RB factor grid (screenshots, 10 images)",third_party_analyst_screenshot,UNKNOWN - owner to supply,UNKNOWN - owner to supply,"Underdog Fantasy ADP (best-ball), 2026",2026,RB,27,Jaylen Warren,Jaylen Warren,,Age,situational,binary_vs_avg,24.94,Yes,yellow,3,Y,high,"programmatic cell-fill sampling, validated vs published colour counts"
RB_FACTOR_GRID_2026,"Analyst colour-coded RB factor grid (screenshots, 10 images)",third_party_analyst_screenshot,UNKNOWN - owner to supply,UNKNOWN - owner to supply,"Underdog Fantasy ADP (best-ball), 2026",2026,RB,27,Jaylen Warren,Jaylen Warren,,Efficiency (Yards per Carry),situational,binary_vs_avg,4.89,Yes,yellow,3,Y,high,"programmatic cell-fill sampling, validated vs published colour counts"
RB_FACTOR_GRID_2026,"Analyst colour-coded RB factor grid (screenshots, 10 images)",third_party_analyst_screenshot,UNKNOWN - owner to supply,UNKNOWN - owner to supply,"Underdog Fantasy ADP (best-ball), 2026",2026,RB,27,Jaylen Warren,Jaylen Warren,,Efficiency (Yards per Touch),situational,binary_vs_avg,5.82,Yes,yellow,3,Y,high,"programmatic cell-fill sampling, validated vs published colour counts"
RB_FACTOR_GRID_2026,"Analyst colour-coded RB factor grid (screenshots, 10 images)",third_party_analyst_screenshot,UNKNOWN - owner to supply,UNKNOWN - owner to supply,"Underdog Fantasy ADP (best-ball), 2026",2026,RB,27,Jaylen Warren,Jaylen Warren,,Archetype,classification,archetype,N/A,Trusty Veteran,red,-3,Y,high,"programmatic cell-fill sampling, validated vs published colour counts"
RB_FACTOR_GRID_2026,"Analyst colour-coded RB factor grid (screenshots, 10 images)",third_party_analyst_screenshot,UNKNOWN - owner to supply,UNKNOWN - owner to supply,"Underdog Fantasy ADP (best-ball), 2026",2026,RB,27,Jaylen Warren,Jaylen Warren,,Age & Injury,classification,injury,MC/SC/C,Minimal Concerns,yellow,3,Y,high,"programmatic cell-fill sampling, validated vs published colour counts"
RB_FACTOR_GRID_2026,"Analyst colour-coded RB factor grid (screenshots, 10 images)",third_party_analyst_screenshot,UNKNOWN - owner to supply,UNKNOWN - owner to supply,"Underdog Fantasy ADP (best-ball), 2026",2026,RB,28,Rhamondre Stevenson,Rhamondre Stevenson,,Carries,volume,binary_vs_avg,293.79,No,red,-3,Y,high,"programmatic cell-fill sampling, validated vs published colour counts"
RB_FACTOR_GRID_2026,"Analyst colour-coded RB factor grid (screenshots, 10 images)",third_party_analyst_screenshot,UNKNOWN - owner to supply,UNKNOWN - owner to supply,"Underdog Fantasy ADP (best-ball), 2026",2026,RB,28,Rhamondre Stevenson,Rhamondre Stevenson,,Targets,volume,binary_vs_avg,92.49,No,red,-3,Y,high,"programmatic cell-fill sampling, validated vs published colour counts"
RB_FACTOR_GRID_2026,"Analyst colour-coded RB factor grid (screenshots, 10 images)",third_party_analyst_screenshot,UNKNOWN - owner to supply,UNKNOWN - owner to supply,"Underdog Fantasy ADP (best-ball), 2026",2026,RB,28,Rhamondre Stevenson,Rhamondre Stevenson,,Receptions,volume,binary_vs_avg,72.22,No,red,-3,Y,high,"programmatic cell-fill sampling, validated vs published colour counts"
RB_FACTOR_GRID_2026,"Analyst colour-coded RB factor grid (screenshots, 10 images)",third_party_analyst_screenshot,UNKNOWN - owner to supply,UNKNOWN - owner to supply,"Underdog Fantasy ADP (best-ball), 2026",2026,RB,28,Rhamondre Stevenson,Rhamondre Stevenson,,Total Touches,volume,binary_vs_avg,365.90,No,red,-3,Y,high,"programmatic cell-fill sampling, validated vs published colour counts"
RB_FACTOR_GRID_2026,"Analyst colour-coded RB factor grid (screenshots, 10 images)",third_party_analyst_screenshot,UNKNOWN - owner to supply,UNKNOWN - owner to supply,"Underdog Fantasy ADP (best-ball), 2026",2026,RB,28,Rhamondre Stevenson,Rhamondre Stevenson,,Touchdowns,volume,binary_vs_avg,16.73,No,red,-3,Y,high,"programmatic cell-fill sampling, validated vs published colour counts"
RB_FACTOR_GRID_2026,"Analyst colour-coded RB factor grid (screenshots, 10 images)",third_party_analyst_screenshot,UNKNOWN - owner to supply,UNKNOWN - owner to supply,"Underdog Fantasy ADP (best-ball), 2026",2026,RB,28,Rhamondre Stevenson,Rhamondre Stevenson,,Offensive Rank in PPG,situational,binary_vs_avg,9.50,Yes,yellow,3,Y,high,"programmatic cell-fill sampling, validated vs published colour counts"
RB_FACTOR_GRID_2026,"Analyst colour-coded RB factor grid (screenshots, 10 images)",third_party_analyst_screenshot,UNKNOWN - owner to supply,UNKNOWN - owner to supply,"Underdog Fantasy ADP (best-ball), 2026",2026,RB,28,Rhamondre Stevenson,Rhamondre Stevenson,,PFF Run Blocking Grade,situational,binary_vs_avg,9.88,Yes,yellow,3,Y,high,"programmatic cell-fill sampling, validated vs published colour counts"
RB_FACTOR_GRID_2026,"Analyst colour-coded RB factor grid (screenshots, 10 images)",third_party_analyst_screenshot,UNKNOWN - owner to supply,UNKNOWN - owner to supply,"Underdog Fantasy ADP (best-ball), 2026",2026,RB,28,Rhamondre Stevenson,Rhamondre Stevenson,,Teams Wins,situational,binary_vs_avg,9.85,Yes,yellow,3,Y,high,"programmatic cell-fill sampling, validated vs published colour counts"
RB_FACTOR_GRID_2026,"Analyst colour-coded RB factor grid (screenshots, 10 images)",third_party_analyst_screenshot,UNKNOWN - owner to supply,UNKNOWN - owner to supply,"Underdog Fantasy ADP (best-ball), 2026",2026,RB,28,Rhamondre Stevenson,Rhamondre Stevenson,,Age,situational,binary_vs_avg,24.94,No,red,-3,Y,high,"programmatic cell-fill sampling, validated vs published colour counts"
RB_FACTOR_GRID_2026,"Analyst colour-coded RB factor grid (screenshots, 10 images)",third_party_analyst_screenshot,UNKNOWN - owner to supply,UNKNOWN - owner to supply,"Underdog Fantasy ADP (best-ball), 2026",2026,RB,28,Rhamondre Stevenson,Rhamondre Stevenson,,Efficiency (Yards per Carry),situational,binary_vs_avg,4.89,Yes,yellow,3,Y,high,"programmatic cell-fill sampling, validated vs published colour counts"
RB_FACTOR_GRID_2026,"Analyst colour-coded RB factor grid (screenshots, 10 images)",third_party_analyst_screenshot,UNKNOWN - owner to supply,UNKNOWN - owner to supply,"Underdog Fantasy ADP (best-ball), 2026",2026,RB,28,Rhamondre Stevenson,Rhamondre Stevenson,,Efficiency (Yards per Touch),situational,binary_vs_avg,5.82,Yes,yellow,3,Y,high,"programmatic cell-fill sampling, validated vs published colour counts"
RB_FACTOR_GRID_2026,"Analyst colour-coded RB factor grid (screenshots, 10 images)",third_party_analyst_screenshot,UNKNOWN - owner to supply,UNKNOWN - owner to supply,"Underdog Fantasy ADP (best-ball), 2026",2026,RB,28,Rhamondre Stevenson,Rhamondre Stevenson,,Archetype,classification,archetype,N/A,Trusty Veteran,red,-3,Y,high,"programmatic cell-fill sampling, validated vs published colour counts"
RB_FACTOR_GRID_2026,"Analyst colour-coded RB factor grid (screenshots, 10 images)",third_party_analyst_screenshot,UNKNOWN - owner to supply,UNKNOWN - owner to supply,"Underdog Fantasy ADP (best-ball), 2026",2026,RB,28,Rhamondre Stevenson,Rhamondre Stevenson,,Age & Injury,classification,injury,MC/SC/C,Minimal Concerns,yellow,3,Y,high,"programmatic cell-fill sampling, validated vs published colour counts"
RB_FACTOR_GRID_2026,"Analyst colour-coded RB factor grid (screenshots, 10 images)",third_party_analyst_screenshot,UNKNOWN - owner to supply,UNKNOWN - owner to supply,"Underdog Fantasy ADP (best-ball), 2026",2026,RB,29,Tony Pollard,Tony Pollard,,Carries,volume,binary_vs_avg,293.79,?,orange,-1,Y,high,"programmatic cell-fill sampling, validated vs published colour counts"
RB_FACTOR_GRID_2026,"Analyst colour-coded RB factor grid (screenshots, 10 images)",third_party_analyst_screenshot,UNKNOWN - owner to supply,UNKNOWN - owner to supply,"Underdog Fantasy ADP (best-ball), 2026",2026,RB,29,Tony Pollard,Tony Pollard,,Targets,volume,binary_vs_avg,92.49,No,red,-3,Y,high,"programmatic cell-fill sampling, validated vs published colour counts"
RB_FACTOR_GRID_2026,"Analyst colour-coded RB factor grid (screenshots, 10 images)",third_party_analyst_screenshot,UNKNOWN - owner to supply,UNKNOWN - owner to supply,"Underdog Fantasy ADP (best-ball), 2026",2026,RB,29,Tony Pollard,Tony Pollard,,Receptions,volume,binary_vs_avg,72.22,No,red,-3,Y,high,"programmatic cell-fill sampling, validated vs published colour counts"
RB_FACTOR_GRID_2026,"Analyst colour-coded RB factor grid (screenshots, 10 images)",third_party_analyst_screenshot,UNKNOWN - owner to supply,UNKNOWN - owner to supply,"Underdog Fantasy ADP (best-ball), 2026",2026,RB,29,Tony Pollard,Tony Pollard,,Total Touches,volume,binary_vs_avg,365.90,No,red,-3,Y,high,"programmatic cell-fill sampling, validated vs published colour counts"
RB_FACTOR_GRID_2026,"Analyst colour-coded RB factor grid (screenshots, 10 images)",third_party_analyst_screenshot,UNKNOWN - owner to supply,UNKNOWN - owner to supply,"Underdog Fantasy ADP (best-ball), 2026",2026,RB,29,Tony Pollard,Tony Pollard,,Touchdowns,volume,binary_vs_avg,16.73,No,red,-3,Y,high,"programmatic cell-fill sampling, validated vs published colour counts"
RB_FACTOR_GRID_2026,"Analyst colour-coded RB factor grid (screenshots, 10 images)",third_party_analyst_screenshot,UNKNOWN - owner to supply,UNKNOWN - owner to supply,"Underdog Fantasy ADP (best-ball), 2026",2026,RB,29,Tony Pollard,Tony Pollard,,Offensive Rank in PPG,situational,binary_vs_avg,9.50,No,red,-3,Y,high,"programmatic cell-fill sampling, validated vs published colour counts"
RB_FACTOR_GRID_2026,"Analyst colour-coded RB factor grid (screenshots, 10 images)",third_party_analyst_screenshot,UNKNOWN - owner to supply,UNKNOWN - owner to supply,"Underdog Fantasy ADP (best-ball), 2026",2026,RB,29,Tony Pollard,Tony Pollard,,PFF Run Blocking Grade,situational,binary_vs_avg,9.88,No,red,-3,Y,high,"programmatic cell-fill sampling, validated vs published colour counts"
RB_FACTOR_GRID_2026,"Analyst colour-coded RB factor grid (screenshots, 10 images)",third_party_analyst_screenshot,UNKNOWN - owner to supply,UNKNOWN - owner to supply,"Underdog Fantasy ADP (best-ball), 2026",2026,RB,29,Tony Pollard,Tony Pollard,,Teams Wins,situational,binary_vs_avg,9.85,?,orange,-1,Y,high,"programmatic cell-fill sampling, validated vs published colour counts"
RB_FACTOR_GRID_2026,"Analyst colour-coded RB factor grid (screenshots, 10 images)",third_party_analyst_screenshot,UNKNOWN - owner to supply,UNKNOWN - owner to supply,"Underdog Fantasy ADP (best-ball), 2026",2026,RB,29,Tony Pollard,Tony Pollard,,Age,situational,binary_vs_avg,24.94,No,red,-3,Y,high,"programmatic cell-fill sampling, validated vs published colour counts"
RB_FACTOR_GRID_2026,"Analyst colour-coded RB factor grid (screenshots, 10 images)",third_party_analyst_screenshot,UNKNOWN - owner to supply,UNKNOWN - owner to supply,"Underdog Fantasy ADP (best-ball), 2026",2026,RB,29,Tony Pollard,Tony Pollard,,Efficiency (Yards per Carry),situational,binary_vs_avg,4.89,Yes,yellow,3,Y,high,"programmatic cell-fill sampling, validated vs published colour counts"
RB_FACTOR_GRID_2026,"Analyst colour-coded RB factor grid (screenshots, 10 images)",third_party_analyst_screenshot,UNKNOWN - owner to supply,UNKNOWN - owner to supply,"Underdog Fantasy ADP (best-ball), 2026",2026,RB,29,Tony Pollard,Tony Pollard,,Efficiency (Yards per Touch),situational,binary_vs_avg,5.82,No,red,-3,Y,high,"programmatic cell-fill sampling, validated vs published colour counts"
RB_FACTOR_GRID_2026,"Analyst colour-coded RB factor grid (screenshots, 10 images)",third_party_analyst_screenshot,UNKNOWN - owner to supply,UNKNOWN - owner to supply,"Underdog Fantasy ADP (best-ball), 2026",2026,RB,29,Tony Pollard,Tony Pollard,,Archetype,classification,archetype,N/A,Trusty Veteran,red,-3,Y,high,"programmatic cell-fill sampling, validated vs published colour counts"
RB_FACTOR_GRID_2026,"Analyst colour-coded RB factor grid (screenshots, 10 images)",third_party_analyst_screenshot,UNKNOWN - owner to supply,UNKNOWN - owner to supply,"Underdog Fantasy ADP (best-ball), 2026",2026,RB,29,Tony Pollard,Tony Pollard,,Age & Injury,classification,injury,MC/SC/C,Some Concern,orange,-1,Y,high,"programmatic cell-fill sampling, validated vs published colour counts"
RB_FACTOR_GRID_2026,"Analyst colour-coded RB factor grid (screenshots, 10 images)",third_party_analyst_screenshot,UNKNOWN - owner to supply,UNKNOWN - owner to supply,"Underdog Fantasy ADP (best-ball), 2026",2026,RB,30,Chuba Hubbard,Chuba Hubbard,,Carries,volume,binary_vs_avg,293.79,?,orange,-1,Y,high,"programmatic cell-fill sampling, validated vs published colour counts"
RB_FACTOR_GRID_2026,"Analyst colour-coded RB factor grid (screenshots, 10 images)",third_party_analyst_screenshot,UNKNOWN - owner to supply,UNKNOWN - owner to supply,"Underdog Fantasy ADP (best-ball), 2026",2026,RB,30,Chuba Hubbard,Chuba Hubbard,,Targets,volume,binary_vs_avg,92.49,No,red,-3,Y,high,"programmatic cell-fill sampling, validated vs published colour counts"
RB_FACTOR_GRID_2026,"Analyst colour-coded RB factor grid (screenshots, 10 images)",third_party_analyst_screenshot,UNKNOWN - owner to supply,UNKNOWN - owner to supply,"Underdog Fantasy ADP (best-ball), 2026",2026,RB,30,Chuba Hubbard,Chuba Hubbard,,Receptions,volume,binary_vs_avg,72.22,No,red,-3,Y,high,"programmatic cell-fill sampling, validated vs published colour counts"
RB_FACTOR_GRID_2026,"Analyst colour-coded RB factor grid (screenshots, 10 images)",third_party_analyst_screenshot,UNKNOWN - owner to supply,UNKNOWN - owner to supply,"Underdog Fantasy ADP (best-ball), 2026",2026,RB,30,Chuba Hubbard,Chuba Hubbard,,Total Touches,volume,binary_vs_avg,365.90,No,red,-3,Y,high,"programmatic cell-fill sampling, validated vs published colour counts"
RB_FACTOR_GRID_2026,"Analyst colour-coded RB factor grid (screenshots, 10 images)",third_party_analyst_screenshot,UNKNOWN - owner to supply,UNKNOWN - owner to supply,"Underdog Fantasy ADP (best-ball), 2026",2026,RB,30,Chuba Hubbard,Chuba Hubbard,,Touchdowns,volume,binary_vs_avg,16.73,No,red,-3,Y,high,"programmatic cell-fill sampling, validated vs published colour counts"
RB_FACTOR_GRID_2026,"Analyst colour-coded RB factor grid (screenshots, 10 images)",third_party_analyst_screenshot,UNKNOWN - owner to supply,UNKNOWN - owner to supply,"Underdog Fantasy ADP (best-ball), 2026",2026,RB,30,Chuba Hubbard,Chuba Hubbard,,Offensive Rank in PPG,situational,binary_vs_avg,9.50,No,red,-3,Y,high,"programmatic cell-fill sampling, validated vs published colour counts"
RB_FACTOR_GRID_2026,"Analyst colour-coded RB factor grid (screenshots, 10 images)",third_party_analyst_screenshot,UNKNOWN - owner to supply,UNKNOWN - owner to supply,"Underdog Fantasy ADP (best-ball), 2026",2026,RB,30,Chuba Hubbard,Chuba Hubbard,,PFF Run Blocking Grade,situational,binary_vs_avg,9.88,Yes,green,5,Y,high,"programmatic cell-fill sampling, validated vs published colour counts"
RB_FACTOR_GRID_2026,"Analyst colour-coded RB factor grid (screenshots, 10 images)",third_party_analyst_screenshot,UNKNOWN - owner to supply,UNKNOWN - owner to supply,"Underdog Fantasy ADP (best-ball), 2026",2026,RB,30,Chuba Hubbard,Chuba Hubbard,,Teams Wins,situational,binary_vs_avg,9.85,?,orange,-1,Y,high,"programmatic cell-fill sampling, validated vs published colour counts"
RB_FACTOR_GRID_2026,"Analyst colour-coded RB factor grid (screenshots, 10 images)",third_party_analyst_screenshot,UNKNOWN - owner to supply,UNKNOWN - owner to supply,"Underdog Fantasy ADP (best-ball), 2026",2026,RB,30,Chuba Hubbard,Chuba Hubbard,,Age,situational,binary_vs_avg,24.94,Yes,yellow,3,Y,high,"programmatic cell-fill sampling, validated vs published colour counts"
RB_FACTOR_GRID_2026,"Analyst colour-coded RB factor grid (screenshots, 10 images)",third_party_analyst_screenshot,UNKNOWN - owner to supply,UNKNOWN - owner to supply,"Underdog Fantasy ADP (best-ball), 2026",2026,RB,30,Chuba Hubbard,Chuba Hubbard,,Efficiency (Yards per Carry),situational,binary_vs_avg,4.89,?,orange,-1,Y,high,"programmatic cell-fill sampling, validated vs published colour counts"
RB_FACTOR_GRID_2026,"Analyst colour-coded RB factor grid (screenshots, 10 images)",third_party_analyst_screenshot,UNKNOWN - owner to supply,UNKNOWN - owner to supply,"Underdog Fantasy ADP (best-ball), 2026",2026,RB,30,Chuba Hubbard,Chuba Hubbard,,Efficiency (Yards per Touch),situational,binary_vs_avg,5.82,No,red,-3,Y,high,"programmatic cell-fill sampling, validated vs published colour counts"
RB_FACTOR_GRID_2026,"Analyst colour-coded RB factor grid (screenshots, 10 images)",third_party_analyst_screenshot,UNKNOWN - owner to supply,UNKNOWN - owner to supply,"Underdog Fantasy ADP (best-ball), 2026",2026,RB,30,Chuba Hubbard,Chuba Hubbard,,Archetype,classification,archetype,N/A,Trusty Veteran,red,-3,Y,high,"programmatic cell-fill sampling, validated vs published colour counts"
RB_FACTOR_GRID_2026,"Analyst colour-coded RB factor grid (screenshots, 10 images)",third_party_analyst_screenshot,UNKNOWN - owner to supply,UNKNOWN - owner to supply,"Underdog Fantasy ADP (best-ball), 2026",2026,RB,30,Chuba Hubbard,Chuba Hubbard,,Age & Injury,classification,injury,MC/SC/C,Minimal Concerns,yellow,3,Y,high,"programmatic cell-fill sampling, validated vs published colour counts"
RB_FACTOR_GRID_2026,"Analyst colour-coded RB factor grid (screenshots, 10 images)",third_party_analyst_screenshot,UNKNOWN - owner to supply,UNKNOWN - owner to supply,"Underdog Fantasy ADP (best-ball), 2026",2026,RB,31,RJ Harvey,R.J. Harvey,,Carries,volume,binary_vs_avg,293.79,No,red,-3,Y,high,"programmatic cell-fill sampling, validated vs published colour counts"
RB_FACTOR_GRID_2026,"Analyst colour-coded RB factor grid (screenshots, 10 images)",third_party_analyst_screenshot,UNKNOWN - owner to supply,UNKNOWN - owner to supply,"Underdog Fantasy ADP (best-ball), 2026",2026,RB,31,RJ Harvey,R.J. Harvey,,Targets,volume,binary_vs_avg,92.49,?,orange,-1,Y,high,"programmatic cell-fill sampling, validated vs published colour counts"
RB_FACTOR_GRID_2026,"Analyst colour-coded RB factor grid (screenshots, 10 images)",third_party_analyst_screenshot,UNKNOWN - owner to supply,UNKNOWN - owner to supply,"Underdog Fantasy ADP (best-ball), 2026",2026,RB,31,RJ Harvey,R.J. Harvey,,Receptions,volume,binary_vs_avg,72.22,?,orange,-1,Y,high,"programmatic cell-fill sampling, validated vs published colour counts"
RB_FACTOR_GRID_2026,"Analyst colour-coded RB factor grid (screenshots, 10 images)",third_party_analyst_screenshot,UNKNOWN - owner to supply,UNKNOWN - owner to supply,"Underdog Fantasy ADP (best-ball), 2026",2026,RB,31,RJ Harvey,R.J. Harvey,,Total Touches,volume,binary_vs_avg,365.90,No,red,-3,Y,high,"programmatic cell-fill sampling, validated vs published colour counts"
RB_FACTOR_GRID_2026,"Analyst colour-coded RB factor grid (screenshots, 10 images)",third_party_analyst_screenshot,UNKNOWN - owner to supply,UNKNOWN - owner to supply,"Underdog Fantasy ADP (best-ball), 2026",2026,RB,31,RJ Harvey,R.J. Harvey,,Touchdowns,volume,binary_vs_avg,16.73,No,red,-3,Y,high,"programmatic cell-fill sampling, validated vs published colour counts"
RB_FACTOR_GRID_2026,"Analyst colour-coded RB factor grid (screenshots, 10 images)",third_party_analyst_screenshot,UNKNOWN - owner to supply,UNKNOWN - owner to supply,"Underdog Fantasy ADP (best-ball), 2026",2026,RB,31,RJ Harvey,R.J. Harvey,,Offensive Rank in PPG,situational,binary_vs_avg,9.50,Yes,yellow,3,Y,high,"programmatic cell-fill sampling, validated vs published colour counts"
RB_FACTOR_GRID_2026,"Analyst colour-coded RB factor grid (screenshots, 10 images)",third_party_analyst_screenshot,UNKNOWN - owner to supply,UNKNOWN - owner to supply,"Underdog Fantasy ADP (best-ball), 2026",2026,RB,31,RJ Harvey,R.J. Harvey,,PFF Run Blocking Grade,situational,binary_vs_avg,9.88,Yes,green,5,Y,high,"programmatic cell-fill sampling, validated vs published colour counts"
RB_FACTOR_GRID_2026,"Analyst colour-coded RB factor grid (screenshots, 10 images)",third_party_analyst_screenshot,UNKNOWN - owner to supply,UNKNOWN - owner to supply,"Underdog Fantasy ADP (best-ball), 2026",2026,RB,31,RJ Harvey,R.J. Harvey,,Teams Wins,situational,binary_vs_avg,9.85,Yes,green,5,Y,high,"programmatic cell-fill sampling, validated vs published colour counts"
RB_FACTOR_GRID_2026,"Analyst colour-coded RB factor grid (screenshots, 10 images)",third_party_analyst_screenshot,UNKNOWN - owner to supply,UNKNOWN - owner to supply,"Underdog Fantasy ADP (best-ball), 2026",2026,RB,31,RJ Harvey,R.J. Harvey,,Age,situational,binary_vs_avg,24.94,Yes,yellow,3,Y,high,"programmatic cell-fill sampling, validated vs published colour counts"
RB_FACTOR_GRID_2026,"Analyst colour-coded RB factor grid (screenshots, 10 images)",third_party_analyst_screenshot,UNKNOWN - owner to supply,UNKNOWN - owner to supply,"Underdog Fantasy ADP (best-ball), 2026",2026,RB,31,RJ Harvey,R.J. Harvey,,Efficiency (Yards per Carry),situational,binary_vs_avg,4.89,?,orange,-1,Y,high,"programmatic cell-fill sampling, validated vs published colour counts"
RB_FACTOR_GRID_2026,"Analyst colour-coded RB factor grid (screenshots, 10 images)",third_party_analyst_screenshot,UNKNOWN - owner to supply,UNKNOWN - owner to supply,"Underdog Fantasy ADP (best-ball), 2026",2026,RB,31,RJ Harvey,R.J. Harvey,,Efficiency (Yards per Touch),situational,binary_vs_avg,5.82,No,red,-3,Y,high,"programmatic cell-fill sampling, validated vs published colour counts"
RB_FACTOR_GRID_2026,"Analyst colour-coded RB factor grid (screenshots, 10 images)",third_party_analyst_screenshot,UNKNOWN - owner to supply,UNKNOWN - owner to supply,"Underdog Fantasy ADP (best-ball), 2026",2026,RB,31,RJ Harvey,R.J. Harvey,,Archetype,classification,archetype,N/A,Breakout Candidate,yellow,3,Y,high,"programmatic cell-fill sampling, validated vs published colour counts"
RB_FACTOR_GRID_2026,"Analyst colour-coded RB factor grid (screenshots, 10 images)",third_party_analyst_screenshot,UNKNOWN - owner to supply,UNKNOWN - owner to supply,"Underdog Fantasy ADP (best-ball), 2026",2026,RB,31,RJ Harvey,R.J. Harvey,,Age & Injury,classification,injury,MC/SC/C,Minimal Concerns,yellow,3,Y,high,"programmatic cell-fill sampling, validated vs published colour counts"
RB_FACTOR_GRID_2026,"Analyst colour-coded RB factor grid (screenshots, 10 images)",third_party_analyst_screenshot,UNKNOWN - owner to supply,UNKNOWN - owner to supply,"Underdog Fantasy ADP (best-ball), 2026",2026,RB,32,Rico Dowdle,Rico Dowdle,,Carries,volume,binary_vs_avg,293.79,Yes,yellow,3,Y,high,"programmatic cell-fill sampling, validated vs published colour counts"
RB_FACTOR_GRID_2026,"Analyst colour-coded RB factor grid (screenshots, 10 images)",third_party_analyst_screenshot,UNKNOWN - owner to supply,UNKNOWN - owner to supply,"Underdog Fantasy ADP (best-ball), 2026",2026,RB,32,Rico Dowdle,Rico Dowdle,,Targets,volume,binary_vs_avg,92.49,No,red,-3,Y,high,"programmatic cell-fill sampling, validated vs published colour counts"
RB_FACTOR_GRID_2026,"Analyst colour-coded RB factor grid (screenshots, 10 images)",third_party_analyst_screenshot,UNKNOWN - owner to supply,UNKNOWN - owner to supply,"Underdog Fantasy ADP (best-ball), 2026",2026,RB,32,Rico Dowdle,Rico Dowdle,,Receptions,volume,binary_vs_avg,72.22,No,red,-3,Y,high,"programmatic cell-fill sampling, validated vs published colour counts"
RB_FACTOR_GRID_2026,"Analyst colour-coded RB factor grid (screenshots, 10 images)",third_party_analyst_screenshot,UNKNOWN - owner to supply,UNKNOWN - owner to supply,"Underdog Fantasy ADP (best-ball), 2026",2026,RB,32,Rico Dowdle,Rico Dowdle,,Total Touches,volume,binary_vs_avg,365.90,No,red,-3,Y,high,"programmatic cell-fill sampling, validated vs published colour counts"
RB_FACTOR_GRID_2026,"Analyst colour-coded RB factor grid (screenshots, 10 images)",third_party_analyst_screenshot,UNKNOWN - owner to supply,UNKNOWN - owner to supply,"Underdog Fantasy ADP (best-ball), 2026",2026,RB,32,Rico Dowdle,Rico Dowdle,,Touchdowns,volume,binary_vs_avg,16.73,No,red,-3,Y,high,"programmatic cell-fill sampling, validated vs published colour counts"
RB_FACTOR_GRID_2026,"Analyst colour-coded RB factor grid (screenshots, 10 images)",third_party_analyst_screenshot,UNKNOWN - owner to supply,UNKNOWN - owner to supply,"Underdog Fantasy ADP (best-ball), 2026",2026,RB,32,Rico Dowdle,Rico Dowdle,,Offensive Rank in PPG,situational,binary_vs_avg,9.50,?,orange,-1,Y,high,"programmatic cell-fill sampling, validated vs published colour counts"
RB_FACTOR_GRID_2026,"Analyst colour-coded RB factor grid (screenshots, 10 images)",third_party_analyst_screenshot,UNKNOWN - owner to supply,UNKNOWN - owner to supply,"Underdog Fantasy ADP (best-ball), 2026",2026,RB,32,Rico Dowdle,Rico Dowdle,,PFF Run Blocking Grade,situational,binary_vs_avg,9.88,Yes,yellow,3,Y,high,"programmatic cell-fill sampling, validated vs published colour counts"
RB_FACTOR_GRID_2026,"Analyst colour-coded RB factor grid (screenshots, 10 images)",third_party_analyst_screenshot,UNKNOWN - owner to supply,UNKNOWN - owner to supply,"Underdog Fantasy ADP (best-ball), 2026",2026,RB,32,Rico Dowdle,Rico Dowdle,,Teams Wins,situational,binary_vs_avg,9.85,?,orange,-1,Y,high,"programmatic cell-fill sampling, validated vs published colour counts"
RB_FACTOR_GRID_2026,"Analyst colour-coded RB factor grid (screenshots, 10 images)",third_party_analyst_screenshot,UNKNOWN - owner to supply,UNKNOWN - owner to supply,"Underdog Fantasy ADP (best-ball), 2026",2026,RB,32,Rico Dowdle,Rico Dowdle,,Age,situational,binary_vs_avg,24.94,No,red,-3,Y,high,"programmatic cell-fill sampling, validated vs published colour counts"
RB_FACTOR_GRID_2026,"Analyst colour-coded RB factor grid (screenshots, 10 images)",third_party_analyst_screenshot,UNKNOWN - owner to supply,UNKNOWN - owner to supply,"Underdog Fantasy ADP (best-ball), 2026",2026,RB,32,Rico Dowdle,Rico Dowdle,,Efficiency (Yards per Carry),situational,binary_vs_avg,4.89,Yes,yellow,3,Y,high,"programmatic cell-fill sampling, validated vs published colour counts"
RB_FACTOR_GRID_2026,"Analyst colour-coded RB factor grid (screenshots, 10 images)",third_party_analyst_screenshot,UNKNOWN - owner to supply,UNKNOWN - owner to supply,"Underdog Fantasy ADP (best-ball), 2026",2026,RB,32,Rico Dowdle,Rico Dowdle,,Efficiency (Yards per Touch),situational,binary_vs_avg,5.82,No,red,-3,Y,high,"programmatic cell-fill sampling, validated vs published colour counts"
RB_FACTOR_GRID_2026,"Analyst colour-coded RB factor grid (screenshots, 10 images)",third_party_analyst_screenshot,UNKNOWN - owner to supply,UNKNOWN - owner to supply,"Underdog Fantasy ADP (best-ball), 2026",2026,RB,32,Rico Dowdle,Rico Dowdle,,Archetype,classification,archetype,N/A,Trusty Veteran,red,-3,Y,high,"programmatic cell-fill sampling, validated vs published colour counts"
RB_FACTOR_GRID_2026,"Analyst colour-coded RB factor grid (screenshots, 10 images)",third_party_analyst_screenshot,UNKNOWN - owner to supply,UNKNOWN - owner to supply,"Underdog Fantasy ADP (best-ball), 2026",2026,RB,32,Rico Dowdle,Rico Dowdle,,Age & Injury,classification,injury,MC/SC/C,Minimal Concerns,yellow,3,Y,high,"programmatic cell-fill sampling, validated vs published colour counts"
RB_FACTOR_GRID_2026,"Analyst colour-coded RB factor grid (screenshots, 10 images)",third_party_analyst_screenshot,UNKNOWN - owner to supply,UNKNOWN - owner to supply,"Underdog Fantasy ADP (best-ball), 2026",2026,RB,33,Jonathon Brooks,Jonathon Brooks,,Carries,volume,binary_vs_avg,293.79,Yes,yellow,3,Y,high,"programmatic cell-fill sampling, validated vs published colour counts"
RB_FACTOR_GRID_2026,"Analyst colour-coded RB factor grid (screenshots, 10 images)",third_party_analyst_screenshot,UNKNOWN - owner to supply,UNKNOWN - owner to supply,"Underdog Fantasy ADP (best-ball), 2026",2026,RB,33,Jonathon Brooks,Jonathon Brooks,,Targets,volume,binary_vs_avg,92.49,No,red,-3,Y,high,"programmatic cell-fill sampling, validated vs published colour counts"
RB_FACTOR_GRID_2026,"Analyst colour-coded RB factor grid (screenshots, 10 images)",third_party_analyst_screenshot,UNKNOWN - owner to supply,UNKNOWN - owner to supply,"Underdog Fantasy ADP (best-ball), 2026",2026,RB,33,Jonathon Brooks,Jonathon Brooks,,Receptions,volume,binary_vs_avg,72.22,No,red,-3,Y,high,"programmatic cell-fill sampling, validated vs published colour counts"
RB_FACTOR_GRID_2026,"Analyst colour-coded RB factor grid (screenshots, 10 images)",third_party_analyst_screenshot,UNKNOWN - owner to supply,UNKNOWN - owner to supply,"Underdog Fantasy ADP (best-ball), 2026",2026,RB,33,Jonathon Brooks,Jonathon Brooks,,Total Touches,volume,binary_vs_avg,365.90,No,red,-3,Y,high,"programmatic cell-fill sampling, validated vs published colour counts"
RB_FACTOR_GRID_2026,"Analyst colour-coded RB factor grid (screenshots, 10 images)",third_party_analyst_screenshot,UNKNOWN - owner to supply,UNKNOWN - owner to supply,"Underdog Fantasy ADP (best-ball), 2026",2026,RB,33,Jonathon Brooks,Jonathon Brooks,,Touchdowns,volume,binary_vs_avg,16.73,No,red,-3,Y,high,"programmatic cell-fill sampling, validated vs published colour counts"
RB_FACTOR_GRID_2026,"Analyst colour-coded RB factor grid (screenshots, 10 images)",third_party_analyst_screenshot,UNKNOWN - owner to supply,UNKNOWN - owner to supply,"Underdog Fantasy ADP (best-ball), 2026",2026,RB,33,Jonathon Brooks,Jonathon Brooks,,Offensive Rank in PPG,situational,binary_vs_avg,9.50,No,red,-3,Y,high,"programmatic cell-fill sampling, validated vs published colour counts"
RB_FACTOR_GRID_2026,"Analyst colour-coded RB factor grid (screenshots, 10 images)",third_party_analyst_screenshot,UNKNOWN - owner to supply,UNKNOWN - owner to supply,"Underdog Fantasy ADP (best-ball), 2026",2026,RB,33,Jonathon Brooks,Jonathon Brooks,,PFF Run Blocking Grade,situational,binary_vs_avg,9.88,Yes,green,5,Y,high,"programmatic cell-fill sampling, validated vs published colour counts"
RB_FACTOR_GRID_2026,"Analyst colour-coded RB factor grid (screenshots, 10 images)",third_party_analyst_screenshot,UNKNOWN - owner to supply,UNKNOWN - owner to supply,"Underdog Fantasy ADP (best-ball), 2026",2026,RB,33,Jonathon Brooks,Jonathon Brooks,,Teams Wins,situational,binary_vs_avg,9.85,?,orange,-1,Y,high,"programmatic cell-fill sampling, validated vs published colour counts"
RB_FACTOR_GRID_2026,"Analyst colour-coded RB factor grid (screenshots, 10 images)",third_party_analyst_screenshot,UNKNOWN - owner to supply,UNKNOWN - owner to supply,"Underdog Fantasy ADP (best-ball), 2026",2026,RB,33,Jonathon Brooks,Jonathon Brooks,,Age,situational,binary_vs_avg,24.94,Yes,yellow,3,Y,high,"programmatic cell-fill sampling, validated vs published colour counts"
RB_FACTOR_GRID_2026,"Analyst colour-coded RB factor grid (screenshots, 10 images)",third_party_analyst_screenshot,UNKNOWN - owner to supply,UNKNOWN - owner to supply,"Underdog Fantasy ADP (best-ball), 2026",2026,RB,33,Jonathon Brooks,Jonathon Brooks,,Efficiency (Yards per Carry),situational,binary_vs_avg,4.89,?,orange,-1,Y,high,"programmatic cell-fill sampling, validated vs published colour counts"
RB_FACTOR_GRID_2026,"Analyst colour-coded RB factor grid (screenshots, 10 images)",third_party_analyst_screenshot,UNKNOWN - owner to supply,UNKNOWN - owner to supply,"Underdog Fantasy ADP (best-ball), 2026",2026,RB,33,Jonathon Brooks,Jonathon Brooks,,Efficiency (Yards per Touch),situational,binary_vs_avg,5.82,Yes,yellow,3,Y,high,"programmatic cell-fill sampling, validated vs published colour counts"
RB_FACTOR_GRID_2026,"Analyst colour-coded RB factor grid (screenshots, 10 images)",third_party_analyst_screenshot,UNKNOWN - owner to supply,UNKNOWN - owner to supply,"Underdog Fantasy ADP (best-ball), 2026",2026,RB,33,Jonathon Brooks,Jonathon Brooks,,Archetype,classification,archetype,N/A,Breakout Candidate,orange,-1,Y,high,"programmatic cell-fill sampling, validated vs published colour counts"
RB_FACTOR_GRID_2026,"Analyst colour-coded RB factor grid (screenshots, 10 images)",third_party_analyst_screenshot,UNKNOWN - owner to supply,UNKNOWN - owner to supply,"Underdog Fantasy ADP (best-ball), 2026",2026,RB,33,Jonathon Brooks,Jonathon Brooks,,Age & Injury,classification,injury,MC/SC/C,Concerned,red,-3,Y,high,"programmatic cell-fill sampling, validated vs published colour counts"
RB_FACTOR_GRID_2026,"Analyst colour-coded RB factor grid (screenshots, 10 images)",third_party_analyst_screenshot,UNKNOWN - owner to supply,UNKNOWN - owner to supply,"Underdog Fantasy ADP (best-ball), 2026",2026,RB,34,Blake Corum,Blake Corum,,Carries,volume,binary_vs_avg,293.79,No,red,-3,Y,high,"programmatic cell-fill sampling, validated vs published colour counts"
RB_FACTOR_GRID_2026,"Analyst colour-coded RB factor grid (screenshots, 10 images)",third_party_analyst_screenshot,UNKNOWN - owner to supply,UNKNOWN - owner to supply,"Underdog Fantasy ADP (best-ball), 2026",2026,RB,34,Blake Corum,Blake Corum,,Targets,volume,binary_vs_avg,92.49,No,red,-3,Y,high,"programmatic cell-fill sampling, validated vs published colour counts"
RB_FACTOR_GRID_2026,"Analyst colour-coded RB factor grid (screenshots, 10 images)",third_party_analyst_screenshot,UNKNOWN - owner to supply,UNKNOWN - owner to supply,"Underdog Fantasy ADP (best-ball), 2026",2026,RB,34,Blake Corum,Blake Corum,,Receptions,volume,binary_vs_avg,72.22,No,red,-3,Y,high,"programmatic cell-fill sampling, validated vs published colour counts"
RB_FACTOR_GRID_2026,"Analyst colour-coded RB factor grid (screenshots, 10 images)",third_party_analyst_screenshot,UNKNOWN - owner to supply,UNKNOWN - owner to supply,"Underdog Fantasy ADP (best-ball), 2026",2026,RB,34,Blake Corum,Blake Corum,,Total Touches,volume,binary_vs_avg,365.90,No,red,-3,Y,high,"programmatic cell-fill sampling, validated vs published colour counts"
RB_FACTOR_GRID_2026,"Analyst colour-coded RB factor grid (screenshots, 10 images)",third_party_analyst_screenshot,UNKNOWN - owner to supply,UNKNOWN - owner to supply,"Underdog Fantasy ADP (best-ball), 2026",2026,RB,34,Blake Corum,Blake Corum,,Touchdowns,volume,binary_vs_avg,16.73,No,red,-3,Y,high,"programmatic cell-fill sampling, validated vs published colour counts"
RB_FACTOR_GRID_2026,"Analyst colour-coded RB factor grid (screenshots, 10 images)",third_party_analyst_screenshot,UNKNOWN - owner to supply,UNKNOWN - owner to supply,"Underdog Fantasy ADP (best-ball), 2026",2026,RB,34,Blake Corum,Blake Corum,,Offensive Rank in PPG,situational,binary_vs_avg,9.50,Yes,green,5,Y,high,"programmatic cell-fill sampling, validated vs published colour counts"
RB_FACTOR_GRID_2026,"Analyst colour-coded RB factor grid (screenshots, 10 images)",third_party_analyst_screenshot,UNKNOWN - owner to supply,UNKNOWN - owner to supply,"Underdog Fantasy ADP (best-ball), 2026",2026,RB,34,Blake Corum,Blake Corum,,PFF Run Blocking Grade,situational,binary_vs_avg,9.88,Yes,green,5,Y,high,"programmatic cell-fill sampling, validated vs published colour counts"
RB_FACTOR_GRID_2026,"Analyst colour-coded RB factor grid (screenshots, 10 images)",third_party_analyst_screenshot,UNKNOWN - owner to supply,UNKNOWN - owner to supply,"Underdog Fantasy ADP (best-ball), 2026",2026,RB,34,Blake Corum,Blake Corum,,Teams Wins,situational,binary_vs_avg,9.85,Yes,green,5,Y,high,"programmatic cell-fill sampling, validated vs published colour counts"
RB_FACTOR_GRID_2026,"Analyst colour-coded RB factor grid (screenshots, 10 images)",third_party_analyst_screenshot,UNKNOWN - owner to supply,UNKNOWN - owner to supply,"Underdog Fantasy ADP (best-ball), 2026",2026,RB,34,Blake Corum,Blake Corum,,Age,situational,binary_vs_avg,24.94,Yes,green,5,Y,high,"programmatic cell-fill sampling, validated vs published colour counts"
RB_FACTOR_GRID_2026,"Analyst colour-coded RB factor grid (screenshots, 10 images)",third_party_analyst_screenshot,UNKNOWN - owner to supply,UNKNOWN - owner to supply,"Underdog Fantasy ADP (best-ball), 2026",2026,RB,34,Blake Corum,Blake Corum,,Efficiency (Yards per Carry),situational,binary_vs_avg,4.89,Yes,yellow,3,Y,high,"programmatic cell-fill sampling, validated vs published colour counts"
RB_FACTOR_GRID_2026,"Analyst colour-coded RB factor grid (screenshots, 10 images)",third_party_analyst_screenshot,UNKNOWN - owner to supply,UNKNOWN - owner to supply,"Underdog Fantasy ADP (best-ball), 2026",2026,RB,34,Blake Corum,Blake Corum,,Efficiency (Yards per Touch),situational,binary_vs_avg,5.82,Yes,yellow,3,Y,high,"programmatic cell-fill sampling, validated vs published colour counts"
RB_FACTOR_GRID_2026,"Analyst colour-coded RB factor grid (screenshots, 10 images)",third_party_analyst_screenshot,UNKNOWN - owner to supply,UNKNOWN - owner to supply,"Underdog Fantasy ADP (best-ball), 2026",2026,RB,34,Blake Corum,Blake Corum,,Archetype,classification,archetype,N/A,Breakout Candidate,orange,-1,Y,high,"programmatic cell-fill sampling, validated vs published colour counts"
RB_FACTOR_GRID_2026,"Analyst colour-coded RB factor grid (screenshots, 10 images)",third_party_analyst_screenshot,UNKNOWN - owner to supply,UNKNOWN - owner to supply,"Underdog Fantasy ADP (best-ball), 2026",2026,RB,34,Blake Corum,Blake Corum,,Age & Injury,classification,injury,MC/SC/C,Minimal Concerns,yellow,3,Y,high,"programmatic cell-fill sampling, validated vs published colour counts"
RB_FACTOR_GRID_2026,"Analyst colour-coded RB factor grid (screenshots, 10 images)",third_party_analyst_screenshot,UNKNOWN - owner to supply,UNKNOWN - owner to supply,"Underdog Fantasy ADP (best-ball), 2026",2026,RB,35,JK Dobbins,J.K. Dobbins,,Carries,volume,binary_vs_avg,293.79,No,red,-3,Y,high,"programmatic cell-fill sampling, validated vs published colour counts"
RB_FACTOR_GRID_2026,"Analyst colour-coded RB factor grid (screenshots, 10 images)",third_party_analyst_screenshot,UNKNOWN - owner to supply,UNKNOWN - owner to supply,"Underdog Fantasy ADP (best-ball), 2026",2026,RB,35,JK Dobbins,J.K. Dobbins,,Targets,volume,binary_vs_avg,92.49,No,red,-3,Y,high,"programmatic cell-fill sampling, validated vs published colour counts"
RB_FACTOR_GRID_2026,"Analyst colour-coded RB factor grid (screenshots, 10 images)",third_party_analyst_screenshot,UNKNOWN - owner to supply,UNKNOWN - owner to supply,"Underdog Fantasy ADP (best-ball), 2026",2026,RB,35,JK Dobbins,J.K. Dobbins,,Receptions,volume,binary_vs_avg,72.22,No,red,-3,Y,high,"programmatic cell-fill sampling, validated vs published colour counts"
RB_FACTOR_GRID_2026,"Analyst colour-coded RB factor grid (screenshots, 10 images)",third_party_analyst_screenshot,UNKNOWN - owner to supply,UNKNOWN - owner to supply,"Underdog Fantasy ADP (best-ball), 2026",2026,RB,35,JK Dobbins,J.K. Dobbins,,Total Touches,volume,binary_vs_avg,365.90,No,red,-3,Y,high,"programmatic cell-fill sampling, validated vs published colour counts"
RB_FACTOR_GRID_2026,"Analyst colour-coded RB factor grid (screenshots, 10 images)",third_party_analyst_screenshot,UNKNOWN - owner to supply,UNKNOWN - owner to supply,"Underdog Fantasy ADP (best-ball), 2026",2026,RB,35,JK Dobbins,J.K. Dobbins,,Touchdowns,volume,binary_vs_avg,16.73,No,red,-3,Y,high,"programmatic cell-fill sampling, validated vs published colour counts"
RB_FACTOR_GRID_2026,"Analyst colour-coded RB factor grid (screenshots, 10 images)",third_party_analyst_screenshot,UNKNOWN - owner to supply,UNKNOWN - owner to supply,"Underdog Fantasy ADP (best-ball), 2026",2026,RB,35,JK Dobbins,J.K. Dobbins,,Offensive Rank in PPG,situational,binary_vs_avg,9.50,Yes,yellow,3,Y,high,"programmatic cell-fill sampling, validated vs published colour counts"
RB_FACTOR_GRID_2026,"Analyst colour-coded RB factor grid (screenshots, 10 images)",third_party_analyst_screenshot,UNKNOWN - owner to supply,UNKNOWN - owner to supply,"Underdog Fantasy ADP (best-ball), 2026",2026,RB,35,JK Dobbins,J.K. Dobbins,,PFF Run Blocking Grade,situational,binary_vs_avg,9.88,Yes,green,5,Y,high,"programmatic cell-fill sampling, validated vs published colour counts"
RB_FACTOR_GRID_2026,"Analyst colour-coded RB factor grid (screenshots, 10 images)",third_party_analyst_screenshot,UNKNOWN - owner to supply,UNKNOWN - owner to supply,"Underdog Fantasy ADP (best-ball), 2026",2026,RB,35,JK Dobbins,J.K. Dobbins,,Teams Wins,situational,binary_vs_avg,9.85,Yes,green,5,Y,high,"programmatic cell-fill sampling, validated vs published colour counts"
RB_FACTOR_GRID_2026,"Analyst colour-coded RB factor grid (screenshots, 10 images)",third_party_analyst_screenshot,UNKNOWN - owner to supply,UNKNOWN - owner to supply,"Underdog Fantasy ADP (best-ball), 2026",2026,RB,35,JK Dobbins,J.K. Dobbins,,Age,situational,binary_vs_avg,24.94,Yes,yellow,3,Y,high,"programmatic cell-fill sampling, validated vs published colour counts"
RB_FACTOR_GRID_2026,"Analyst colour-coded RB factor grid (screenshots, 10 images)",third_party_analyst_screenshot,UNKNOWN - owner to supply,UNKNOWN - owner to supply,"Underdog Fantasy ADP (best-ball), 2026",2026,RB,35,JK Dobbins,J.K. Dobbins,,Efficiency (Yards per Carry),situational,binary_vs_avg,4.89,Yes,yellow,3,Y,high,"programmatic cell-fill sampling, validated vs published colour counts"
RB_FACTOR_GRID_2026,"Analyst colour-coded RB factor grid (screenshots, 10 images)",third_party_analyst_screenshot,UNKNOWN - owner to supply,UNKNOWN - owner to supply,"Underdog Fantasy ADP (best-ball), 2026",2026,RB,35,JK Dobbins,J.K. Dobbins,,Efficiency (Yards per Touch),situational,binary_vs_avg,5.82,No,red,-3,Y,high,"programmatic cell-fill sampling, validated vs published colour counts"
RB_FACTOR_GRID_2026,"Analyst colour-coded RB factor grid (screenshots, 10 images)",third_party_analyst_screenshot,UNKNOWN - owner to supply,UNKNOWN - owner to supply,"Underdog Fantasy ADP (best-ball), 2026",2026,RB,35,JK Dobbins,J.K. Dobbins,,Archetype,classification,archetype,N/A,Trusty Veteran,red,-3,Y,high,"programmatic cell-fill sampling, validated vs published colour counts"
RB_FACTOR_GRID_2026,"Analyst colour-coded RB factor grid (screenshots, 10 images)",third_party_analyst_screenshot,UNKNOWN - owner to supply,UNKNOWN - owner to supply,"Underdog Fantasy ADP (best-ball), 2026",2026,RB,35,JK Dobbins,J.K. Dobbins,,Age & Injury,classification,injury,MC/SC/C,Concerned,red,-3,Y,high,"programmatic cell-fill sampling, validated vs published colour counts"
RB_FACTOR_GRID_2026,"Analyst colour-coded RB factor grid (screenshots, 10 images)",third_party_analyst_screenshot,UNKNOWN - owner to supply,UNKNOWN - owner to supply,"Underdog Fantasy ADP (best-ball), 2026",2026,RB,36,Kyle Monangai,Kyle Monangai,,Carries,volume,binary_vs_avg,293.79,No,red,-3,Y,high,"programmatic cell-fill sampling, validated vs published colour counts"
RB_FACTOR_GRID_2026,"Analyst colour-coded RB factor grid (screenshots, 10 images)",third_party_analyst_screenshot,UNKNOWN - owner to supply,UNKNOWN - owner to supply,"Underdog Fantasy ADP (best-ball), 2026",2026,RB,36,Kyle Monangai,Kyle Monangai,,Targets,volume,binary_vs_avg,92.49,No,red,-3,Y,high,"programmatic cell-fill sampling, validated vs published colour counts"
RB_FACTOR_GRID_2026,"Analyst colour-coded RB factor grid (screenshots, 10 images)",third_party_analyst_screenshot,UNKNOWN - owner to supply,UNKNOWN - owner to supply,"Underdog Fantasy ADP (best-ball), 2026",2026,RB,36,Kyle Monangai,Kyle Monangai,,Receptions,volume,binary_vs_avg,72.22,No,red,-3,Y,high,"programmatic cell-fill sampling, validated vs published colour counts"
RB_FACTOR_GRID_2026,"Analyst colour-coded RB factor grid (screenshots, 10 images)",third_party_analyst_screenshot,UNKNOWN - owner to supply,UNKNOWN - owner to supply,"Underdog Fantasy ADP (best-ball), 2026",2026,RB,36,Kyle Monangai,Kyle Monangai,,Total Touches,volume,binary_vs_avg,365.90,No,red,-3,Y,high,"programmatic cell-fill sampling, validated vs published colour counts"
RB_FACTOR_GRID_2026,"Analyst colour-coded RB factor grid (screenshots, 10 images)",third_party_analyst_screenshot,UNKNOWN - owner to supply,UNKNOWN - owner to supply,"Underdog Fantasy ADP (best-ball), 2026",2026,RB,36,Kyle Monangai,Kyle Monangai,,Touchdowns,volume,binary_vs_avg,16.73,No,red,-3,Y,high,"programmatic cell-fill sampling, validated vs published colour counts"
RB_FACTOR_GRID_2026,"Analyst colour-coded RB factor grid (screenshots, 10 images)",third_party_analyst_screenshot,UNKNOWN - owner to supply,UNKNOWN - owner to supply,"Underdog Fantasy ADP (best-ball), 2026",2026,RB,36,Kyle Monangai,Kyle Monangai,,Offensive Rank in PPG,situational,binary_vs_avg,9.50,Yes,green,5,Y,high,"programmatic cell-fill sampling, validated vs published colour counts"
RB_FACTOR_GRID_2026,"Analyst colour-coded RB factor grid (screenshots, 10 images)",third_party_analyst_screenshot,UNKNOWN - owner to supply,UNKNOWN - owner to supply,"Underdog Fantasy ADP (best-ball), 2026",2026,RB,36,Kyle Monangai,Kyle Monangai,,PFF Run Blocking Grade,situational,binary_vs_avg,9.88,Yes,green,5,Y,high,"programmatic cell-fill sampling, validated vs published colour counts"
RB_FACTOR_GRID_2026,"Analyst colour-coded RB factor grid (screenshots, 10 images)",third_party_analyst_screenshot,UNKNOWN - owner to supply,UNKNOWN - owner to supply,"Underdog Fantasy ADP (best-ball), 2026",2026,RB,36,Kyle Monangai,Kyle Monangai,,Teams Wins,situational,binary_vs_avg,9.85,Yes,yellow,3,Y,high,"programmatic cell-fill sampling, validated vs published colour counts"
RB_FACTOR_GRID_2026,"Analyst colour-coded RB factor grid (screenshots, 10 images)",third_party_analyst_screenshot,UNKNOWN - owner to supply,UNKNOWN - owner to supply,"Underdog Fantasy ADP (best-ball), 2026",2026,RB,36,Kyle Monangai,Kyle Monangai,,Age,situational,binary_vs_avg,24.94,Yes,yellow,3,Y,high,"programmatic cell-fill sampling, validated vs published colour counts"
RB_FACTOR_GRID_2026,"Analyst colour-coded RB factor grid (screenshots, 10 images)",third_party_analyst_screenshot,UNKNOWN - owner to supply,UNKNOWN - owner to supply,"Underdog Fantasy ADP (best-ball), 2026",2026,RB,36,Kyle Monangai,Kyle Monangai,,Efficiency (Yards per Carry),situational,binary_vs_avg,4.89,Yes,yellow,3,Y,high,"programmatic cell-fill sampling, validated vs published colour counts"
RB_FACTOR_GRID_2026,"Analyst colour-coded RB factor grid (screenshots, 10 images)",third_party_analyst_screenshot,UNKNOWN - owner to supply,UNKNOWN - owner to supply,"Underdog Fantasy ADP (best-ball), 2026",2026,RB,36,Kyle Monangai,Kyle Monangai,,Efficiency (Yards per Touch),situational,binary_vs_avg,5.82,Yes,yellow,3,Y,high,"programmatic cell-fill sampling, validated vs published colour counts"
RB_FACTOR_GRID_2026,"Analyst colour-coded RB factor grid (screenshots, 10 images)",third_party_analyst_screenshot,UNKNOWN - owner to supply,UNKNOWN - owner to supply,"Underdog Fantasy ADP (best-ball), 2026",2026,RB,36,Kyle Monangai,Kyle Monangai,,Archetype,classification,archetype,N/A,Breakout Candidate,orange,-1,Y,high,"programmatic cell-fill sampling, validated vs published colour counts"
RB_FACTOR_GRID_2026,"Analyst colour-coded RB factor grid (screenshots, 10 images)",third_party_analyst_screenshot,UNKNOWN - owner to supply,UNKNOWN - owner to supply,"Underdog Fantasy ADP (best-ball), 2026",2026,RB,36,Kyle Monangai,Kyle Monangai,,Age & Injury,classification,injury,MC/SC/C,Minimal Concerns,yellow,3,Y,high,"programmatic cell-fill sampling, validated vs published colour counts"
