analysis_id,source,source_type,analyst,source_date,adp_basis,season,position,adp_position_rank,player_name_source,player_name_normalized,nfl_team,factor,factor_group,factor_kind,league_average_reference,response,color,color_points,counts_toward_score,extraction_confidence,extraction_method
TE_FACTOR_GRID_2026,"Analyst colour-coded TE factor grid (screenshots, 5 images)",third_party_analyst_screenshot,UNKNOWN - owner to supply,UNKNOWN - owner to supply,"Underdog Fantasy ADP (best-ball), 2026",2026,TE,1,Brock Bowers,Brock Bowers,,Targets,volume,binary_vs_avg,137.67,Yes,green,5,Y,high,"programmatic cell-fill sampling, validated vs published colour counts"
TE_FACTOR_GRID_2026,"Analyst colour-coded TE factor grid (screenshots, 5 images)",third_party_analyst_screenshot,UNKNOWN - owner to supply,UNKNOWN - owner to supply,"Underdog Fantasy ADP (best-ball), 2026",2026,TE,1,Brock Bowers,Brock Bowers,,Receptions,volume,binary_vs_avg,97.02,Yes,green,5,Y,high,"programmatic cell-fill sampling, validated vs published colour counts"
TE_FACTOR_GRID_2026,"Analyst colour-coded TE factor grid (screenshots, 5 images)",third_party_analyst_screenshot,UNKNOWN - owner to supply,UNKNOWN - owner to supply,"Underdog Fantasy ADP (best-ball), 2026",2026,TE,1,Brock Bowers,Brock Bowers,,Touchdowns,volume,binary_vs_avg,9.49,Yes,green,5,Y,high,"programmatic cell-fill sampling, validated vs published colour counts"
TE_FACTOR_GRID_2026,"Analyst colour-coded TE factor grid (screenshots, 5 images)",third_party_analyst_screenshot,UNKNOWN - owner to supply,UNKNOWN - owner to supply,"Underdog Fantasy ADP (best-ball), 2026",2026,TE,1,Brock Bowers,Brock Bowers,,Offensive Rank in PPG,situational,binary_vs_avg,11.78,?,orange,-1,Y,high,"programmatic cell-fill sampling, validated vs published colour counts"
TE_FACTOR_GRID_2026,"Analyst colour-coded TE factor grid (screenshots, 5 images)",third_party_analyst_screenshot,UNKNOWN - owner to supply,UNKNOWN - owner to supply,"Underdog Fantasy ADP (best-ball), 2026",2026,TE,1,Brock Bowers,Brock Bowers,,Quarterbacks Rank in QBR,situational,binary_vs_avg,9.70,No,red,-3,Y,high,"programmatic cell-fill sampling, validated vs published colour counts"
TE_FACTOR_GRID_2026,"Analyst colour-coded TE factor grid (screenshots, 5 images)",third_party_analyst_screenshot,UNKNOWN - owner to supply,UNKNOWN - owner to supply,"Underdog Fantasy ADP (best-ball), 2026",2026,TE,1,Brock Bowers,Brock Bowers,,Rank in Team Pass Attempts,situational,binary_vs_avg,11.81,No,red,-3,Y,high,"programmatic cell-fill sampling, validated vs published colour counts"
TE_FACTOR_GRID_2026,"Analyst colour-coded TE factor grid (screenshots, 5 images)",third_party_analyst_screenshot,UNKNOWN - owner to supply,UNKNOWN - owner to supply,"Underdog Fantasy ADP (best-ball), 2026",2026,TE,1,Brock Bowers,Brock Bowers,,Rank in Team Targets,situational,binary_vs_avg,1.43,Yes,green,5,Y,high,"programmatic cell-fill sampling, validated vs published colour counts"
TE_FACTOR_GRID_2026,"Analyst colour-coded TE factor grid (screenshots, 5 images)",third_party_analyst_screenshot,UNKNOWN - owner to supply,UNKNOWN - owner to supply,"Underdog Fantasy ADP (best-ball), 2026",2026,TE,1,Brock Bowers,Brock Bowers,,Rank in Receiving Touchdown,situational,binary_vs_avg,1.38,Yes,green,5,Y,high,"programmatic cell-fill sampling, validated vs published colour counts"
TE_FACTOR_GRID_2026,"Analyst colour-coded TE factor grid (screenshots, 5 images)",third_party_analyst_screenshot,UNKNOWN - owner to supply,UNKNOWN - owner to supply,"Underdog Fantasy ADP (best-ball), 2026",2026,TE,1,Brock Bowers,Brock Bowers,,Route Participation,situational,binary_vs_avg,79.8%,Yes,green,5,Y,high,"programmatic cell-fill sampling, validated vs published colour counts"
TE_FACTOR_GRID_2026,"Analyst colour-coded TE factor grid (screenshots, 5 images)",third_party_analyst_screenshot,UNKNOWN - owner to supply,UNKNOWN - owner to supply,"Underdog Fantasy ADP (best-ball), 2026",2026,TE,1,Brock Bowers,Brock Bowers,,In-line %,situational,binary_vs_avg,39.0%,Yes,green,5,Y,high,"programmatic cell-fill sampling, validated vs published colour counts"
TE_FACTOR_GRID_2026,"Analyst colour-coded TE factor grid (screenshots, 5 images)",third_party_analyst_screenshot,UNKNOWN - owner to supply,UNKNOWN - owner to supply,"Underdog Fantasy ADP (best-ball), 2026",2026,TE,1,Brock Bowers,Brock Bowers,,Rank in Yards per Route Run,situational,binary_vs_avg,5.14,Yes,green,5,Y,high,"programmatic cell-fill sampling, validated vs published colour counts"
TE_FACTOR_GRID_2026,"Analyst colour-coded TE factor grid (screenshots, 5 images)",third_party_analyst_screenshot,UNKNOWN - owner to supply,UNKNOWN - owner to supply,"Underdog Fantasy ADP (best-ball), 2026",2026,TE,1,Brock Bowers,Brock Bowers,,Injury/Age Concerns?,classification,injury,MC/SC/C,Minimal Concerns,yellow,3,Y,high,"programmatic cell-fill sampling, validated vs published colour counts"
TE_FACTOR_GRID_2026,"Analyst colour-coded TE factor grid (screenshots, 5 images)",third_party_analyst_screenshot,UNKNOWN - owner to supply,UNKNOWN - owner to supply,"Underdog Fantasy ADP (best-ball), 2026",2026,TE,2,Trey McBride,Trey McBride,,Targets,volume,binary_vs_avg,137.67,Yes,green,5,Y,high,"programmatic cell-fill sampling, validated vs published colour counts"
TE_FACTOR_GRID_2026,"Analyst colour-coded TE factor grid (screenshots, 5 images)",third_party_analyst_screenshot,UNKNOWN - owner to supply,UNKNOWN - owner to supply,"Underdog Fantasy ADP (best-ball), 2026",2026,TE,2,Trey McBride,Trey McBride,,Receptions,volume,binary_vs_avg,97.02,Yes,green,5,Y,high,"programmatic cell-fill sampling, validated vs published colour counts"
TE_FACTOR_GRID_2026,"Analyst colour-coded TE factor grid (screenshots, 5 images)",third_party_analyst_screenshot,UNKNOWN - owner to supply,UNKNOWN - owner to supply,"Underdog Fantasy ADP (best-ball), 2026",2026,TE,2,Trey McBride,Trey McBride,,Touchdowns,volume,binary_vs_avg,9.49,Yes,yellow,3,Y,high,"programmatic cell-fill sampling, validated vs published colour counts"
TE_FACTOR_GRID_2026,"Analyst colour-coded TE factor grid (screenshots, 5 images)",third_party_analyst_screenshot,UNKNOWN - owner to supply,UNKNOWN - owner to supply,"Underdog Fantasy ADP (best-ball), 2026",2026,TE,2,Trey McBride,Trey McBride,,Offensive Rank in PPG,situational,binary_vs_avg,11.78,?,orange,-1,Y,high,"programmatic cell-fill sampling, validated vs published colour counts"
TE_FACTOR_GRID_2026,"Analyst colour-coded TE factor grid (screenshots, 5 images)",third_party_analyst_screenshot,UNKNOWN - owner to supply,UNKNOWN - owner to supply,"Underdog Fantasy ADP (best-ball), 2026",2026,TE,2,Trey McBride,Trey McBride,,Quarterbacks Rank in QBR,situational,binary_vs_avg,9.70,No,red,-3,Y,high,"programmatic cell-fill sampling, validated vs published colour counts"
TE_FACTOR_GRID_2026,"Analyst colour-coded TE factor grid (screenshots, 5 images)",third_party_analyst_screenshot,UNKNOWN - owner to supply,UNKNOWN - owner to supply,"Underdog Fantasy ADP (best-ball), 2026",2026,TE,2,Trey McBride,Trey McBride,,Rank in Team Pass Attempts,situational,binary_vs_avg,11.81,Yes,yellow,3,Y,high,"programmatic cell-fill sampling, validated vs published colour counts"
TE_FACTOR_GRID_2026,"Analyst colour-coded TE factor grid (screenshots, 5 images)",third_party_analyst_screenshot,UNKNOWN - owner to supply,UNKNOWN - owner to supply,"Underdog Fantasy ADP (best-ball), 2026",2026,TE,2,Trey McBride,Trey McBride,,Rank in Team Targets,situational,binary_vs_avg,1.43,Yes,green,5,Y,high,"programmatic cell-fill sampling, validated vs published colour counts"
TE_FACTOR_GRID_2026,"Analyst colour-coded TE factor grid (screenshots, 5 images)",third_party_analyst_screenshot,UNKNOWN - owner to supply,UNKNOWN - owner to supply,"Underdog Fantasy ADP (best-ball), 2026",2026,TE,2,Trey McBride,Trey McBride,,Rank in Receiving Touchdown,situational,binary_vs_avg,1.38,Yes,green,5,Y,high,"programmatic cell-fill sampling, validated vs published colour counts"
TE_FACTOR_GRID_2026,"Analyst colour-coded TE factor grid (screenshots, 5 images)",third_party_analyst_screenshot,UNKNOWN - owner to supply,UNKNOWN - owner to supply,"Underdog Fantasy ADP (best-ball), 2026",2026,TE,2,Trey McBride,Trey McBride,,Route Participation,situational,binary_vs_avg,79.8%,Yes,green,5,Y,high,"programmatic cell-fill sampling, validated vs published colour counts"
TE_FACTOR_GRID_2026,"Analyst colour-coded TE factor grid (screenshots, 5 images)",third_party_analyst_screenshot,UNKNOWN - owner to supply,UNKNOWN - owner to supply,"Underdog Fantasy ADP (best-ball), 2026",2026,TE,2,Trey McBride,Trey McBride,,In-line %,situational,binary_vs_avg,39.0%,Yes,green,5,Y,high,"programmatic cell-fill sampling, validated vs published colour counts"
TE_FACTOR_GRID_2026,"Analyst colour-coded TE factor grid (screenshots, 5 images)",third_party_analyst_screenshot,UNKNOWN - owner to supply,UNKNOWN - owner to supply,"Underdog Fantasy ADP (best-ball), 2026",2026,TE,2,Trey McBride,Trey McBride,,Rank in Yards per Route Run,situational,binary_vs_avg,5.14,Yes,green,5,Y,high,"programmatic cell-fill sampling, validated vs published colour counts"
TE_FACTOR_GRID_2026,"Analyst colour-coded TE factor grid (screenshots, 5 images)",third_party_analyst_screenshot,UNKNOWN - owner to supply,UNKNOWN - owner to supply,"Underdog Fantasy ADP (best-ball), 2026",2026,TE,2,Trey McBride,Trey McBride,,Injury/Age Concerns?,classification,injury,MC/SC/C,Minimal Concerns,yellow,3,Y,high,"programmatic cell-fill sampling, validated vs published colour counts"
TE_FACTOR_GRID_2026,"Analyst colour-coded TE factor grid (screenshots, 5 images)",third_party_analyst_screenshot,UNKNOWN - owner to supply,UNKNOWN - owner to supply,"Underdog Fantasy ADP (best-ball), 2026",2026,TE,3,Colston Loveland,Colston Loveland,,Targets,volume,binary_vs_avg,137.67,Yes,yellow,3,Y,high,"programmatic cell-fill sampling, validated vs published colour counts"
TE_FACTOR_GRID_2026,"Analyst colour-coded TE factor grid (screenshots, 5 images)",third_party_analyst_screenshot,UNKNOWN - owner to supply,UNKNOWN - owner to supply,"Underdog Fantasy ADP (best-ball), 2026",2026,TE,3,Colston Loveland,Colston Loveland,,Receptions,volume,binary_vs_avg,97.02,Yes,yellow,3,Y,high,"programmatic cell-fill sampling, validated vs published colour counts"
TE_FACTOR_GRID_2026,"Analyst colour-coded TE factor grid (screenshots, 5 images)",third_party_analyst_screenshot,UNKNOWN - owner to supply,UNKNOWN - owner to supply,"Underdog Fantasy ADP (best-ball), 2026",2026,TE,3,Colston Loveland,Colston Loveland,,Touchdowns,volume,binary_vs_avg,9.49,Yes,yellow,3,Y,high,"programmatic cell-fill sampling, validated vs published colour counts"
TE_FACTOR_GRID_2026,"Analyst colour-coded TE factor grid (screenshots, 5 images)",third_party_analyst_screenshot,UNKNOWN - owner to supply,UNKNOWN - owner to supply,"Underdog Fantasy ADP (best-ball), 2026",2026,TE,3,Colston Loveland,Colston Loveland,,Offensive Rank in PPG,situational,binary_vs_avg,11.78,Yes,green,5,Y,high,"programmatic cell-fill sampling, validated vs published colour counts"
TE_FACTOR_GRID_2026,"Analyst colour-coded TE factor grid (screenshots, 5 images)",third_party_analyst_screenshot,UNKNOWN - owner to supply,UNKNOWN - owner to supply,"Underdog Fantasy ADP (best-ball), 2026",2026,TE,3,Colston Loveland,Colston Loveland,,Quarterbacks Rank in QBR,situational,binary_vs_avg,9.70,Yes,yellow,3,Y,high,"programmatic cell-fill sampling, validated vs published colour counts"
TE_FACTOR_GRID_2026,"Analyst colour-coded TE factor grid (screenshots, 5 images)",third_party_analyst_screenshot,UNKNOWN - owner to supply,UNKNOWN - owner to supply,"Underdog Fantasy ADP (best-ball), 2026",2026,TE,3,Colston Loveland,Colston Loveland,,Rank in Team Pass Attempts,situational,binary_vs_avg,11.81,Yes,yellow,3,Y,high,"programmatic cell-fill sampling, validated vs published colour counts"
TE_FACTOR_GRID_2026,"Analyst colour-coded TE factor grid (screenshots, 5 images)",third_party_analyst_screenshot,UNKNOWN - owner to supply,UNKNOWN - owner to supply,"Underdog Fantasy ADP (best-ball), 2026",2026,TE,3,Colston Loveland,Colston Loveland,,Rank in Team Targets,situational,binary_vs_avg,1.43,Yes,green,5,Y,high,"programmatic cell-fill sampling, validated vs published colour counts"
TE_FACTOR_GRID_2026,"Analyst colour-coded TE factor grid (screenshots, 5 images)",third_party_analyst_screenshot,UNKNOWN - owner to supply,UNKNOWN - owner to supply,"Underdog Fantasy ADP (best-ball), 2026",2026,TE,3,Colston Loveland,Colston Loveland,,Rank in Receiving Touchdown,situational,binary_vs_avg,1.38,Yes,green,5,Y,high,"programmatic cell-fill sampling, validated vs published colour counts"
TE_FACTOR_GRID_2026,"Analyst colour-coded TE factor grid (screenshots, 5 images)",third_party_analyst_screenshot,UNKNOWN - owner to supply,UNKNOWN - owner to supply,"Underdog Fantasy ADP (best-ball), 2026",2026,TE,3,Colston Loveland,Colston Loveland,,Route Participation,situational,binary_vs_avg,79.8%,?,orange,-1,Y,high,"programmatic cell-fill sampling, validated vs published colour counts"
TE_FACTOR_GRID_2026,"Analyst colour-coded TE factor grid (screenshots, 5 images)",third_party_analyst_screenshot,UNKNOWN - owner to supply,UNKNOWN - owner to supply,"Underdog Fantasy ADP (best-ball), 2026",2026,TE,3,Colston Loveland,Colston Loveland,,In-line %,situational,binary_vs_avg,39.0%,Yes,yellow,3,Y,high,"programmatic cell-fill sampling, validated vs published colour counts"
TE_FACTOR_GRID_2026,"Analyst colour-coded TE factor grid (screenshots, 5 images)",third_party_analyst_screenshot,UNKNOWN - owner to supply,UNKNOWN - owner to supply,"Underdog Fantasy ADP (best-ball), 2026",2026,TE,3,Colston Loveland,Colston Loveland,,Rank in Yards per Route Run,situational,binary_vs_avg,5.14,Yes,green,5,Y,high,"programmatic cell-fill sampling, validated vs published colour counts"
TE_FACTOR_GRID_2026,"Analyst colour-coded TE factor grid (screenshots, 5 images)",third_party_analyst_screenshot,UNKNOWN - owner to supply,UNKNOWN - owner to supply,"Underdog Fantasy ADP (best-ball), 2026",2026,TE,3,Colston Loveland,Colston Loveland,,Injury/Age Concerns?,classification,injury,MC/SC/C,Minimal Concerns,yellow,3,Y,high,"programmatic cell-fill sampling, validated vs published colour counts"
TE_FACTOR_GRID_2026,"Analyst colour-coded TE factor grid (screenshots, 5 images)",third_party_analyst_screenshot,UNKNOWN - owner to supply,UNKNOWN - owner to supply,"Underdog Fantasy ADP (best-ball), 2026",2026,TE,4,Tyler Warren,Tyler Warren,,Targets,volume,binary_vs_avg,137.67,Yes,yellow,3,Y,high,"programmatic cell-fill sampling, validated vs published colour counts"
TE_FACTOR_GRID_2026,"Analyst colour-coded TE factor grid (screenshots, 5 images)",third_party_analyst_screenshot,UNKNOWN - owner to supply,UNKNOWN - owner to supply,"Underdog Fantasy ADP (best-ball), 2026",2026,TE,4,Tyler Warren,Tyler Warren,,Receptions,volume,binary_vs_avg,97.02,Yes,yellow,3,Y,high,"programmatic cell-fill sampling, validated vs published colour counts"
TE_FACTOR_GRID_2026,"Analyst colour-coded TE factor grid (screenshots, 5 images)",third_party_analyst_screenshot,UNKNOWN - owner to supply,UNKNOWN - owner to supply,"Underdog Fantasy ADP (best-ball), 2026",2026,TE,4,Tyler Warren,Tyler Warren,,Touchdowns,volume,binary_vs_avg,9.49,Yes,yellow,3,Y,high,"programmatic cell-fill sampling, validated vs published colour counts"
TE_FACTOR_GRID_2026,"Analyst colour-coded TE factor grid (screenshots, 5 images)",third_party_analyst_screenshot,UNKNOWN - owner to supply,UNKNOWN - owner to supply,"Underdog Fantasy ADP (best-ball), 2026",2026,TE,4,Tyler Warren,Tyler Warren,,Offensive Rank in PPG,situational,binary_vs_avg,11.78,?,orange,-1,Y,high,"programmatic cell-fill sampling, validated vs published colour counts"
TE_FACTOR_GRID_2026,"Analyst colour-coded TE factor grid (screenshots, 5 images)",third_party_analyst_screenshot,UNKNOWN - owner to supply,UNKNOWN - owner to supply,"Underdog Fantasy ADP (best-ball), 2026",2026,TE,4,Tyler Warren,Tyler Warren,,Quarterbacks Rank in QBR,situational,binary_vs_avg,9.70,?,orange,-1,Y,high,"programmatic cell-fill sampling, validated vs published colour counts"
TE_FACTOR_GRID_2026,"Analyst colour-coded TE factor grid (screenshots, 5 images)",third_party_analyst_screenshot,UNKNOWN - owner to supply,UNKNOWN - owner to supply,"Underdog Fantasy ADP (best-ball), 2026",2026,TE,4,Tyler Warren,Tyler Warren,,Rank in Team Pass Attempts,situational,binary_vs_avg,11.81,No,red,-3,Y,high,"programmatic cell-fill sampling, validated vs published colour counts"
TE_FACTOR_GRID_2026,"Analyst colour-coded TE factor grid (screenshots, 5 images)",third_party_analyst_screenshot,UNKNOWN - owner to supply,UNKNOWN - owner to supply,"Underdog Fantasy ADP (best-ball), 2026",2026,TE,4,Tyler Warren,Tyler Warren,,Rank in Team Targets,situational,binary_vs_avg,1.43,Yes,green,5,Y,high,"programmatic cell-fill sampling, validated vs published colour counts"
TE_FACTOR_GRID_2026,"Analyst colour-coded TE factor grid (screenshots, 5 images)",third_party_analyst_screenshot,UNKNOWN - owner to supply,UNKNOWN - owner to supply,"Underdog Fantasy ADP (best-ball), 2026",2026,TE,4,Tyler Warren,Tyler Warren,,Rank in Receiving Touchdown,situational,binary_vs_avg,1.38,Yes,green,5,Y,high,"programmatic cell-fill sampling, validated vs published colour counts"
TE_FACTOR_GRID_2026,"Analyst colour-coded TE factor grid (screenshots, 5 images)",third_party_analyst_screenshot,UNKNOWN - owner to supply,UNKNOWN - owner to supply,"Underdog Fantasy ADP (best-ball), 2026",2026,TE,4,Tyler Warren,Tyler Warren,,Route Participation,situational,binary_vs_avg,79.8%,Yes,yellow,3,Y,high,"programmatic cell-fill sampling, validated vs published colour counts"
TE_FACTOR_GRID_2026,"Analyst colour-coded TE factor grid (screenshots, 5 images)",third_party_analyst_screenshot,UNKNOWN - owner to supply,UNKNOWN - owner to supply,"Underdog Fantasy ADP (best-ball), 2026",2026,TE,4,Tyler Warren,Tyler Warren,,In-line %,situational,binary_vs_avg,39.0%,Yes,yellow,3,Y,high,"programmatic cell-fill sampling, validated vs published colour counts"
TE_FACTOR_GRID_2026,"Analyst colour-coded TE factor grid (screenshots, 5 images)",third_party_analyst_screenshot,UNKNOWN - owner to supply,UNKNOWN - owner to supply,"Underdog Fantasy ADP (best-ball), 2026",2026,TE,4,Tyler Warren,Tyler Warren,,Rank in Yards per Route Run,situational,binary_vs_avg,5.14,Yes,yellow,3,Y,high,"programmatic cell-fill sampling, validated vs published colour counts"
TE_FACTOR_GRID_2026,"Analyst colour-coded TE factor grid (screenshots, 5 images)",third_party_analyst_screenshot,UNKNOWN - owner to supply,UNKNOWN - owner to supply,"Underdog Fantasy ADP (best-ball), 2026",2026,TE,4,Tyler Warren,Tyler Warren,,Injury/Age Concerns?,classification,injury,MC/SC/C,Minimal Concerns,yellow,3,Y,high,"programmatic cell-fill sampling, validated vs published colour counts"
TE_FACTOR_GRID_2026,"Analyst colour-coded TE factor grid (screenshots, 5 images)",third_party_analyst_screenshot,UNKNOWN - owner to supply,UNKNOWN - owner to supply,"Underdog Fantasy ADP (best-ball), 2026",2026,TE,5,Tucker Kraft,Tucker Kraft,,Targets,volume,binary_vs_avg,137.67,Yes,yellow,3,Y,high,"programmatic cell-fill sampling, validated vs published colour counts"
TE_FACTOR_GRID_2026,"Analyst colour-coded TE factor grid (screenshots, 5 images)",third_party_analyst_screenshot,UNKNOWN - owner to supply,UNKNOWN - owner to supply,"Underdog Fantasy ADP (best-ball), 2026",2026,TE,5,Tucker Kraft,Tucker Kraft,,Receptions,volume,binary_vs_avg,97.02,Yes,yellow,3,Y,high,"programmatic cell-fill sampling, validated vs published colour counts"
TE_FACTOR_GRID_2026,"Analyst colour-coded TE factor grid (screenshots, 5 images)",third_party_analyst_screenshot,UNKNOWN - owner to supply,UNKNOWN - owner to supply,"Underdog Fantasy ADP (best-ball), 2026",2026,TE,5,Tucker Kraft,Tucker Kraft,,Touchdowns,volume,binary_vs_avg,9.49,Yes,yellow,3,Y,high,"programmatic cell-fill sampling, validated vs published colour counts"
TE_FACTOR_GRID_2026,"Analyst colour-coded TE factor grid (screenshots, 5 images)",third_party_analyst_screenshot,UNKNOWN - owner to supply,UNKNOWN - owner to supply,"Underdog Fantasy ADP (best-ball), 2026",2026,TE,5,Tucker Kraft,Tucker Kraft,,Offensive Rank in PPG,situational,binary_vs_avg,11.78,Yes,yellow,3,Y,high,"programmatic cell-fill sampling, validated vs published colour counts"
TE_FACTOR_GRID_2026,"Analyst colour-coded TE factor grid (screenshots, 5 images)",third_party_analyst_screenshot,UNKNOWN - owner to supply,UNKNOWN - owner to supply,"Underdog Fantasy ADP (best-ball), 2026",2026,TE,5,Tucker Kraft,Tucker Kraft,,Quarterbacks Rank in QBR,situational,binary_vs_avg,9.70,Yes,yellow,3,Y,high,"programmatic cell-fill sampling, validated vs published colour counts"
TE_FACTOR_GRID_2026,"Analyst colour-coded TE factor grid (screenshots, 5 images)",third_party_analyst_screenshot,UNKNOWN - owner to supply,UNKNOWN - owner to supply,"Underdog Fantasy ADP (best-ball), 2026",2026,TE,5,Tucker Kraft,Tucker Kraft,,Rank in Team Pass Attempts,situational,binary_vs_avg,11.81,No,red,-3,Y,high,"programmatic cell-fill sampling, validated vs published colour counts"
TE_FACTOR_GRID_2026,"Analyst colour-coded TE factor grid (screenshots, 5 images)",third_party_analyst_screenshot,UNKNOWN - owner to supply,UNKNOWN - owner to supply,"Underdog Fantasy ADP (best-ball), 2026",2026,TE,5,Tucker Kraft,Tucker Kraft,,Rank in Team Targets,situational,binary_vs_avg,1.43,Yes,green,5,Y,high,"programmatic cell-fill sampling, validated vs published colour counts"
TE_FACTOR_GRID_2026,"Analyst colour-coded TE factor grid (screenshots, 5 images)",third_party_analyst_screenshot,UNKNOWN - owner to supply,UNKNOWN - owner to supply,"Underdog Fantasy ADP (best-ball), 2026",2026,TE,5,Tucker Kraft,Tucker Kraft,,Rank in Receiving Touchdown,situational,binary_vs_avg,1.38,Yes,green,5,Y,high,"programmatic cell-fill sampling, validated vs published colour counts"
TE_FACTOR_GRID_2026,"Analyst colour-coded TE factor grid (screenshots, 5 images)",third_party_analyst_screenshot,UNKNOWN - owner to supply,UNKNOWN - owner to supply,"Underdog Fantasy ADP (best-ball), 2026",2026,TE,5,Tucker Kraft,Tucker Kraft,,Route Participation,situational,binary_vs_avg,79.8%,Yes,yellow,3,Y,high,"programmatic cell-fill sampling, validated vs published colour counts"
TE_FACTOR_GRID_2026,"Analyst colour-coded TE factor grid (screenshots, 5 images)",third_party_analyst_screenshot,UNKNOWN - owner to supply,UNKNOWN - owner to supply,"Underdog Fantasy ADP (best-ball), 2026",2026,TE,5,Tucker Kraft,Tucker Kraft,,In-line %,situational,binary_vs_avg,39.0%,No,red,-3,Y,high,"programmatic cell-fill sampling, validated vs published colour counts"
TE_FACTOR_GRID_2026,"Analyst colour-coded TE factor grid (screenshots, 5 images)",third_party_analyst_screenshot,UNKNOWN - owner to supply,UNKNOWN - owner to supply,"Underdog Fantasy ADP (best-ball), 2026",2026,TE,5,Tucker Kraft,Tucker Kraft,,Rank in Yards per Route Run,situational,binary_vs_avg,5.14,Yes,green,5,Y,high,"programmatic cell-fill sampling, validated vs published colour counts"
TE_FACTOR_GRID_2026,"Analyst colour-coded TE factor grid (screenshots, 5 images)",third_party_analyst_screenshot,UNKNOWN - owner to supply,UNKNOWN - owner to supply,"Underdog Fantasy ADP (best-ball), 2026",2026,TE,5,Tucker Kraft,Tucker Kraft,,Injury/Age Concerns?,classification,injury,MC/SC/C,Concerned,red,-3,Y,high,"programmatic cell-fill sampling, validated vs published colour counts"
TE_FACTOR_GRID_2026,"Analyst colour-coded TE factor grid (screenshots, 5 images)",third_party_analyst_screenshot,UNKNOWN - owner to supply,UNKNOWN - owner to supply,"Underdog Fantasy ADP (best-ball), 2026",2026,TE,6,Sam LaPorta,Sam LaPorta,,Targets,volume,binary_vs_avg,137.67,Yes,yellow,3,Y,high,"programmatic cell-fill sampling, validated vs published colour counts"
TE_FACTOR_GRID_2026,"Analyst colour-coded TE factor grid (screenshots, 5 images)",third_party_analyst_screenshot,UNKNOWN - owner to supply,UNKNOWN - owner to supply,"Underdog Fantasy ADP (best-ball), 2026",2026,TE,6,Sam LaPorta,Sam LaPorta,,Receptions,volume,binary_vs_avg,97.02,Yes,yellow,3,Y,high,"programmatic cell-fill sampling, validated vs published colour counts"
TE_FACTOR_GRID_2026,"Analyst colour-coded TE factor grid (screenshots, 5 images)",third_party_analyst_screenshot,UNKNOWN - owner to supply,UNKNOWN - owner to supply,"Underdog Fantasy ADP (best-ball), 2026",2026,TE,6,Sam LaPorta,Sam LaPorta,,Touchdowns,volume,binary_vs_avg,9.49,Yes,yellow,3,Y,high,"programmatic cell-fill sampling, validated vs published colour counts"
TE_FACTOR_GRID_2026,"Analyst colour-coded TE factor grid (screenshots, 5 images)",third_party_analyst_screenshot,UNKNOWN - owner to supply,UNKNOWN - owner to supply,"Underdog Fantasy ADP (best-ball), 2026",2026,TE,6,Sam LaPorta,Sam LaPorta,,Offensive Rank in PPG,situational,binary_vs_avg,11.78,Yes,green,5,Y,high,"programmatic cell-fill sampling, validated vs published colour counts"
TE_FACTOR_GRID_2026,"Analyst colour-coded TE factor grid (screenshots, 5 images)",third_party_analyst_screenshot,UNKNOWN - owner to supply,UNKNOWN - owner to supply,"Underdog Fantasy ADP (best-ball), 2026",2026,TE,6,Sam LaPorta,Sam LaPorta,,Quarterbacks Rank in QBR,situational,binary_vs_avg,9.70,Yes,yellow,3,Y,high,"programmatic cell-fill sampling, validated vs published colour counts"
TE_FACTOR_GRID_2026,"Analyst colour-coded TE factor grid (screenshots, 5 images)",third_party_analyst_screenshot,UNKNOWN - owner to supply,UNKNOWN - owner to supply,"Underdog Fantasy ADP (best-ball), 2026",2026,TE,6,Sam LaPorta,Sam LaPorta,,Rank in Team Pass Attempts,situational,binary_vs_avg,11.81,Yes,yellow,3,Y,high,"programmatic cell-fill sampling, validated vs published colour counts"
TE_FACTOR_GRID_2026,"Analyst colour-coded TE factor grid (screenshots, 5 images)",third_party_analyst_screenshot,UNKNOWN - owner to supply,UNKNOWN - owner to supply,"Underdog Fantasy ADP (best-ball), 2026",2026,TE,6,Sam LaPorta,Sam LaPorta,,Rank in Team Targets,situational,binary_vs_avg,1.43,Yes,yellow,3,Y,high,"programmatic cell-fill sampling, validated vs published colour counts"
TE_FACTOR_GRID_2026,"Analyst colour-coded TE factor grid (screenshots, 5 images)",third_party_analyst_screenshot,UNKNOWN - owner to supply,UNKNOWN - owner to supply,"Underdog Fantasy ADP (best-ball), 2026",2026,TE,6,Sam LaPorta,Sam LaPorta,,Rank in Receiving Touchdown,situational,binary_vs_avg,1.38,Yes,green,5,Y,high,"programmatic cell-fill sampling, validated vs published colour counts"
TE_FACTOR_GRID_2026,"Analyst colour-coded TE factor grid (screenshots, 5 images)",third_party_analyst_screenshot,UNKNOWN - owner to supply,UNKNOWN - owner to supply,"Underdog Fantasy ADP (best-ball), 2026",2026,TE,6,Sam LaPorta,Sam LaPorta,,Route Participation,situational,binary_vs_avg,79.8%,Yes,yellow,3,Y,high,"programmatic cell-fill sampling, validated vs published colour counts"
TE_FACTOR_GRID_2026,"Analyst colour-coded TE factor grid (screenshots, 5 images)",third_party_analyst_screenshot,UNKNOWN - owner to supply,UNKNOWN - owner to supply,"Underdog Fantasy ADP (best-ball), 2026",2026,TE,6,Sam LaPorta,Sam LaPorta,,In-line %,situational,binary_vs_avg,39.0%,Yes,yellow,3,Y,high,"programmatic cell-fill sampling, validated vs published colour counts"
TE_FACTOR_GRID_2026,"Analyst colour-coded TE factor grid (screenshots, 5 images)",third_party_analyst_screenshot,UNKNOWN - owner to supply,UNKNOWN - owner to supply,"Underdog Fantasy ADP (best-ball), 2026",2026,TE,6,Sam LaPorta,Sam LaPorta,,Rank in Yards per Route Run,situational,binary_vs_avg,5.14,Yes,green,5,Y,high,"programmatic cell-fill sampling, validated vs published colour counts"
TE_FACTOR_GRID_2026,"Analyst colour-coded TE factor grid (screenshots, 5 images)",third_party_analyst_screenshot,UNKNOWN - owner to supply,UNKNOWN - owner to supply,"Underdog Fantasy ADP (best-ball), 2026",2026,TE,6,Sam LaPorta,Sam LaPorta,,Injury/Age Concerns?,classification,injury,MC/SC/C,Some Concern,orange,-1,Y,high,"programmatic cell-fill sampling, validated vs published colour counts"
TE_FACTOR_GRID_2026,"Analyst colour-coded TE factor grid (screenshots, 5 images)",third_party_analyst_screenshot,UNKNOWN - owner to supply,UNKNOWN - owner to supply,"Underdog Fantasy ADP (best-ball), 2026",2026,TE,7,Harold Fannin,Harold Fannin Jr.,,Targets,volume,binary_vs_avg,137.67,Yes,yellow,3,Y,high,"programmatic cell-fill sampling, validated vs published colour counts"
TE_FACTOR_GRID_2026,"Analyst colour-coded TE factor grid (screenshots, 5 images)",third_party_analyst_screenshot,UNKNOWN - owner to supply,UNKNOWN - owner to supply,"Underdog Fantasy ADP (best-ball), 2026",2026,TE,7,Harold Fannin,Harold Fannin Jr.,,Receptions,volume,binary_vs_avg,97.02,Yes,yellow,3,Y,high,"programmatic cell-fill sampling, validated vs published colour counts"
TE_FACTOR_GRID_2026,"Analyst colour-coded TE factor grid (screenshots, 5 images)",third_party_analyst_screenshot,UNKNOWN - owner to supply,UNKNOWN - owner to supply,"Underdog Fantasy ADP (best-ball), 2026",2026,TE,7,Harold Fannin,Harold Fannin Jr.,,Touchdowns,volume,binary_vs_avg,9.49,?,orange,-1,Y,high,"programmatic cell-fill sampling, validated vs published colour counts"
TE_FACTOR_GRID_2026,"Analyst colour-coded TE factor grid (screenshots, 5 images)",third_party_analyst_screenshot,UNKNOWN - owner to supply,UNKNOWN - owner to supply,"Underdog Fantasy ADP (best-ball), 2026",2026,TE,7,Harold Fannin,Harold Fannin Jr.,,Offensive Rank in PPG,situational,binary_vs_avg,11.78,No,red,-3,Y,high,"programmatic cell-fill sampling, validated vs published colour counts"
TE_FACTOR_GRID_2026,"Analyst colour-coded TE factor grid (screenshots, 5 images)",third_party_analyst_screenshot,UNKNOWN - owner to supply,UNKNOWN - owner to supply,"Underdog Fantasy ADP (best-ball), 2026",2026,TE,7,Harold Fannin,Harold Fannin Jr.,,Quarterbacks Rank in QBR,situational,binary_vs_avg,9.70,No,red,-3,Y,high,"programmatic cell-fill sampling, validated vs published colour counts"
TE_FACTOR_GRID_2026,"Analyst colour-coded TE factor grid (screenshots, 5 images)",third_party_analyst_screenshot,UNKNOWN - owner to supply,UNKNOWN - owner to supply,"Underdog Fantasy ADP (best-ball), 2026",2026,TE,7,Harold Fannin,Harold Fannin Jr.,,Rank in Team Pass Attempts,situational,binary_vs_avg,11.81,?,orange,-1,Y,high,"programmatic cell-fill sampling, validated vs published colour counts"
TE_FACTOR_GRID_2026,"Analyst colour-coded TE factor grid (screenshots, 5 images)",third_party_analyst_screenshot,UNKNOWN - owner to supply,UNKNOWN - owner to supply,"Underdog Fantasy ADP (best-ball), 2026",2026,TE,7,Harold Fannin,Harold Fannin Jr.,,Rank in Team Targets,situational,binary_vs_avg,1.43,Yes,green,5,Y,high,"programmatic cell-fill sampling, validated vs published colour counts"
TE_FACTOR_GRID_2026,"Analyst colour-coded TE factor grid (screenshots, 5 images)",third_party_analyst_screenshot,UNKNOWN - owner to supply,UNKNOWN - owner to supply,"Underdog Fantasy ADP (best-ball), 2026",2026,TE,7,Harold Fannin,Harold Fannin Jr.,,Rank in Receiving Touchdown,situational,binary_vs_avg,1.38,Yes,green,5,Y,high,"programmatic cell-fill sampling, validated vs published colour counts"
TE_FACTOR_GRID_2026,"Analyst colour-coded TE factor grid (screenshots, 5 images)",third_party_analyst_screenshot,UNKNOWN - owner to supply,UNKNOWN - owner to supply,"Underdog Fantasy ADP (best-ball), 2026",2026,TE,7,Harold Fannin,Harold Fannin Jr.,,Route Participation,situational,binary_vs_avg,79.8%,Yes,yellow,3,Y,high,"programmatic cell-fill sampling, validated vs published colour counts"
TE_FACTOR_GRID_2026,"Analyst colour-coded TE factor grid (screenshots, 5 images)",third_party_analyst_screenshot,UNKNOWN - owner to supply,UNKNOWN - owner to supply,"Underdog Fantasy ADP (best-ball), 2026",2026,TE,7,Harold Fannin,Harold Fannin Jr.,,In-line %,situational,binary_vs_avg,39.0%,Yes,yellow,3,Y,high,"programmatic cell-fill sampling, validated vs published colour counts"
TE_FACTOR_GRID_2026,"Analyst colour-coded TE factor grid (screenshots, 5 images)",third_party_analyst_screenshot,UNKNOWN - owner to supply,UNKNOWN - owner to supply,"Underdog Fantasy ADP (best-ball), 2026",2026,TE,7,Harold Fannin,Harold Fannin Jr.,,Rank in Yards per Route Run,situational,binary_vs_avg,5.14,Yes,yellow,3,Y,high,"programmatic cell-fill sampling, validated vs published colour counts"
TE_FACTOR_GRID_2026,"Analyst colour-coded TE factor grid (screenshots, 5 images)",third_party_analyst_screenshot,UNKNOWN - owner to supply,UNKNOWN - owner to supply,"Underdog Fantasy ADP (best-ball), 2026",2026,TE,7,Harold Fannin,Harold Fannin Jr.,,Injury/Age Concerns?,classification,injury,MC/SC/C,Minimal Concerns,yellow,3,Y,high,"programmatic cell-fill sampling, validated vs published colour counts"
TE_FACTOR_GRID_2026,"Analyst colour-coded TE factor grid (screenshots, 5 images)",third_party_analyst_screenshot,UNKNOWN - owner to supply,UNKNOWN - owner to supply,"Underdog Fantasy ADP (best-ball), 2026",2026,TE,8,Kyle Pitts,Kyle Pitts,,Targets,volume,binary_vs_avg,137.67,Yes,yellow,3,Y,high,"programmatic cell-fill sampling, validated vs published colour counts"
TE_FACTOR_GRID_2026,"Analyst colour-coded TE factor grid (screenshots, 5 images)",third_party_analyst_screenshot,UNKNOWN - owner to supply,UNKNOWN - owner to supply,"Underdog Fantasy ADP (best-ball), 2026",2026,TE,8,Kyle Pitts,Kyle Pitts,,Receptions,volume,binary_vs_avg,97.02,Yes,yellow,3,Y,high,"programmatic cell-fill sampling, validated vs published colour counts"
TE_FACTOR_GRID_2026,"Analyst colour-coded TE factor grid (screenshots, 5 images)",third_party_analyst_screenshot,UNKNOWN - owner to supply,UNKNOWN - owner to supply,"Underdog Fantasy ADP (best-ball), 2026",2026,TE,8,Kyle Pitts,Kyle Pitts,,Touchdowns,volume,binary_vs_avg,9.49,?,orange,-1,Y,high,"programmatic cell-fill sampling, validated vs published colour counts"
TE_FACTOR_GRID_2026,"Analyst colour-coded TE factor grid (screenshots, 5 images)",third_party_analyst_screenshot,UNKNOWN - owner to supply,UNKNOWN - owner to supply,"Underdog Fantasy ADP (best-ball), 2026",2026,TE,8,Kyle Pitts,Kyle Pitts,,Offensive Rank in PPG,situational,binary_vs_avg,11.78,Yes,yellow,3,Y,high,"programmatic cell-fill sampling, validated vs published colour counts"
TE_FACTOR_GRID_2026,"Analyst colour-coded TE factor grid (screenshots, 5 images)",third_party_analyst_screenshot,UNKNOWN - owner to supply,UNKNOWN - owner to supply,"Underdog Fantasy ADP (best-ball), 2026",2026,TE,8,Kyle Pitts,Kyle Pitts,,Quarterbacks Rank in QBR,situational,binary_vs_avg,9.70,?,orange,-1,Y,high,"programmatic cell-fill sampling, validated vs published colour counts"
TE_FACTOR_GRID_2026,"Analyst colour-coded TE factor grid (screenshots, 5 images)",third_party_analyst_screenshot,UNKNOWN - owner to supply,UNKNOWN - owner to supply,"Underdog Fantasy ADP (best-ball), 2026",2026,TE,8,Kyle Pitts,Kyle Pitts,,Rank in Team Pass Attempts,situational,binary_vs_avg,11.81,?,orange,-1,Y,high,"programmatic cell-fill sampling, validated vs published colour counts"
TE_FACTOR_GRID_2026,"Analyst colour-coded TE factor grid (screenshots, 5 images)",third_party_analyst_screenshot,UNKNOWN - owner to supply,UNKNOWN - owner to supply,"Underdog Fantasy ADP (best-ball), 2026",2026,TE,8,Kyle Pitts,Kyle Pitts,,Rank in Team Targets,situational,binary_vs_avg,1.43,Yes,yellow,3,Y,high,"programmatic cell-fill sampling, validated vs published colour counts"
TE_FACTOR_GRID_2026,"Analyst colour-coded TE factor grid (screenshots, 5 images)",third_party_analyst_screenshot,UNKNOWN - owner to supply,UNKNOWN - owner to supply,"Underdog Fantasy ADP (best-ball), 2026",2026,TE,8,Kyle Pitts,Kyle Pitts,,Rank in Receiving Touchdown,situational,binary_vs_avg,1.38,Yes,yellow,3,Y,high,"programmatic cell-fill sampling, validated vs published colour counts"
TE_FACTOR_GRID_2026,"Analyst colour-coded TE factor grid (screenshots, 5 images)",third_party_analyst_screenshot,UNKNOWN - owner to supply,UNKNOWN - owner to supply,"Underdog Fantasy ADP (best-ball), 2026",2026,TE,8,Kyle Pitts,Kyle Pitts,,Route Participation,situational,binary_vs_avg,79.8%,Yes,green,5,Y,high,"programmatic cell-fill sampling, validated vs published colour counts"
TE_FACTOR_GRID_2026,"Analyst colour-coded TE factor grid (screenshots, 5 images)",third_party_analyst_screenshot,UNKNOWN - owner to supply,UNKNOWN - owner to supply,"Underdog Fantasy ADP (best-ball), 2026",2026,TE,8,Kyle Pitts,Kyle Pitts,,In-line %,situational,binary_vs_avg,39.0%,Yes,yellow,3,Y,high,"programmatic cell-fill sampling, validated vs published colour counts"
TE_FACTOR_GRID_2026,"Analyst colour-coded TE factor grid (screenshots, 5 images)",third_party_analyst_screenshot,UNKNOWN - owner to supply,UNKNOWN - owner to supply,"Underdog Fantasy ADP (best-ball), 2026",2026,TE,8,Kyle Pitts,Kyle Pitts,,Rank in Yards per Route Run,situational,binary_vs_avg,5.14,Yes,yellow,3,Y,high,"programmatic cell-fill sampling, validated vs published colour counts"
TE_FACTOR_GRID_2026,"Analyst colour-coded TE factor grid (screenshots, 5 images)",third_party_analyst_screenshot,UNKNOWN - owner to supply,UNKNOWN - owner to supply,"Underdog Fantasy ADP (best-ball), 2026",2026,TE,8,Kyle Pitts,Kyle Pitts,,Injury/Age Concerns?,classification,injury,MC/SC/C,Minimal Concerns,yellow,3,Y,high,"programmatic cell-fill sampling, validated vs published colour counts"
TE_FACTOR_GRID_2026,"Analyst colour-coded TE factor grid (screenshots, 5 images)",third_party_analyst_screenshot,UNKNOWN - owner to supply,UNKNOWN - owner to supply,"Underdog Fantasy ADP (best-ball), 2026",2026,TE,9,George Kittle,George Kittle,,Targets,volume,binary_vs_avg,137.67,No,red,-3,Y,high,"programmatic cell-fill sampling, validated vs published colour counts"
TE_FACTOR_GRID_2026,"Analyst colour-coded TE factor grid (screenshots, 5 images)",third_party_analyst_screenshot,UNKNOWN - owner to supply,UNKNOWN - owner to supply,"Underdog Fantasy ADP (best-ball), 2026",2026,TE,9,George Kittle,George Kittle,,Receptions,volume,binary_vs_avg,97.02,?,orange,-1,Y,high,"programmatic cell-fill sampling, validated vs published colour counts"
TE_FACTOR_GRID_2026,"Analyst colour-coded TE factor grid (screenshots, 5 images)",third_party_analyst_screenshot,UNKNOWN - owner to supply,UNKNOWN - owner to supply,"Underdog Fantasy ADP (best-ball), 2026",2026,TE,9,George Kittle,George Kittle,,Touchdowns,volume,binary_vs_avg,9.49,?,orange,-1,Y,high,"programmatic cell-fill sampling, validated vs published colour counts"
TE_FACTOR_GRID_2026,"Analyst colour-coded TE factor grid (screenshots, 5 images)",third_party_analyst_screenshot,UNKNOWN - owner to supply,UNKNOWN - owner to supply,"Underdog Fantasy ADP (best-ball), 2026",2026,TE,9,George Kittle,George Kittle,,Offensive Rank in PPG,situational,binary_vs_avg,11.78,Yes,yellow,3,Y,high,"programmatic cell-fill sampling, validated vs published colour counts"
TE_FACTOR_GRID_2026,"Analyst colour-coded TE factor grid (screenshots, 5 images)",third_party_analyst_screenshot,UNKNOWN - owner to supply,UNKNOWN - owner to supply,"Underdog Fantasy ADP (best-ball), 2026",2026,TE,9,George Kittle,George Kittle,,Quarterbacks Rank in QBR,situational,binary_vs_avg,9.70,Yes,green,5,Y,high,"programmatic cell-fill sampling, validated vs published colour counts"
TE_FACTOR_GRID_2026,"Analyst colour-coded TE factor grid (screenshots, 5 images)",third_party_analyst_screenshot,UNKNOWN - owner to supply,UNKNOWN - owner to supply,"Underdog Fantasy ADP (best-ball), 2026",2026,TE,9,George Kittle,George Kittle,,Rank in Team Pass Attempts,situational,binary_vs_avg,11.81,No,red,-3,Y,high,"programmatic cell-fill sampling, validated vs published colour counts"
TE_FACTOR_GRID_2026,"Analyst colour-coded TE factor grid (screenshots, 5 images)",third_party_analyst_screenshot,UNKNOWN - owner to supply,UNKNOWN - owner to supply,"Underdog Fantasy ADP (best-ball), 2026",2026,TE,9,George Kittle,George Kittle,,Rank in Team Targets,situational,binary_vs_avg,1.43,Yes,yellow,3,Y,high,"programmatic cell-fill sampling, validated vs published colour counts"
TE_FACTOR_GRID_2026,"Analyst colour-coded TE factor grid (screenshots, 5 images)",third_party_analyst_screenshot,UNKNOWN - owner to supply,UNKNOWN - owner to supply,"Underdog Fantasy ADP (best-ball), 2026",2026,TE,9,George Kittle,George Kittle,,Rank in Receiving Touchdown,situational,binary_vs_avg,1.38,Yes,yellow,3,Y,high,"programmatic cell-fill sampling, validated vs published colour counts"
TE_FACTOR_GRID_2026,"Analyst colour-coded TE factor grid (screenshots, 5 images)",third_party_analyst_screenshot,UNKNOWN - owner to supply,UNKNOWN - owner to supply,"Underdog Fantasy ADP (best-ball), 2026",2026,TE,9,George Kittle,George Kittle,,Route Participation,situational,binary_vs_avg,79.8%,Yes,yellow,3,Y,high,"programmatic cell-fill sampling, validated vs published colour counts"
TE_FACTOR_GRID_2026,"Analyst colour-coded TE factor grid (screenshots, 5 images)",third_party_analyst_screenshot,UNKNOWN - owner to supply,UNKNOWN - owner to supply,"Underdog Fantasy ADP (best-ball), 2026",2026,TE,9,George Kittle,George Kittle,,In-line %,situational,binary_vs_avg,39.0%,No,red,-3,Y,high,"programmatic cell-fill sampling, validated vs published colour counts"
TE_FACTOR_GRID_2026,"Analyst colour-coded TE factor grid (screenshots, 5 images)",third_party_analyst_screenshot,UNKNOWN - owner to supply,UNKNOWN - owner to supply,"Underdog Fantasy ADP (best-ball), 2026",2026,TE,9,George Kittle,George Kittle,,Rank in Yards per Route Run,situational,binary_vs_avg,5.14,Yes,green,5,Y,high,"programmatic cell-fill sampling, validated vs published colour counts"
TE_FACTOR_GRID_2026,"Analyst colour-coded TE factor grid (screenshots, 5 images)",third_party_analyst_screenshot,UNKNOWN - owner to supply,UNKNOWN - owner to supply,"Underdog Fantasy ADP (best-ball), 2026",2026,TE,9,George Kittle,George Kittle,,Injury/Age Concerns?,classification,injury,MC/SC/C,Concerned,red,-3,Y,high,"programmatic cell-fill sampling, validated vs published colour counts"
TE_FACTOR_GRID_2026,"Analyst colour-coded TE factor grid (screenshots, 5 images)",third_party_analyst_screenshot,UNKNOWN - owner to supply,UNKNOWN - owner to supply,"Underdog Fantasy ADP (best-ball), 2026",2026,TE,10,Travis Kelce,Travis Kelce,,Targets,volume,binary_vs_avg,137.67,Yes,yellow,3,Y,high,"programmatic cell-fill sampling, validated vs published colour counts"
TE_FACTOR_GRID_2026,"Analyst colour-coded TE factor grid (screenshots, 5 images)",third_party_analyst_screenshot,UNKNOWN - owner to supply,UNKNOWN - owner to supply,"Underdog Fantasy ADP (best-ball), 2026",2026,TE,10,Travis Kelce,Travis Kelce,,Receptions,volume,binary_vs_avg,97.02,Yes,yellow,3,Y,high,"programmatic cell-fill sampling, validated vs published colour counts"
TE_FACTOR_GRID_2026,"Analyst colour-coded TE factor grid (screenshots, 5 images)",third_party_analyst_screenshot,UNKNOWN - owner to supply,UNKNOWN - owner to supply,"Underdog Fantasy ADP (best-ball), 2026",2026,TE,10,Travis Kelce,Travis Kelce,,Touchdowns,volume,binary_vs_avg,9.49,?,orange,-1,Y,high,"programmatic cell-fill sampling, validated vs published colour counts"
TE_FACTOR_GRID_2026,"Analyst colour-coded TE factor grid (screenshots, 5 images)",third_party_analyst_screenshot,UNKNOWN - owner to supply,UNKNOWN - owner to supply,"Underdog Fantasy ADP (best-ball), 2026",2026,TE,10,Travis Kelce,Travis Kelce,,Offensive Rank in PPG,situational,binary_vs_avg,11.78,Yes,yellow,3,Y,high,"programmatic cell-fill sampling, validated vs published colour counts"
TE_FACTOR_GRID_2026,"Analyst colour-coded TE factor grid (screenshots, 5 images)",third_party_analyst_screenshot,UNKNOWN - owner to supply,UNKNOWN - owner to supply,"Underdog Fantasy ADP (best-ball), 2026",2026,TE,10,Travis Kelce,Travis Kelce,,Quarterbacks Rank in QBR,situational,binary_vs_avg,9.70,Yes,green,5,Y,high,"programmatic cell-fill sampling, validated vs published colour counts"
TE_FACTOR_GRID_2026,"Analyst colour-coded TE factor grid (screenshots, 5 images)",third_party_analyst_screenshot,UNKNOWN - owner to supply,UNKNOWN - owner to supply,"Underdog Fantasy ADP (best-ball), 2026",2026,TE,10,Travis Kelce,Travis Kelce,,Rank in Team Pass Attempts,situational,binary_vs_avg,11.81,Yes,yellow,3,Y,high,"programmatic cell-fill sampling, validated vs published colour counts"
TE_FACTOR_GRID_2026,"Analyst colour-coded TE factor grid (screenshots, 5 images)",third_party_analyst_screenshot,UNKNOWN - owner to supply,UNKNOWN - owner to supply,"Underdog Fantasy ADP (best-ball), 2026",2026,TE,10,Travis Kelce,Travis Kelce,,Rank in Team Targets,situational,binary_vs_avg,1.43,?,orange,-1,Y,high,"programmatic cell-fill sampling, validated vs published colour counts"
TE_FACTOR_GRID_2026,"Analyst colour-coded TE factor grid (screenshots, 5 images)",third_party_analyst_screenshot,UNKNOWN - owner to supply,UNKNOWN - owner to supply,"Underdog Fantasy ADP (best-ball), 2026",2026,TE,10,Travis Kelce,Travis Kelce,,Rank in Receiving Touchdown,situational,binary_vs_avg,1.38,Yes,yellow,3,Y,high,"programmatic cell-fill sampling, validated vs published colour counts"
TE_FACTOR_GRID_2026,"Analyst colour-coded TE factor grid (screenshots, 5 images)",third_party_analyst_screenshot,UNKNOWN - owner to supply,UNKNOWN - owner to supply,"Underdog Fantasy ADP (best-ball), 2026",2026,TE,10,Travis Kelce,Travis Kelce,,Route Participation,situational,binary_vs_avg,79.8%,Yes,green,5,Y,high,"programmatic cell-fill sampling, validated vs published colour counts"
TE_FACTOR_GRID_2026,"Analyst colour-coded TE factor grid (screenshots, 5 images)",third_party_analyst_screenshot,UNKNOWN - owner to supply,UNKNOWN - owner to supply,"Underdog Fantasy ADP (best-ball), 2026",2026,TE,10,Travis Kelce,Travis Kelce,,In-line %,situational,binary_vs_avg,39.0%,Yes,yellow,3,Y,high,"programmatic cell-fill sampling, validated vs published colour counts"
TE_FACTOR_GRID_2026,"Analyst colour-coded TE factor grid (screenshots, 5 images)",third_party_analyst_screenshot,UNKNOWN - owner to supply,UNKNOWN - owner to supply,"Underdog Fantasy ADP (best-ball), 2026",2026,TE,10,Travis Kelce,Travis Kelce,,Rank in Yards per Route Run,situational,binary_vs_avg,5.14,?,orange,-1,Y,high,"programmatic cell-fill sampling, validated vs published colour counts"
TE_FACTOR_GRID_2026,"Analyst colour-coded TE factor grid (screenshots, 5 images)",third_party_analyst_screenshot,UNKNOWN - owner to supply,UNKNOWN - owner to supply,"Underdog Fantasy ADP (best-ball), 2026",2026,TE,10,Travis Kelce,Travis Kelce,,Injury/Age Concerns?,classification,injury,MC/SC/C,Some Concern,orange,-1,Y,high,"programmatic cell-fill sampling, validated vs published colour counts"
TE_FACTOR_GRID_2026,"Analyst colour-coded TE factor grid (screenshots, 5 images)",third_party_analyst_screenshot,UNKNOWN - owner to supply,UNKNOWN - owner to supply,"Underdog Fantasy ADP (best-ball), 2026",2026,TE,11,Mark Andrews,Mark Andrews,,Targets,volume,binary_vs_avg,137.67,No,red,-3,Y,high,"programmatic cell-fill sampling, validated vs published colour counts"
TE_FACTOR_GRID_2026,"Analyst colour-coded TE factor grid (screenshots, 5 images)",third_party_analyst_screenshot,UNKNOWN - owner to supply,UNKNOWN - owner to supply,"Underdog Fantasy ADP (best-ball), 2026",2026,TE,11,Mark Andrews,Mark Andrews,,Receptions,volume,binary_vs_avg,97.02,No,red,-3,Y,high,"programmatic cell-fill sampling, validated vs published colour counts"
TE_FACTOR_GRID_2026,"Analyst colour-coded TE factor grid (screenshots, 5 images)",third_party_analyst_screenshot,UNKNOWN - owner to supply,UNKNOWN - owner to supply,"Underdog Fantasy ADP (best-ball), 2026",2026,TE,11,Mark Andrews,Mark Andrews,,Touchdowns,volume,binary_vs_avg,9.49,Yes,yellow,3,Y,high,"programmatic cell-fill sampling, validated vs published colour counts"
TE_FACTOR_GRID_2026,"Analyst colour-coded TE factor grid (screenshots, 5 images)",third_party_analyst_screenshot,UNKNOWN - owner to supply,UNKNOWN - owner to supply,"Underdog Fantasy ADP (best-ball), 2026",2026,TE,11,Mark Andrews,Mark Andrews,,Offensive Rank in PPG,situational,binary_vs_avg,11.78,Yes,yellow,3,Y,high,"programmatic cell-fill sampling, validated vs published colour counts"
TE_FACTOR_GRID_2026,"Analyst colour-coded TE factor grid (screenshots, 5 images)",third_party_analyst_screenshot,UNKNOWN - owner to supply,UNKNOWN - owner to supply,"Underdog Fantasy ADP (best-ball), 2026",2026,TE,11,Mark Andrews,Mark Andrews,,Quarterbacks Rank in QBR,situational,binary_vs_avg,9.70,Yes,green,5,Y,high,"programmatic cell-fill sampling, validated vs published colour counts"
TE_FACTOR_GRID_2026,"Analyst colour-coded TE factor grid (screenshots, 5 images)",third_party_analyst_screenshot,UNKNOWN - owner to supply,UNKNOWN - owner to supply,"Underdog Fantasy ADP (best-ball), 2026",2026,TE,11,Mark Andrews,Mark Andrews,,Rank in Team Pass Attempts,situational,binary_vs_avg,11.81,?,orange,-1,Y,high,"programmatic cell-fill sampling, validated vs published colour counts"
TE_FACTOR_GRID_2026,"Analyst colour-coded TE factor grid (screenshots, 5 images)",third_party_analyst_screenshot,UNKNOWN - owner to supply,UNKNOWN - owner to supply,"Underdog Fantasy ADP (best-ball), 2026",2026,TE,11,Mark Andrews,Mark Andrews,,Rank in Team Targets,situational,binary_vs_avg,1.43,?,orange,-1,Y,high,"programmatic cell-fill sampling, validated vs published colour counts"
TE_FACTOR_GRID_2026,"Analyst colour-coded TE factor grid (screenshots, 5 images)",third_party_analyst_screenshot,UNKNOWN - owner to supply,UNKNOWN - owner to supply,"Underdog Fantasy ADP (best-ball), 2026",2026,TE,11,Mark Andrews,Mark Andrews,,Rank in Receiving Touchdown,situational,binary_vs_avg,1.38,Yes,green,5,Y,high,"programmatic cell-fill sampling, validated vs published colour counts"
TE_FACTOR_GRID_2026,"Analyst colour-coded TE factor grid (screenshots, 5 images)",third_party_analyst_screenshot,UNKNOWN - owner to supply,UNKNOWN - owner to supply,"Underdog Fantasy ADP (best-ball), 2026",2026,TE,11,Mark Andrews,Mark Andrews,,Route Participation,situational,binary_vs_avg,79.8%,Yes,yellow,3,Y,high,"programmatic cell-fill sampling, validated vs published colour counts"
TE_FACTOR_GRID_2026,"Analyst colour-coded TE factor grid (screenshots, 5 images)",third_party_analyst_screenshot,UNKNOWN - owner to supply,UNKNOWN - owner to supply,"Underdog Fantasy ADP (best-ball), 2026",2026,TE,11,Mark Andrews,Mark Andrews,,In-line %,situational,binary_vs_avg,39.0%,Yes,yellow,3,Y,high,"programmatic cell-fill sampling, validated vs published colour counts"
TE_FACTOR_GRID_2026,"Analyst colour-coded TE factor grid (screenshots, 5 images)",third_party_analyst_screenshot,UNKNOWN - owner to supply,UNKNOWN - owner to supply,"Underdog Fantasy ADP (best-ball), 2026",2026,TE,11,Mark Andrews,Mark Andrews,,Rank in Yards per Route Run,situational,binary_vs_avg,5.14,?,orange,-1,Y,high,"programmatic cell-fill sampling, validated vs published colour counts"
TE_FACTOR_GRID_2026,"Analyst colour-coded TE factor grid (screenshots, 5 images)",third_party_analyst_screenshot,UNKNOWN - owner to supply,UNKNOWN - owner to supply,"Underdog Fantasy ADP (best-ball), 2026",2026,TE,11,Mark Andrews,Mark Andrews,,Injury/Age Concerns?,classification,injury,MC/SC/C,Some Concern,orange,-1,Y,high,"programmatic cell-fill sampling, validated vs published colour counts"
TE_FACTOR_GRID_2026,"Analyst colour-coded TE factor grid (screenshots, 5 images)",third_party_analyst_screenshot,UNKNOWN - owner to supply,UNKNOWN - owner to supply,"Underdog Fantasy ADP (best-ball), 2026",2026,TE,12,Dalton Kincaid,Dalton Kincaid,,Targets,volume,binary_vs_avg,137.67,?,orange,-1,Y,high,"programmatic cell-fill sampling, validated vs published colour counts"
TE_FACTOR_GRID_2026,"Analyst colour-coded TE factor grid (screenshots, 5 images)",third_party_analyst_screenshot,UNKNOWN - owner to supply,UNKNOWN - owner to supply,"Underdog Fantasy ADP (best-ball), 2026",2026,TE,12,Dalton Kincaid,Dalton Kincaid,,Receptions,volume,binary_vs_avg,97.02,?,orange,-1,Y,high,"programmatic cell-fill sampling, validated vs published colour counts"
TE_FACTOR_GRID_2026,"Analyst colour-coded TE factor grid (screenshots, 5 images)",third_party_analyst_screenshot,UNKNOWN - owner to supply,UNKNOWN - owner to supply,"Underdog Fantasy ADP (best-ball), 2026",2026,TE,12,Dalton Kincaid,Dalton Kincaid,,Touchdowns,volume,binary_vs_avg,9.49,Yes,yellow,3,Y,high,"programmatic cell-fill sampling, validated vs published colour counts"
TE_FACTOR_GRID_2026,"Analyst colour-coded TE factor grid (screenshots, 5 images)",third_party_analyst_screenshot,UNKNOWN - owner to supply,UNKNOWN - owner to supply,"Underdog Fantasy ADP (best-ball), 2026",2026,TE,12,Dalton Kincaid,Dalton Kincaid,,Offensive Rank in PPG,situational,binary_vs_avg,11.78,Yes,green,5,Y,high,"programmatic cell-fill sampling, validated vs published colour counts"
TE_FACTOR_GRID_2026,"Analyst colour-coded TE factor grid (screenshots, 5 images)",third_party_analyst_screenshot,UNKNOWN - owner to supply,UNKNOWN - owner to supply,"Underdog Fantasy ADP (best-ball), 2026",2026,TE,12,Dalton Kincaid,Dalton Kincaid,,Quarterbacks Rank in QBR,situational,binary_vs_avg,9.70,Yes,green,5,Y,high,"programmatic cell-fill sampling, validated vs published colour counts"
TE_FACTOR_GRID_2026,"Analyst colour-coded TE factor grid (screenshots, 5 images)",third_party_analyst_screenshot,UNKNOWN - owner to supply,UNKNOWN - owner to supply,"Underdog Fantasy ADP (best-ball), 2026",2026,TE,12,Dalton Kincaid,Dalton Kincaid,,Rank in Team Pass Attempts,situational,binary_vs_avg,11.81,?,orange,-1,Y,high,"programmatic cell-fill sampling, validated vs published colour counts"
TE_FACTOR_GRID_2026,"Analyst colour-coded TE factor grid (screenshots, 5 images)",third_party_analyst_screenshot,UNKNOWN - owner to supply,UNKNOWN - owner to supply,"Underdog Fantasy ADP (best-ball), 2026",2026,TE,12,Dalton Kincaid,Dalton Kincaid,,Rank in Team Targets,situational,binary_vs_avg,1.43,Yes,green,5,Y,high,"programmatic cell-fill sampling, validated vs published colour counts"
TE_FACTOR_GRID_2026,"Analyst colour-coded TE factor grid (screenshots, 5 images)",third_party_analyst_screenshot,UNKNOWN - owner to supply,UNKNOWN - owner to supply,"Underdog Fantasy ADP (best-ball), 2026",2026,TE,12,Dalton Kincaid,Dalton Kincaid,,Rank in Receiving Touchdown,situational,binary_vs_avg,1.38,Yes,green,5,Y,high,"programmatic cell-fill sampling, validated vs published colour counts"
TE_FACTOR_GRID_2026,"Analyst colour-coded TE factor grid (screenshots, 5 images)",third_party_analyst_screenshot,UNKNOWN - owner to supply,UNKNOWN - owner to supply,"Underdog Fantasy ADP (best-ball), 2026",2026,TE,12,Dalton Kincaid,Dalton Kincaid,,Route Participation,situational,binary_vs_avg,79.8%,?,orange,-1,Y,high,"programmatic cell-fill sampling, validated vs published colour counts"
TE_FACTOR_GRID_2026,"Analyst colour-coded TE factor grid (screenshots, 5 images)",third_party_analyst_screenshot,UNKNOWN - owner to supply,UNKNOWN - owner to supply,"Underdog Fantasy ADP (best-ball), 2026",2026,TE,12,Dalton Kincaid,Dalton Kincaid,,In-line %,situational,binary_vs_avg,39.0%,Yes,green,5,Y,high,"programmatic cell-fill sampling, validated vs published colour counts"
TE_FACTOR_GRID_2026,"Analyst colour-coded TE factor grid (screenshots, 5 images)",third_party_analyst_screenshot,UNKNOWN - owner to supply,UNKNOWN - owner to supply,"Underdog Fantasy ADP (best-ball), 2026",2026,TE,12,Dalton Kincaid,Dalton Kincaid,,Rank in Yards per Route Run,situational,binary_vs_avg,5.14,Yes,green,5,Y,high,"programmatic cell-fill sampling, validated vs published colour counts"
TE_FACTOR_GRID_2026,"Analyst colour-coded TE factor grid (screenshots, 5 images)",third_party_analyst_screenshot,UNKNOWN - owner to supply,UNKNOWN - owner to supply,"Underdog Fantasy ADP (best-ball), 2026",2026,TE,12,Dalton Kincaid,Dalton Kincaid,,Injury/Age Concerns?,classification,injury,MC/SC/C,Some Concern,orange,-1,Y,high,"programmatic cell-fill sampling, validated vs published colour counts"
TE_FACTOR_GRID_2026,"Analyst colour-coded TE factor grid (screenshots, 5 images)",third_party_analyst_screenshot,UNKNOWN - owner to supply,UNKNOWN - owner to supply,"Underdog Fantasy ADP (best-ball), 2026",2026,TE,13,Isaiah Likely,Isaiah Likely,,Targets,volume,binary_vs_avg,137.67,?,orange,-1,Y,high,"programmatic cell-fill sampling, validated vs published colour counts"
TE_FACTOR_GRID_2026,"Analyst colour-coded TE factor grid (screenshots, 5 images)",third_party_analyst_screenshot,UNKNOWN - owner to supply,UNKNOWN - owner to supply,"Underdog Fantasy ADP (best-ball), 2026",2026,TE,13,Isaiah Likely,Isaiah Likely,,Receptions,volume,binary_vs_avg,97.02,?,orange,-1,Y,high,"programmatic cell-fill sampling, validated vs published colour counts"
TE_FACTOR_GRID_2026,"Analyst colour-coded TE factor grid (screenshots, 5 images)",third_party_analyst_screenshot,UNKNOWN - owner to supply,UNKNOWN - owner to supply,"Underdog Fantasy ADP (best-ball), 2026",2026,TE,13,Isaiah Likely,Isaiah Likely,,Touchdowns,volume,binary_vs_avg,9.49,Yes,yellow,3,Y,high,"programmatic cell-fill sampling, validated vs published colour counts"
TE_FACTOR_GRID_2026,"Analyst colour-coded TE factor grid (screenshots, 5 images)",third_party_analyst_screenshot,UNKNOWN - owner to supply,UNKNOWN - owner to supply,"Underdog Fantasy ADP (best-ball), 2026",2026,TE,13,Isaiah Likely,Isaiah Likely,,Offensive Rank in PPG,situational,binary_vs_avg,11.78,No,red,-3,Y,high,"programmatic cell-fill sampling, validated vs published colour counts"
TE_FACTOR_GRID_2026,"Analyst colour-coded TE factor grid (screenshots, 5 images)",third_party_analyst_screenshot,UNKNOWN - owner to supply,UNKNOWN - owner to supply,"Underdog Fantasy ADP (best-ball), 2026",2026,TE,13,Isaiah Likely,Isaiah Likely,,Quarterbacks Rank in QBR,situational,binary_vs_avg,9.70,?,orange,-1,Y,high,"programmatic cell-fill sampling, validated vs published colour counts"
TE_FACTOR_GRID_2026,"Analyst colour-coded TE factor grid (screenshots, 5 images)",third_party_analyst_screenshot,UNKNOWN - owner to supply,UNKNOWN - owner to supply,"Underdog Fantasy ADP (best-ball), 2026",2026,TE,13,Isaiah Likely,Isaiah Likely,,Rank in Team Pass Attempts,situational,binary_vs_avg,11.81,No,red,-3,Y,high,"programmatic cell-fill sampling, validated vs published colour counts"
TE_FACTOR_GRID_2026,"Analyst colour-coded TE factor grid (screenshots, 5 images)",third_party_analyst_screenshot,UNKNOWN - owner to supply,UNKNOWN - owner to supply,"Underdog Fantasy ADP (best-ball), 2026",2026,TE,13,Isaiah Likely,Isaiah Likely,,Rank in Team Targets,situational,binary_vs_avg,1.43,Yes,yellow,3,Y,high,"programmatic cell-fill sampling, validated vs published colour counts"
TE_FACTOR_GRID_2026,"Analyst colour-coded TE factor grid (screenshots, 5 images)",third_party_analyst_screenshot,UNKNOWN - owner to supply,UNKNOWN - owner to supply,"Underdog Fantasy ADP (best-ball), 2026",2026,TE,13,Isaiah Likely,Isaiah Likely,,Rank in Receiving Touchdown,situational,binary_vs_avg,1.38,Yes,yellow,3,Y,high,"programmatic cell-fill sampling, validated vs published colour counts"
TE_FACTOR_GRID_2026,"Analyst colour-coded TE factor grid (screenshots, 5 images)",third_party_analyst_screenshot,UNKNOWN - owner to supply,UNKNOWN - owner to supply,"Underdog Fantasy ADP (best-ball), 2026",2026,TE,13,Isaiah Likely,Isaiah Likely,,Route Participation,situational,binary_vs_avg,79.8%,Yes,yellow,3,Y,high,"programmatic cell-fill sampling, validated vs published colour counts"
TE_FACTOR_GRID_2026,"Analyst colour-coded TE factor grid (screenshots, 5 images)",third_party_analyst_screenshot,UNKNOWN - owner to supply,UNKNOWN - owner to supply,"Underdog Fantasy ADP (best-ball), 2026",2026,TE,13,Isaiah Likely,Isaiah Likely,,In-line %,situational,binary_vs_avg,39.0%,?,orange,-1,Y,high,"programmatic cell-fill sampling, validated vs published colour counts"
TE_FACTOR_GRID_2026,"Analyst colour-coded TE factor grid (screenshots, 5 images)",third_party_analyst_screenshot,UNKNOWN - owner to supply,UNKNOWN - owner to supply,"Underdog Fantasy ADP (best-ball), 2026",2026,TE,13,Isaiah Likely,Isaiah Likely,,Rank in Yards per Route Run,situational,binary_vs_avg,5.14,Yes,yellow,3,Y,high,"programmatic cell-fill sampling, validated vs published colour counts"
TE_FACTOR_GRID_2026,"Analyst colour-coded TE factor grid (screenshots, 5 images)",third_party_analyst_screenshot,UNKNOWN - owner to supply,UNKNOWN - owner to supply,"Underdog Fantasy ADP (best-ball), 2026",2026,TE,13,Isaiah Likely,Isaiah Likely,,Injury/Age Concerns?,classification,injury,MC/SC/C,Minimal Concerns,yellow,3,Y,high,"programmatic cell-fill sampling, validated vs published colour counts"
TE_FACTOR_GRID_2026,"Analyst colour-coded TE factor grid (screenshots, 5 images)",third_party_analyst_screenshot,UNKNOWN - owner to supply,UNKNOWN - owner to supply,"Underdog Fantasy ADP (best-ball), 2026",2026,TE,14,Jake Ferguson,Jake Ferguson,,Targets,volume,binary_vs_avg,137.67,?,orange,-1,Y,high,"programmatic cell-fill sampling, validated vs published colour counts"
TE_FACTOR_GRID_2026,"Analyst colour-coded TE factor grid (screenshots, 5 images)",third_party_analyst_screenshot,UNKNOWN - owner to supply,UNKNOWN - owner to supply,"Underdog Fantasy ADP (best-ball), 2026",2026,TE,14,Jake Ferguson,Jake Ferguson,,Receptions,volume,binary_vs_avg,97.02,?,orange,-1,Y,high,"programmatic cell-fill sampling, validated vs published colour counts"
TE_FACTOR_GRID_2026,"Analyst colour-coded TE factor grid (screenshots, 5 images)",third_party_analyst_screenshot,UNKNOWN - owner to supply,UNKNOWN - owner to supply,"Underdog Fantasy ADP (best-ball), 2026",2026,TE,14,Jake Ferguson,Jake Ferguson,,Touchdowns,volume,binary_vs_avg,9.49,Yes,yellow,3,Y,high,"programmatic cell-fill sampling, validated vs published colour counts"
TE_FACTOR_GRID_2026,"Analyst colour-coded TE factor grid (screenshots, 5 images)",third_party_analyst_screenshot,UNKNOWN - owner to supply,UNKNOWN - owner to supply,"Underdog Fantasy ADP (best-ball), 2026",2026,TE,14,Jake Ferguson,Jake Ferguson,,Offensive Rank in PPG,situational,binary_vs_avg,11.78,Yes,green,5,Y,high,"programmatic cell-fill sampling, validated vs published colour counts"
TE_FACTOR_GRID_2026,"Analyst colour-coded TE factor grid (screenshots, 5 images)",third_party_analyst_screenshot,UNKNOWN - owner to supply,UNKNOWN - owner to supply,"Underdog Fantasy ADP (best-ball), 2026",2026,TE,14,Jake Ferguson,Jake Ferguson,,Quarterbacks Rank in QBR,situational,binary_vs_avg,9.70,Yes,green,5,Y,high,"programmatic cell-fill sampling, validated vs published colour counts"
TE_FACTOR_GRID_2026,"Analyst colour-coded TE factor grid (screenshots, 5 images)",third_party_analyst_screenshot,UNKNOWN - owner to supply,UNKNOWN - owner to supply,"Underdog Fantasy ADP (best-ball), 2026",2026,TE,14,Jake Ferguson,Jake Ferguson,,Rank in Team Pass Attempts,situational,binary_vs_avg,11.81,Yes,green,5,Y,high,"programmatic cell-fill sampling, validated vs published colour counts"
TE_FACTOR_GRID_2026,"Analyst colour-coded TE factor grid (screenshots, 5 images)",third_party_analyst_screenshot,UNKNOWN - owner to supply,UNKNOWN - owner to supply,"Underdog Fantasy ADP (best-ball), 2026",2026,TE,14,Jake Ferguson,Jake Ferguson,,Rank in Team Targets,situational,binary_vs_avg,1.43,No,red,-3,Y,high,"programmatic cell-fill sampling, validated vs published colour counts"
TE_FACTOR_GRID_2026,"Analyst colour-coded TE factor grid (screenshots, 5 images)",third_party_analyst_screenshot,UNKNOWN - owner to supply,UNKNOWN - owner to supply,"Underdog Fantasy ADP (best-ball), 2026",2026,TE,14,Jake Ferguson,Jake Ferguson,,Rank in Receiving Touchdown,situational,binary_vs_avg,1.38,Yes,yellow,3,Y,high,"programmatic cell-fill sampling, validated vs published colour counts"
TE_FACTOR_GRID_2026,"Analyst colour-coded TE factor grid (screenshots, 5 images)",third_party_analyst_screenshot,UNKNOWN - owner to supply,UNKNOWN - owner to supply,"Underdog Fantasy ADP (best-ball), 2026",2026,TE,14,Jake Ferguson,Jake Ferguson,,Route Participation,situational,binary_vs_avg,79.8%,Yes,yellow,3,Y,high,"programmatic cell-fill sampling, validated vs published colour counts"
TE_FACTOR_GRID_2026,"Analyst colour-coded TE factor grid (screenshots, 5 images)",third_party_analyst_screenshot,UNKNOWN - owner to supply,UNKNOWN - owner to supply,"Underdog Fantasy ADP (best-ball), 2026",2026,TE,14,Jake Ferguson,Jake Ferguson,,In-line %,situational,binary_vs_avg,39.0%,Yes,yellow,3,Y,high,"programmatic cell-fill sampling, validated vs published colour counts"
TE_FACTOR_GRID_2026,"Analyst colour-coded TE factor grid (screenshots, 5 images)",third_party_analyst_screenshot,UNKNOWN - owner to supply,UNKNOWN - owner to supply,"Underdog Fantasy ADP (best-ball), 2026",2026,TE,14,Jake Ferguson,Jake Ferguson,,Rank in Yards per Route Run,situational,binary_vs_avg,5.14,No,red,-3,Y,high,"programmatic cell-fill sampling, validated vs published colour counts"
TE_FACTOR_GRID_2026,"Analyst colour-coded TE factor grid (screenshots, 5 images)",third_party_analyst_screenshot,UNKNOWN - owner to supply,UNKNOWN - owner to supply,"Underdog Fantasy ADP (best-ball), 2026",2026,TE,14,Jake Ferguson,Jake Ferguson,,Injury/Age Concerns?,classification,injury,MC/SC/C,Some Concern,orange,-1,Y,high,"programmatic cell-fill sampling, validated vs published colour counts"
TE_FACTOR_GRID_2026,"Analyst colour-coded TE factor grid (screenshots, 5 images)",third_party_analyst_screenshot,UNKNOWN - owner to supply,UNKNOWN - owner to supply,"Underdog Fantasy ADP (best-ball), 2026",2026,TE,15,Dallas Goedert,Dallas Goedert,,Targets,volume,binary_vs_avg,137.67,No,red,-3,Y,high,"programmatic cell-fill sampling, validated vs published colour counts"
TE_FACTOR_GRID_2026,"Analyst colour-coded TE factor grid (screenshots, 5 images)",third_party_analyst_screenshot,UNKNOWN - owner to supply,UNKNOWN - owner to supply,"Underdog Fantasy ADP (best-ball), 2026",2026,TE,15,Dallas Goedert,Dallas Goedert,,Receptions,volume,binary_vs_avg,97.02,No,red,-3,Y,high,"programmatic cell-fill sampling, validated vs published colour counts"
TE_FACTOR_GRID_2026,"Analyst colour-coded TE factor grid (screenshots, 5 images)",third_party_analyst_screenshot,UNKNOWN - owner to supply,UNKNOWN - owner to supply,"Underdog Fantasy ADP (best-ball), 2026",2026,TE,15,Dallas Goedert,Dallas Goedert,,Touchdowns,volume,binary_vs_avg,9.49,Yes,yellow,3,Y,high,"programmatic cell-fill sampling, validated vs published colour counts"
TE_FACTOR_GRID_2026,"Analyst colour-coded TE factor grid (screenshots, 5 images)",third_party_analyst_screenshot,UNKNOWN - owner to supply,UNKNOWN - owner to supply,"Underdog Fantasy ADP (best-ball), 2026",2026,TE,15,Dallas Goedert,Dallas Goedert,,Offensive Rank in PPG,situational,binary_vs_avg,11.78,Yes,yellow,3,Y,high,"programmatic cell-fill sampling, validated vs published colour counts"
TE_FACTOR_GRID_2026,"Analyst colour-coded TE factor grid (screenshots, 5 images)",third_party_analyst_screenshot,UNKNOWN - owner to supply,UNKNOWN - owner to supply,"Underdog Fantasy ADP (best-ball), 2026",2026,TE,15,Dallas Goedert,Dallas Goedert,,Quarterbacks Rank in QBR,situational,binary_vs_avg,9.70,?,orange,-1,Y,high,"programmatic cell-fill sampling, validated vs published colour counts"
TE_FACTOR_GRID_2026,"Analyst colour-coded TE factor grid (screenshots, 5 images)",third_party_analyst_screenshot,UNKNOWN - owner to supply,UNKNOWN - owner to supply,"Underdog Fantasy ADP (best-ball), 2026",2026,TE,15,Dallas Goedert,Dallas Goedert,,Rank in Team Pass Attempts,situational,binary_vs_avg,11.81,?,orange,-1,Y,high,"programmatic cell-fill sampling, validated vs published colour counts"
TE_FACTOR_GRID_2026,"Analyst colour-coded TE factor grid (screenshots, 5 images)",third_party_analyst_screenshot,UNKNOWN - owner to supply,UNKNOWN - owner to supply,"Underdog Fantasy ADP (best-ball), 2026",2026,TE,15,Dallas Goedert,Dallas Goedert,,Rank in Team Targets,situational,binary_vs_avg,1.43,?,orange,-1,Y,high,"programmatic cell-fill sampling, validated vs published colour counts"
TE_FACTOR_GRID_2026,"Analyst colour-coded TE factor grid (screenshots, 5 images)",third_party_analyst_screenshot,UNKNOWN - owner to supply,UNKNOWN - owner to supply,"Underdog Fantasy ADP (best-ball), 2026",2026,TE,15,Dallas Goedert,Dallas Goedert,,Rank in Receiving Touchdown,situational,binary_vs_avg,1.38,Yes,yellow,3,Y,high,"programmatic cell-fill sampling, validated vs published colour counts"
TE_FACTOR_GRID_2026,"Analyst colour-coded TE factor grid (screenshots, 5 images)",third_party_analyst_screenshot,UNKNOWN - owner to supply,UNKNOWN - owner to supply,"Underdog Fantasy ADP (best-ball), 2026",2026,TE,15,Dallas Goedert,Dallas Goedert,,Route Participation,situational,binary_vs_avg,79.8%,?,orange,-1,Y,high,"programmatic cell-fill sampling, validated vs published colour counts"
TE_FACTOR_GRID_2026,"Analyst colour-coded TE factor grid (screenshots, 5 images)",third_party_analyst_screenshot,UNKNOWN - owner to supply,UNKNOWN - owner to supply,"Underdog Fantasy ADP (best-ball), 2026",2026,TE,15,Dallas Goedert,Dallas Goedert,,In-line %,situational,binary_vs_avg,39.0%,Yes,yellow,3,Y,high,"programmatic cell-fill sampling, validated vs published colour counts"
TE_FACTOR_GRID_2026,"Analyst colour-coded TE factor grid (screenshots, 5 images)",third_party_analyst_screenshot,UNKNOWN - owner to supply,UNKNOWN - owner to supply,"Underdog Fantasy ADP (best-ball), 2026",2026,TE,15,Dallas Goedert,Dallas Goedert,,Rank in Yards per Route Run,situational,binary_vs_avg,5.14,?,orange,-1,Y,high,"programmatic cell-fill sampling, validated vs published colour counts"
TE_FACTOR_GRID_2026,"Analyst colour-coded TE factor grid (screenshots, 5 images)",third_party_analyst_screenshot,UNKNOWN - owner to supply,UNKNOWN - owner to supply,"Underdog Fantasy ADP (best-ball), 2026",2026,TE,15,Dallas Goedert,Dallas Goedert,,Injury/Age Concerns?,classification,injury,MC/SC/C,Minimal Concerns,yellow,3,Y,high,"programmatic cell-fill sampling, validated vs published colour counts"
TE_FACTOR_GRID_2026,"Analyst colour-coded TE factor grid (screenshots, 5 images)",third_party_analyst_screenshot,UNKNOWN - owner to supply,UNKNOWN - owner to supply,"Underdog Fantasy ADP (best-ball), 2026",2026,TE,16,Chig Okonkwo,Chigoziem Okonkwo,,Targets,volume,binary_vs_avg,137.67,No,red,-3,Y,high,"programmatic cell-fill sampling, validated vs published colour counts"
TE_FACTOR_GRID_2026,"Analyst colour-coded TE factor grid (screenshots, 5 images)",third_party_analyst_screenshot,UNKNOWN - owner to supply,UNKNOWN - owner to supply,"Underdog Fantasy ADP (best-ball), 2026",2026,TE,16,Chig Okonkwo,Chigoziem Okonkwo,,Receptions,volume,binary_vs_avg,97.02,No,red,-3,Y,high,"programmatic cell-fill sampling, validated vs published colour counts"
TE_FACTOR_GRID_2026,"Analyst colour-coded TE factor grid (screenshots, 5 images)",third_party_analyst_screenshot,UNKNOWN - owner to supply,UNKNOWN - owner to supply,"Underdog Fantasy ADP (best-ball), 2026",2026,TE,16,Chig Okonkwo,Chigoziem Okonkwo,,Touchdowns,volume,binary_vs_avg,9.49,Yes,yellow,3,Y,high,"programmatic cell-fill sampling, validated vs published colour counts"
TE_FACTOR_GRID_2026,"Analyst colour-coded TE factor grid (screenshots, 5 images)",third_party_analyst_screenshot,UNKNOWN - owner to supply,UNKNOWN - owner to supply,"Underdog Fantasy ADP (best-ball), 2026",2026,TE,16,Chig Okonkwo,Chigoziem Okonkwo,,Offensive Rank in PPG,situational,binary_vs_avg,11.78,Yes,yellow,3,Y,high,"programmatic cell-fill sampling, validated vs published colour counts"
TE_FACTOR_GRID_2026,"Analyst colour-coded TE factor grid (screenshots, 5 images)",third_party_analyst_screenshot,UNKNOWN - owner to supply,UNKNOWN - owner to supply,"Underdog Fantasy ADP (best-ball), 2026",2026,TE,16,Chig Okonkwo,Chigoziem Okonkwo,,Quarterbacks Rank in QBR,situational,binary_vs_avg,9.70,Yes,yellow,3,Y,high,"programmatic cell-fill sampling, validated vs published colour counts"
TE_FACTOR_GRID_2026,"Analyst colour-coded TE factor grid (screenshots, 5 images)",third_party_analyst_screenshot,UNKNOWN - owner to supply,UNKNOWN - owner to supply,"Underdog Fantasy ADP (best-ball), 2026",2026,TE,16,Chig Okonkwo,Chigoziem Okonkwo,,Rank in Team Pass Attempts,situational,binary_vs_avg,11.81,?,orange,-1,Y,high,"programmatic cell-fill sampling, validated vs published colour counts"
TE_FACTOR_GRID_2026,"Analyst colour-coded TE factor grid (screenshots, 5 images)",third_party_analyst_screenshot,UNKNOWN - owner to supply,UNKNOWN - owner to supply,"Underdog Fantasy ADP (best-ball), 2026",2026,TE,16,Chig Okonkwo,Chigoziem Okonkwo,,Rank in Team Targets,situational,binary_vs_avg,1.43,?,orange,-1,Y,high,"programmatic cell-fill sampling, validated vs published colour counts"
TE_FACTOR_GRID_2026,"Analyst colour-coded TE factor grid (screenshots, 5 images)",third_party_analyst_screenshot,UNKNOWN - owner to supply,UNKNOWN - owner to supply,"Underdog Fantasy ADP (best-ball), 2026",2026,TE,16,Chig Okonkwo,Chigoziem Okonkwo,,Rank in Receiving Touchdown,situational,binary_vs_avg,1.38,Yes,yellow,3,Y,high,"programmatic cell-fill sampling, validated vs published colour counts"
TE_FACTOR_GRID_2026,"Analyst colour-coded TE factor grid (screenshots, 5 images)",third_party_analyst_screenshot,UNKNOWN - owner to supply,UNKNOWN - owner to supply,"Underdog Fantasy ADP (best-ball), 2026",2026,TE,16,Chig Okonkwo,Chigoziem Okonkwo,,Route Participation,situational,binary_vs_avg,79.8%,?,orange,-1,Y,high,"programmatic cell-fill sampling, validated vs published colour counts"
TE_FACTOR_GRID_2026,"Analyst colour-coded TE factor grid (screenshots, 5 images)",third_party_analyst_screenshot,UNKNOWN - owner to supply,UNKNOWN - owner to supply,"Underdog Fantasy ADP (best-ball), 2026",2026,TE,16,Chig Okonkwo,Chigoziem Okonkwo,,In-line %,situational,binary_vs_avg,39.0%,Yes,yellow,3,Y,high,"programmatic cell-fill sampling, validated vs published colour counts"
TE_FACTOR_GRID_2026,"Analyst colour-coded TE factor grid (screenshots, 5 images)",third_party_analyst_screenshot,UNKNOWN - owner to supply,UNKNOWN - owner to supply,"Underdog Fantasy ADP (best-ball), 2026",2026,TE,16,Chig Okonkwo,Chigoziem Okonkwo,,Rank in Yards per Route Run,situational,binary_vs_avg,5.14,No,red,-3,Y,high,"programmatic cell-fill sampling, validated vs published colour counts"
TE_FACTOR_GRID_2026,"Analyst colour-coded TE factor grid (screenshots, 5 images)",third_party_analyst_screenshot,UNKNOWN - owner to supply,UNKNOWN - owner to supply,"Underdog Fantasy ADP (best-ball), 2026",2026,TE,16,Chig Okonkwo,Chigoziem Okonkwo,,Injury/Age Concerns?,classification,injury,MC/SC/C,Minimal Concerns,yellow,3,Y,high,"programmatic cell-fill sampling, validated vs published colour counts"
TE_FACTOR_GRID_2026,"Analyst colour-coded TE factor grid (screenshots, 5 images)",third_party_analyst_screenshot,UNKNOWN - owner to supply,UNKNOWN - owner to supply,"Underdog Fantasy ADP (best-ball), 2026",2026,TE,17,Oronde Gadsden,Oronde Gadsden II,,Targets,volume,binary_vs_avg,137.67,?,orange,-1,Y,high,"programmatic cell-fill sampling, validated vs published colour counts"
TE_FACTOR_GRID_2026,"Analyst colour-coded TE factor grid (screenshots, 5 images)",third_party_analyst_screenshot,UNKNOWN - owner to supply,UNKNOWN - owner to supply,"Underdog Fantasy ADP (best-ball), 2026",2026,TE,17,Oronde Gadsden,Oronde Gadsden II,,Receptions,volume,binary_vs_avg,97.02,?,orange,-1,Y,high,"programmatic cell-fill sampling, validated vs published colour counts"
TE_FACTOR_GRID_2026,"Analyst colour-coded TE factor grid (screenshots, 5 images)",third_party_analyst_screenshot,UNKNOWN - owner to supply,UNKNOWN - owner to supply,"Underdog Fantasy ADP (best-ball), 2026",2026,TE,17,Oronde Gadsden,Oronde Gadsden II,,Touchdowns,volume,binary_vs_avg,9.49,Yes,yellow,3,Y,high,"programmatic cell-fill sampling, validated vs published colour counts"
TE_FACTOR_GRID_2026,"Analyst colour-coded TE factor grid (screenshots, 5 images)",third_party_analyst_screenshot,UNKNOWN - owner to supply,UNKNOWN - owner to supply,"Underdog Fantasy ADP (best-ball), 2026",2026,TE,17,Oronde Gadsden,Oronde Gadsden II,,Offensive Rank in PPG,situational,binary_vs_avg,11.78,Yes,green,5,Y,high,"programmatic cell-fill sampling, validated vs published colour counts"
TE_FACTOR_GRID_2026,"Analyst colour-coded TE factor grid (screenshots, 5 images)",third_party_analyst_screenshot,UNKNOWN - owner to supply,UNKNOWN - owner to supply,"Underdog Fantasy ADP (best-ball), 2026",2026,TE,17,Oronde Gadsden,Oronde Gadsden II,,Quarterbacks Rank in QBR,situational,binary_vs_avg,9.70,Yes,green,5,Y,high,"programmatic cell-fill sampling, validated vs published colour counts"
TE_FACTOR_GRID_2026,"Analyst colour-coded TE factor grid (screenshots, 5 images)",third_party_analyst_screenshot,UNKNOWN - owner to supply,UNKNOWN - owner to supply,"Underdog Fantasy ADP (best-ball), 2026",2026,TE,17,Oronde Gadsden,Oronde Gadsden II,,Rank in Team Pass Attempts,situational,binary_vs_avg,11.81,Yes,yellow,3,Y,high,"programmatic cell-fill sampling, validated vs published colour counts"
TE_FACTOR_GRID_2026,"Analyst colour-coded TE factor grid (screenshots, 5 images)",third_party_analyst_screenshot,UNKNOWN - owner to supply,UNKNOWN - owner to supply,"Underdog Fantasy ADP (best-ball), 2026",2026,TE,17,Oronde Gadsden,Oronde Gadsden II,,Rank in Team Targets,situational,binary_vs_avg,1.43,?,orange,-1,Y,high,"programmatic cell-fill sampling, validated vs published colour counts"
TE_FACTOR_GRID_2026,"Analyst colour-coded TE factor grid (screenshots, 5 images)",third_party_analyst_screenshot,UNKNOWN - owner to supply,UNKNOWN - owner to supply,"Underdog Fantasy ADP (best-ball), 2026",2026,TE,17,Oronde Gadsden,Oronde Gadsden II,,Rank in Receiving Touchdown,situational,binary_vs_avg,1.38,Yes,yellow,3,Y,high,"programmatic cell-fill sampling, validated vs published colour counts"
TE_FACTOR_GRID_2026,"Analyst colour-coded TE factor grid (screenshots, 5 images)",third_party_analyst_screenshot,UNKNOWN - owner to supply,UNKNOWN - owner to supply,"Underdog Fantasy ADP (best-ball), 2026",2026,TE,17,Oronde Gadsden,Oronde Gadsden II,,Route Participation,situational,binary_vs_avg,79.8%,?,orange,-1,Y,high,"programmatic cell-fill sampling, validated vs published colour counts"
TE_FACTOR_GRID_2026,"Analyst colour-coded TE factor grid (screenshots, 5 images)",third_party_analyst_screenshot,UNKNOWN - owner to supply,UNKNOWN - owner to supply,"Underdog Fantasy ADP (best-ball), 2026",2026,TE,17,Oronde Gadsden,Oronde Gadsden II,,In-line %,situational,binary_vs_avg,39.0%,Yes,yellow,3,Y,high,"programmatic cell-fill sampling, validated vs published colour counts"
TE_FACTOR_GRID_2026,"Analyst colour-coded TE factor grid (screenshots, 5 images)",third_party_analyst_screenshot,UNKNOWN - owner to supply,UNKNOWN - owner to supply,"Underdog Fantasy ADP (best-ball), 2026",2026,TE,17,Oronde Gadsden,Oronde Gadsden II,,Rank in Yards per Route Run,situational,binary_vs_avg,5.14,Yes,yellow,3,Y,high,"programmatic cell-fill sampling, validated vs published colour counts"
TE_FACTOR_GRID_2026,"Analyst colour-coded TE factor grid (screenshots, 5 images)",third_party_analyst_screenshot,UNKNOWN - owner to supply,UNKNOWN - owner to supply,"Underdog Fantasy ADP (best-ball), 2026",2026,TE,17,Oronde Gadsden,Oronde Gadsden II,,Injury/Age Concerns?,classification,injury,MC/SC/C,Minimal Concerns,yellow,3,Y,high,"programmatic cell-fill sampling, validated vs published colour counts"
TE_FACTOR_GRID_2026,"Analyst colour-coded TE factor grid (screenshots, 5 images)",third_party_analyst_screenshot,UNKNOWN - owner to supply,UNKNOWN - owner to supply,"Underdog Fantasy ADP (best-ball), 2026",2026,TE,18,Brenton Strange,Brenton Strange,,Targets,volume,binary_vs_avg,137.67,No,red,-3,Y,high,"programmatic cell-fill sampling, validated vs published colour counts"
TE_FACTOR_GRID_2026,"Analyst colour-coded TE factor grid (screenshots, 5 images)",third_party_analyst_screenshot,UNKNOWN - owner to supply,UNKNOWN - owner to supply,"Underdog Fantasy ADP (best-ball), 2026",2026,TE,18,Brenton Strange,Brenton Strange,,Receptions,volume,binary_vs_avg,97.02,No,red,-3,Y,high,"programmatic cell-fill sampling, validated vs published colour counts"
TE_FACTOR_GRID_2026,"Analyst colour-coded TE factor grid (screenshots, 5 images)",third_party_analyst_screenshot,UNKNOWN - owner to supply,UNKNOWN - owner to supply,"Underdog Fantasy ADP (best-ball), 2026",2026,TE,18,Brenton Strange,Brenton Strange,,Touchdowns,volume,binary_vs_avg,9.49,Yes,yellow,3,Y,high,"programmatic cell-fill sampling, validated vs published colour counts"
TE_FACTOR_GRID_2026,"Analyst colour-coded TE factor grid (screenshots, 5 images)",third_party_analyst_screenshot,UNKNOWN - owner to supply,UNKNOWN - owner to supply,"Underdog Fantasy ADP (best-ball), 2026",2026,TE,18,Brenton Strange,Brenton Strange,,Offensive Rank in PPG,situational,binary_vs_avg,11.78,Yes,yellow,3,Y,high,"programmatic cell-fill sampling, validated vs published colour counts"
TE_FACTOR_GRID_2026,"Analyst colour-coded TE factor grid (screenshots, 5 images)",third_party_analyst_screenshot,UNKNOWN - owner to supply,UNKNOWN - owner to supply,"Underdog Fantasy ADP (best-ball), 2026",2026,TE,18,Brenton Strange,Brenton Strange,,Quarterbacks Rank in QBR,situational,binary_vs_avg,9.70,Yes,yellow,3,Y,high,"programmatic cell-fill sampling, validated vs published colour counts"
TE_FACTOR_GRID_2026,"Analyst colour-coded TE factor grid (screenshots, 5 images)",third_party_analyst_screenshot,UNKNOWN - owner to supply,UNKNOWN - owner to supply,"Underdog Fantasy ADP (best-ball), 2026",2026,TE,18,Brenton Strange,Brenton Strange,,Rank in Team Pass Attempts,situational,binary_vs_avg,11.81,Yes,yellow,3,Y,high,"programmatic cell-fill sampling, validated vs published colour counts"
TE_FACTOR_GRID_2026,"Analyst colour-coded TE factor grid (screenshots, 5 images)",third_party_analyst_screenshot,UNKNOWN - owner to supply,UNKNOWN - owner to supply,"Underdog Fantasy ADP (best-ball), 2026",2026,TE,18,Brenton Strange,Brenton Strange,,Rank in Team Targets,situational,binary_vs_avg,1.43,No,red,-3,Y,high,"programmatic cell-fill sampling, validated vs published colour counts"
TE_FACTOR_GRID_2026,"Analyst colour-coded TE factor grid (screenshots, 5 images)",third_party_analyst_screenshot,UNKNOWN - owner to supply,UNKNOWN - owner to supply,"Underdog Fantasy ADP (best-ball), 2026",2026,TE,18,Brenton Strange,Brenton Strange,,Rank in Receiving Touchdown,situational,binary_vs_avg,1.38,?,orange,-1,Y,high,"programmatic cell-fill sampling, validated vs published colour counts"
TE_FACTOR_GRID_2026,"Analyst colour-coded TE factor grid (screenshots, 5 images)",third_party_analyst_screenshot,UNKNOWN - owner to supply,UNKNOWN - owner to supply,"Underdog Fantasy ADP (best-ball), 2026",2026,TE,18,Brenton Strange,Brenton Strange,,Route Participation,situational,binary_vs_avg,79.8%,?,orange,-1,Y,high,"programmatic cell-fill sampling, validated vs published colour counts"
TE_FACTOR_GRID_2026,"Analyst colour-coded TE factor grid (screenshots, 5 images)",third_party_analyst_screenshot,UNKNOWN - owner to supply,UNKNOWN - owner to supply,"Underdog Fantasy ADP (best-ball), 2026",2026,TE,18,Brenton Strange,Brenton Strange,,In-line %,situational,binary_vs_avg,39.0%,?,orange,-1,Y,high,"programmatic cell-fill sampling, validated vs published colour counts"
TE_FACTOR_GRID_2026,"Analyst colour-coded TE factor grid (screenshots, 5 images)",third_party_analyst_screenshot,UNKNOWN - owner to supply,UNKNOWN - owner to supply,"Underdog Fantasy ADP (best-ball), 2026",2026,TE,18,Brenton Strange,Brenton Strange,,Rank in Yards per Route Run,situational,binary_vs_avg,5.14,No,red,-3,Y,high,"programmatic cell-fill sampling, validated vs published colour counts"
TE_FACTOR_GRID_2026,"Analyst colour-coded TE factor grid (screenshots, 5 images)",third_party_analyst_screenshot,UNKNOWN - owner to supply,UNKNOWN - owner to supply,"Underdog Fantasy ADP (best-ball), 2026",2026,TE,18,Brenton Strange,Brenton Strange,,Injury/Age Concerns?,classification,injury,MC/SC/C,Minimal Concerns,yellow,3,Y,high,"programmatic cell-fill sampling, validated vs published colour counts"
TE_FACTOR_GRID_2026,"Analyst colour-coded TE factor grid (screenshots, 5 images)",third_party_analyst_screenshot,UNKNOWN - owner to supply,UNKNOWN - owner to supply,"Underdog Fantasy ADP (best-ball), 2026",2026,TE,19,Hunter Henry,Hunter Henry,,Targets,volume,binary_vs_avg,137.67,No,red,-3,Y,high,"programmatic cell-fill sampling, validated vs published colour counts"
TE_FACTOR_GRID_2026,"Analyst colour-coded TE factor grid (screenshots, 5 images)",third_party_analyst_screenshot,UNKNOWN - owner to supply,UNKNOWN - owner to supply,"Underdog Fantasy ADP (best-ball), 2026",2026,TE,19,Hunter Henry,Hunter Henry,,Receptions,volume,binary_vs_avg,97.02,No,red,-3,Y,high,"programmatic cell-fill sampling, validated vs published colour counts"
TE_FACTOR_GRID_2026,"Analyst colour-coded TE factor grid (screenshots, 5 images)",third_party_analyst_screenshot,UNKNOWN - owner to supply,UNKNOWN - owner to supply,"Underdog Fantasy ADP (best-ball), 2026",2026,TE,19,Hunter Henry,Hunter Henry,,Touchdowns,volume,binary_vs_avg,9.49,Yes,yellow,3,Y,high,"programmatic cell-fill sampling, validated vs published colour counts"
TE_FACTOR_GRID_2026,"Analyst colour-coded TE factor grid (screenshots, 5 images)",third_party_analyst_screenshot,UNKNOWN - owner to supply,UNKNOWN - owner to supply,"Underdog Fantasy ADP (best-ball), 2026",2026,TE,19,Hunter Henry,Hunter Henry,,Offensive Rank in PPG,situational,binary_vs_avg,11.78,Yes,yellow,3,Y,high,"programmatic cell-fill sampling, validated vs published colour counts"
TE_FACTOR_GRID_2026,"Analyst colour-coded TE factor grid (screenshots, 5 images)",third_party_analyst_screenshot,UNKNOWN - owner to supply,UNKNOWN - owner to supply,"Underdog Fantasy ADP (best-ball), 2026",2026,TE,19,Hunter Henry,Hunter Henry,,Quarterbacks Rank in QBR,situational,binary_vs_avg,9.70,Yes,green,5,Y,high,"programmatic cell-fill sampling, validated vs published colour counts"
TE_FACTOR_GRID_2026,"Analyst colour-coded TE factor grid (screenshots, 5 images)",third_party_analyst_screenshot,UNKNOWN - owner to supply,UNKNOWN - owner to supply,"Underdog Fantasy ADP (best-ball), 2026",2026,TE,19,Hunter Henry,Hunter Henry,,Rank in Team Pass Attempts,situational,binary_vs_avg,11.81,Yes,yellow,3,Y,high,"programmatic cell-fill sampling, validated vs published colour counts"
TE_FACTOR_GRID_2026,"Analyst colour-coded TE factor grid (screenshots, 5 images)",third_party_analyst_screenshot,UNKNOWN - owner to supply,UNKNOWN - owner to supply,"Underdog Fantasy ADP (best-ball), 2026",2026,TE,19,Hunter Henry,Hunter Henry,,Rank in Team Targets,situational,binary_vs_avg,1.43,No,red,-3,Y,high,"programmatic cell-fill sampling, validated vs published colour counts"
TE_FACTOR_GRID_2026,"Analyst colour-coded TE factor grid (screenshots, 5 images)",third_party_analyst_screenshot,UNKNOWN - owner to supply,UNKNOWN - owner to supply,"Underdog Fantasy ADP (best-ball), 2026",2026,TE,19,Hunter Henry,Hunter Henry,,Rank in Receiving Touchdown,situational,binary_vs_avg,1.38,Yes,yellow,3,Y,high,"programmatic cell-fill sampling, validated vs published colour counts"
TE_FACTOR_GRID_2026,"Analyst colour-coded TE factor grid (screenshots, 5 images)",third_party_analyst_screenshot,UNKNOWN - owner to supply,UNKNOWN - owner to supply,"Underdog Fantasy ADP (best-ball), 2026",2026,TE,19,Hunter Henry,Hunter Henry,,Route Participation,situational,binary_vs_avg,79.8%,?,orange,-1,Y,high,"programmatic cell-fill sampling, validated vs published colour counts"
TE_FACTOR_GRID_2026,"Analyst colour-coded TE factor grid (screenshots, 5 images)",third_party_analyst_screenshot,UNKNOWN - owner to supply,UNKNOWN - owner to supply,"Underdog Fantasy ADP (best-ball), 2026",2026,TE,19,Hunter Henry,Hunter Henry,,In-line %,situational,binary_vs_avg,39.0%,Yes,yellow,3,Y,high,"programmatic cell-fill sampling, validated vs published colour counts"
TE_FACTOR_GRID_2026,"Analyst colour-coded TE factor grid (screenshots, 5 images)",third_party_analyst_screenshot,UNKNOWN - owner to supply,UNKNOWN - owner to supply,"Underdog Fantasy ADP (best-ball), 2026",2026,TE,19,Hunter Henry,Hunter Henry,,Rank in Yards per Route Run,situational,binary_vs_avg,5.14,No,red,-3,Y,high,"programmatic cell-fill sampling, validated vs published colour counts"
TE_FACTOR_GRID_2026,"Analyst colour-coded TE factor grid (screenshots, 5 images)",third_party_analyst_screenshot,UNKNOWN - owner to supply,UNKNOWN - owner to supply,"Underdog Fantasy ADP (best-ball), 2026",2026,TE,19,Hunter Henry,Hunter Henry,,Injury/Age Concerns?,classification,injury,MC/SC/C,Some Concern,orange,-1,Y,high,"programmatic cell-fill sampling, validated vs published colour counts"
TE_FACTOR_GRID_2026,"Analyst colour-coded TE factor grid (screenshots, 5 images)",third_party_analyst_screenshot,UNKNOWN - owner to supply,UNKNOWN - owner to supply,"Underdog Fantasy ADP (best-ball), 2026",2026,TE,20,Juwan Johnson,Juwan Johnson,,Targets,volume,binary_vs_avg,137.67,No,red,-3,Y,high,"programmatic cell-fill sampling, validated vs published colour counts"
TE_FACTOR_GRID_2026,"Analyst colour-coded TE factor grid (screenshots, 5 images)",third_party_analyst_screenshot,UNKNOWN - owner to supply,UNKNOWN - owner to supply,"Underdog Fantasy ADP (best-ball), 2026",2026,TE,20,Juwan Johnson,Juwan Johnson,,Receptions,volume,binary_vs_avg,97.02,No,red,-3,Y,high,"programmatic cell-fill sampling, validated vs published colour counts"
TE_FACTOR_GRID_2026,"Analyst colour-coded TE factor grid (screenshots, 5 images)",third_party_analyst_screenshot,UNKNOWN - owner to supply,UNKNOWN - owner to supply,"Underdog Fantasy ADP (best-ball), 2026",2026,TE,20,Juwan Johnson,Juwan Johnson,,Touchdowns,volume,binary_vs_avg,9.49,Yes,yellow,3,Y,high,"programmatic cell-fill sampling, validated vs published colour counts"
TE_FACTOR_GRID_2026,"Analyst colour-coded TE factor grid (screenshots, 5 images)",third_party_analyst_screenshot,UNKNOWN - owner to supply,UNKNOWN - owner to supply,"Underdog Fantasy ADP (best-ball), 2026",2026,TE,20,Juwan Johnson,Juwan Johnson,,Offensive Rank in PPG,situational,binary_vs_avg,11.78,?,orange,-1,Y,high,"programmatic cell-fill sampling, validated vs published colour counts"
TE_FACTOR_GRID_2026,"Analyst colour-coded TE factor grid (screenshots, 5 images)",third_party_analyst_screenshot,UNKNOWN - owner to supply,UNKNOWN - owner to supply,"Underdog Fantasy ADP (best-ball), 2026",2026,TE,20,Juwan Johnson,Juwan Johnson,,Quarterbacks Rank in QBR,situational,binary_vs_avg,9.70,?,orange,-1,Y,high,"programmatic cell-fill sampling, validated vs published colour counts"
TE_FACTOR_GRID_2026,"Analyst colour-coded TE factor grid (screenshots, 5 images)",third_party_analyst_screenshot,UNKNOWN - owner to supply,UNKNOWN - owner to supply,"Underdog Fantasy ADP (best-ball), 2026",2026,TE,20,Juwan Johnson,Juwan Johnson,,Rank in Team Pass Attempts,situational,binary_vs_avg,11.81,Yes,yellow,3,Y,high,"programmatic cell-fill sampling, validated vs published colour counts"
TE_FACTOR_GRID_2026,"Analyst colour-coded TE factor grid (screenshots, 5 images)",third_party_analyst_screenshot,UNKNOWN - owner to supply,UNKNOWN - owner to supply,"Underdog Fantasy ADP (best-ball), 2026",2026,TE,20,Juwan Johnson,Juwan Johnson,,Rank in Team Targets,situational,binary_vs_avg,1.43,?,orange,-1,Y,high,"programmatic cell-fill sampling, validated vs published colour counts"
TE_FACTOR_GRID_2026,"Analyst colour-coded TE factor grid (screenshots, 5 images)",third_party_analyst_screenshot,UNKNOWN - owner to supply,UNKNOWN - owner to supply,"Underdog Fantasy ADP (best-ball), 2026",2026,TE,20,Juwan Johnson,Juwan Johnson,,Rank in Receiving Touchdown,situational,binary_vs_avg,1.38,Yes,yellow,3,Y,high,"programmatic cell-fill sampling, validated vs published colour counts"
TE_FACTOR_GRID_2026,"Analyst colour-coded TE factor grid (screenshots, 5 images)",third_party_analyst_screenshot,UNKNOWN - owner to supply,UNKNOWN - owner to supply,"Underdog Fantasy ADP (best-ball), 2026",2026,TE,20,Juwan Johnson,Juwan Johnson,,Route Participation,situational,binary_vs_avg,79.8%,?,orange,-1,Y,high,"programmatic cell-fill sampling, validated vs published colour counts"
TE_FACTOR_GRID_2026,"Analyst colour-coded TE factor grid (screenshots, 5 images)",third_party_analyst_screenshot,UNKNOWN - owner to supply,UNKNOWN - owner to supply,"Underdog Fantasy ADP (best-ball), 2026",2026,TE,20,Juwan Johnson,Juwan Johnson,,In-line %,situational,binary_vs_avg,39.0%,Yes,yellow,3,Y,high,"programmatic cell-fill sampling, validated vs published colour counts"
TE_FACTOR_GRID_2026,"Analyst colour-coded TE factor grid (screenshots, 5 images)",third_party_analyst_screenshot,UNKNOWN - owner to supply,UNKNOWN - owner to supply,"Underdog Fantasy ADP (best-ball), 2026",2026,TE,20,Juwan Johnson,Juwan Johnson,,Rank in Yards per Route Run,situational,binary_vs_avg,5.14,No,red,-3,Y,high,"programmatic cell-fill sampling, validated vs published colour counts"
TE_FACTOR_GRID_2026,"Analyst colour-coded TE factor grid (screenshots, 5 images)",third_party_analyst_screenshot,UNKNOWN - owner to supply,UNKNOWN - owner to supply,"Underdog Fantasy ADP (best-ball), 2026",2026,TE,20,Juwan Johnson,Juwan Johnson,,Injury/Age Concerns?,classification,injury,MC/SC/C,Minimal Concerns,yellow,3,Y,high,"programmatic cell-fill sampling, validated vs published colour counts"
TE_FACTOR_GRID_2026,"Analyst colour-coded TE factor grid (screenshots, 5 images)",third_party_analyst_screenshot,UNKNOWN - owner to supply,UNKNOWN - owner to supply,"Underdog Fantasy ADP (best-ball), 2026",2026,TE,21,Kenyon Sadiq,Kenyon Sadiq,,Targets,volume,binary_vs_avg,137.67,?,orange,-1,Y,high,"programmatic cell-fill sampling, validated vs published colour counts"
TE_FACTOR_GRID_2026,"Analyst colour-coded TE factor grid (screenshots, 5 images)",third_party_analyst_screenshot,UNKNOWN - owner to supply,UNKNOWN - owner to supply,"Underdog Fantasy ADP (best-ball), 2026",2026,TE,21,Kenyon Sadiq,Kenyon Sadiq,,Receptions,volume,binary_vs_avg,97.02,?,orange,-1,Y,high,"programmatic cell-fill sampling, validated vs published colour counts"
TE_FACTOR_GRID_2026,"Analyst colour-coded TE factor grid (screenshots, 5 images)",third_party_analyst_screenshot,UNKNOWN - owner to supply,UNKNOWN - owner to supply,"Underdog Fantasy ADP (best-ball), 2026",2026,TE,21,Kenyon Sadiq,Kenyon Sadiq,,Touchdowns,volume,binary_vs_avg,9.49,Yes,yellow,3,Y,high,"programmatic cell-fill sampling, validated vs published colour counts"
TE_FACTOR_GRID_2026,"Analyst colour-coded TE factor grid (screenshots, 5 images)",third_party_analyst_screenshot,UNKNOWN - owner to supply,UNKNOWN - owner to supply,"Underdog Fantasy ADP (best-ball), 2026",2026,TE,21,Kenyon Sadiq,Kenyon Sadiq,,Offensive Rank in PPG,situational,binary_vs_avg,11.78,No,red,-3,Y,high,"programmatic cell-fill sampling, validated vs published colour counts"
TE_FACTOR_GRID_2026,"Analyst colour-coded TE factor grid (screenshots, 5 images)",third_party_analyst_screenshot,UNKNOWN - owner to supply,UNKNOWN - owner to supply,"Underdog Fantasy ADP (best-ball), 2026",2026,TE,21,Kenyon Sadiq,Kenyon Sadiq,,Quarterbacks Rank in QBR,situational,binary_vs_avg,9.70,No,red,-3,Y,high,"programmatic cell-fill sampling, validated vs published colour counts"
TE_FACTOR_GRID_2026,"Analyst colour-coded TE factor grid (screenshots, 5 images)",third_party_analyst_screenshot,UNKNOWN - owner to supply,UNKNOWN - owner to supply,"Underdog Fantasy ADP (best-ball), 2026",2026,TE,21,Kenyon Sadiq,Kenyon Sadiq,,Rank in Team Pass Attempts,situational,binary_vs_avg,11.81,No,red,-3,Y,high,"programmatic cell-fill sampling, validated vs published colour counts"
TE_FACTOR_GRID_2026,"Analyst colour-coded TE factor grid (screenshots, 5 images)",third_party_analyst_screenshot,UNKNOWN - owner to supply,UNKNOWN - owner to supply,"Underdog Fantasy ADP (best-ball), 2026",2026,TE,21,Kenyon Sadiq,Kenyon Sadiq,,Rank in Team Targets,situational,binary_vs_avg,1.43,Yes,yellow,3,Y,high,"programmatic cell-fill sampling, validated vs published colour counts"
TE_FACTOR_GRID_2026,"Analyst colour-coded TE factor grid (screenshots, 5 images)",third_party_analyst_screenshot,UNKNOWN - owner to supply,UNKNOWN - owner to supply,"Underdog Fantasy ADP (best-ball), 2026",2026,TE,21,Kenyon Sadiq,Kenyon Sadiq,,Rank in Receiving Touchdown,situational,binary_vs_avg,1.38,Yes,yellow,3,Y,high,"programmatic cell-fill sampling, validated vs published colour counts"
TE_FACTOR_GRID_2026,"Analyst colour-coded TE factor grid (screenshots, 5 images)",third_party_analyst_screenshot,UNKNOWN - owner to supply,UNKNOWN - owner to supply,"Underdog Fantasy ADP (best-ball), 2026",2026,TE,21,Kenyon Sadiq,Kenyon Sadiq,,Route Participation,situational,binary_vs_avg,79.8%,?,orange,-1,Y,high,"programmatic cell-fill sampling, validated vs published colour counts"
TE_FACTOR_GRID_2026,"Analyst colour-coded TE factor grid (screenshots, 5 images)",third_party_analyst_screenshot,UNKNOWN - owner to supply,UNKNOWN - owner to supply,"Underdog Fantasy ADP (best-ball), 2026",2026,TE,21,Kenyon Sadiq,Kenyon Sadiq,,In-line %,situational,binary_vs_avg,39.0%,Yes,green,5,Y,high,"programmatic cell-fill sampling, validated vs published colour counts"
TE_FACTOR_GRID_2026,"Analyst colour-coded TE factor grid (screenshots, 5 images)",third_party_analyst_screenshot,UNKNOWN - owner to supply,UNKNOWN - owner to supply,"Underdog Fantasy ADP (best-ball), 2026",2026,TE,21,Kenyon Sadiq,Kenyon Sadiq,,Rank in Yards per Route Run,situational,binary_vs_avg,5.14,Yes,green,5,Y,high,"programmatic cell-fill sampling, validated vs published colour counts"
TE_FACTOR_GRID_2026,"Analyst colour-coded TE factor grid (screenshots, 5 images)",third_party_analyst_screenshot,UNKNOWN - owner to supply,UNKNOWN - owner to supply,"Underdog Fantasy ADP (best-ball), 2026",2026,TE,21,Kenyon Sadiq,Kenyon Sadiq,,Injury/Age Concerns?,classification,injury,MC/SC/C,Minimal Concerns,yellow,3,Y,high,"programmatic cell-fill sampling, validated vs published colour counts"
TE_FACTOR_GRID_2026,"Analyst colour-coded TE factor grid (screenshots, 5 images)",third_party_analyst_screenshot,UNKNOWN - owner to supply,UNKNOWN - owner to supply,"Underdog Fantasy ADP (best-ball), 2026",2026,TE,22,Dalton Schultz,Dalton Schultz,,Targets,volume,binary_vs_avg,137.67,No,red,-3,Y,high,"programmatic cell-fill sampling, validated vs published colour counts"
TE_FACTOR_GRID_2026,"Analyst colour-coded TE factor grid (screenshots, 5 images)",third_party_analyst_screenshot,UNKNOWN - owner to supply,UNKNOWN - owner to supply,"Underdog Fantasy ADP (best-ball), 2026",2026,TE,22,Dalton Schultz,Dalton Schultz,,Receptions,volume,binary_vs_avg,97.02,No,red,-3,Y,high,"programmatic cell-fill sampling, validated vs published colour counts"
TE_FACTOR_GRID_2026,"Analyst colour-coded TE factor grid (screenshots, 5 images)",third_party_analyst_screenshot,UNKNOWN - owner to supply,UNKNOWN - owner to supply,"Underdog Fantasy ADP (best-ball), 2026",2026,TE,22,Dalton Schultz,Dalton Schultz,,Touchdowns,volume,binary_vs_avg,9.49,Yes,yellow,3,Y,high,"programmatic cell-fill sampling, validated vs published colour counts"
TE_FACTOR_GRID_2026,"Analyst colour-coded TE factor grid (screenshots, 5 images)",third_party_analyst_screenshot,UNKNOWN - owner to supply,UNKNOWN - owner to supply,"Underdog Fantasy ADP (best-ball), 2026",2026,TE,22,Dalton Schultz,Dalton Schultz,,Offensive Rank in PPG,situational,binary_vs_avg,11.78,Yes,yellow,3,Y,high,"programmatic cell-fill sampling, validated vs published colour counts"
TE_FACTOR_GRID_2026,"Analyst colour-coded TE factor grid (screenshots, 5 images)",third_party_analyst_screenshot,UNKNOWN - owner to supply,UNKNOWN - owner to supply,"Underdog Fantasy ADP (best-ball), 2026",2026,TE,22,Dalton Schultz,Dalton Schultz,,Quarterbacks Rank in QBR,situational,binary_vs_avg,9.70,Yes,yellow,3,Y,high,"programmatic cell-fill sampling, validated vs published colour counts"
TE_FACTOR_GRID_2026,"Analyst colour-coded TE factor grid (screenshots, 5 images)",third_party_analyst_screenshot,UNKNOWN - owner to supply,UNKNOWN - owner to supply,"Underdog Fantasy ADP (best-ball), 2026",2026,TE,22,Dalton Schultz,Dalton Schultz,,Rank in Team Pass Attempts,situational,binary_vs_avg,11.81,?,orange,-1,Y,high,"programmatic cell-fill sampling, validated vs published colour counts"
TE_FACTOR_GRID_2026,"Analyst colour-coded TE factor grid (screenshots, 5 images)",third_party_analyst_screenshot,UNKNOWN - owner to supply,UNKNOWN - owner to supply,"Underdog Fantasy ADP (best-ball), 2026",2026,TE,22,Dalton Schultz,Dalton Schultz,,Rank in Team Targets,situational,binary_vs_avg,1.43,?,orange,-1,Y,high,"programmatic cell-fill sampling, validated vs published colour counts"
TE_FACTOR_GRID_2026,"Analyst colour-coded TE factor grid (screenshots, 5 images)",third_party_analyst_screenshot,UNKNOWN - owner to supply,UNKNOWN - owner to supply,"Underdog Fantasy ADP (best-ball), 2026",2026,TE,22,Dalton Schultz,Dalton Schultz,,Rank in Receiving Touchdown,situational,binary_vs_avg,1.38,Yes,yellow,3,Y,high,"programmatic cell-fill sampling, validated vs published colour counts"
TE_FACTOR_GRID_2026,"Analyst colour-coded TE factor grid (screenshots, 5 images)",third_party_analyst_screenshot,UNKNOWN - owner to supply,UNKNOWN - owner to supply,"Underdog Fantasy ADP (best-ball), 2026",2026,TE,22,Dalton Schultz,Dalton Schultz,,Route Participation,situational,binary_vs_avg,79.8%,Yes,yellow,3,Y,high,"programmatic cell-fill sampling, validated vs published colour counts"
TE_FACTOR_GRID_2026,"Analyst colour-coded TE factor grid (screenshots, 5 images)",third_party_analyst_screenshot,UNKNOWN - owner to supply,UNKNOWN - owner to supply,"Underdog Fantasy ADP (best-ball), 2026",2026,TE,22,Dalton Schultz,Dalton Schultz,,In-line %,situational,binary_vs_avg,39.0%,No,red,-3,Y,high,"programmatic cell-fill sampling, validated vs published colour counts"
TE_FACTOR_GRID_2026,"Analyst colour-coded TE factor grid (screenshots, 5 images)",third_party_analyst_screenshot,UNKNOWN - owner to supply,UNKNOWN - owner to supply,"Underdog Fantasy ADP (best-ball), 2026",2026,TE,22,Dalton Schultz,Dalton Schultz,,Rank in Yards per Route Run,situational,binary_vs_avg,5.14,No,red,-3,Y,high,"programmatic cell-fill sampling, validated vs published colour counts"
TE_FACTOR_GRID_2026,"Analyst colour-coded TE factor grid (screenshots, 5 images)",third_party_analyst_screenshot,UNKNOWN - owner to supply,UNKNOWN - owner to supply,"Underdog Fantasy ADP (best-ball), 2026",2026,TE,22,Dalton Schultz,Dalton Schultz,,Injury/Age Concerns?,classification,injury,MC/SC/C,Minimal Concerns,yellow,3,Y,high,"programmatic cell-fill sampling, validated vs published colour counts"
TE_FACTOR_GRID_2026,"Analyst colour-coded TE factor grid (screenshots, 5 images)",third_party_analyst_screenshot,UNKNOWN - owner to supply,UNKNOWN - owner to supply,"Underdog Fantasy ADP (best-ball), 2026",2026,TE,23,TJ Hockenson,T.J. Hockenson,,Targets,volume,binary_vs_avg,137.67,?,orange,-1,Y,high,"programmatic cell-fill sampling, validated vs published colour counts"
TE_FACTOR_GRID_2026,"Analyst colour-coded TE factor grid (screenshots, 5 images)",third_party_analyst_screenshot,UNKNOWN - owner to supply,UNKNOWN - owner to supply,"Underdog Fantasy ADP (best-ball), 2026",2026,TE,23,TJ Hockenson,T.J. Hockenson,,Receptions,volume,binary_vs_avg,97.02,?,orange,-1,Y,high,"programmatic cell-fill sampling, validated vs published colour counts"
TE_FACTOR_GRID_2026,"Analyst colour-coded TE factor grid (screenshots, 5 images)",third_party_analyst_screenshot,UNKNOWN - owner to supply,UNKNOWN - owner to supply,"Underdog Fantasy ADP (best-ball), 2026",2026,TE,23,TJ Hockenson,T.J. Hockenson,,Touchdowns,volume,binary_vs_avg,9.49,Yes,yellow,3,Y,high,"programmatic cell-fill sampling, validated vs published colour counts"
TE_FACTOR_GRID_2026,"Analyst colour-coded TE factor grid (screenshots, 5 images)",third_party_analyst_screenshot,UNKNOWN - owner to supply,UNKNOWN - owner to supply,"Underdog Fantasy ADP (best-ball), 2026",2026,TE,23,TJ Hockenson,T.J. Hockenson,,Offensive Rank in PPG,situational,binary_vs_avg,11.78,?,orange,-1,Y,high,"programmatic cell-fill sampling, validated vs published colour counts"
TE_FACTOR_GRID_2026,"Analyst colour-coded TE factor grid (screenshots, 5 images)",third_party_analyst_screenshot,UNKNOWN - owner to supply,UNKNOWN - owner to supply,"Underdog Fantasy ADP (best-ball), 2026",2026,TE,23,TJ Hockenson,T.J. Hockenson,,Quarterbacks Rank in QBR,situational,binary_vs_avg,9.70,?,orange,-1,Y,high,"programmatic cell-fill sampling, validated vs published colour counts"
TE_FACTOR_GRID_2026,"Analyst colour-coded TE factor grid (screenshots, 5 images)",third_party_analyst_screenshot,UNKNOWN - owner to supply,UNKNOWN - owner to supply,"Underdog Fantasy ADP (best-ball), 2026",2026,TE,23,TJ Hockenson,T.J. Hockenson,,Rank in Team Pass Attempts,situational,binary_vs_avg,11.81,Yes,yellow,3,Y,high,"programmatic cell-fill sampling, validated vs published colour counts"
TE_FACTOR_GRID_2026,"Analyst colour-coded TE factor grid (screenshots, 5 images)",third_party_analyst_screenshot,UNKNOWN - owner to supply,UNKNOWN - owner to supply,"Underdog Fantasy ADP (best-ball), 2026",2026,TE,23,TJ Hockenson,T.J. Hockenson,,Rank in Team Targets,situational,binary_vs_avg,1.43,?,orange,-1,Y,high,"programmatic cell-fill sampling, validated vs published colour counts"
TE_FACTOR_GRID_2026,"Analyst colour-coded TE factor grid (screenshots, 5 images)",third_party_analyst_screenshot,UNKNOWN - owner to supply,UNKNOWN - owner to supply,"Underdog Fantasy ADP (best-ball), 2026",2026,TE,23,TJ Hockenson,T.J. Hockenson,,Rank in Receiving Touchdown,situational,binary_vs_avg,1.38,Yes,yellow,3,Y,high,"programmatic cell-fill sampling, validated vs published colour counts"
TE_FACTOR_GRID_2026,"Analyst colour-coded TE factor grid (screenshots, 5 images)",third_party_analyst_screenshot,UNKNOWN - owner to supply,UNKNOWN - owner to supply,"Underdog Fantasy ADP (best-ball), 2026",2026,TE,23,TJ Hockenson,T.J. Hockenson,,Route Participation,situational,binary_vs_avg,79.8%,Yes,yellow,3,Y,high,"programmatic cell-fill sampling, validated vs published colour counts"
TE_FACTOR_GRID_2026,"Analyst colour-coded TE factor grid (screenshots, 5 images)",third_party_analyst_screenshot,UNKNOWN - owner to supply,UNKNOWN - owner to supply,"Underdog Fantasy ADP (best-ball), 2026",2026,TE,23,TJ Hockenson,T.J. Hockenson,,In-line %,situational,binary_vs_avg,39.0%,No,red,-3,Y,high,"programmatic cell-fill sampling, validated vs published colour counts"
TE_FACTOR_GRID_2026,"Analyst colour-coded TE factor grid (screenshots, 5 images)",third_party_analyst_screenshot,UNKNOWN - owner to supply,UNKNOWN - owner to supply,"Underdog Fantasy ADP (best-ball), 2026",2026,TE,23,TJ Hockenson,T.J. Hockenson,,Rank in Yards per Route Run,situational,binary_vs_avg,5.14,Yes,yellow,3,Y,high,"programmatic cell-fill sampling, validated vs published colour counts"
TE_FACTOR_GRID_2026,"Analyst colour-coded TE factor grid (screenshots, 5 images)",third_party_analyst_screenshot,UNKNOWN - owner to supply,UNKNOWN - owner to supply,"Underdog Fantasy ADP (best-ball), 2026",2026,TE,23,TJ Hockenson,T.J. Hockenson,,Injury/Age Concerns?,classification,injury,MC/SC/C,Some Concern,orange,-1,Y,high,"programmatic cell-fill sampling, validated vs published colour counts"
TE_FACTOR_GRID_2026,"Analyst colour-coded TE factor grid (screenshots, 5 images)",third_party_analyst_screenshot,UNKNOWN - owner to supply,UNKNOWN - owner to supply,"Underdog Fantasy ADP (best-ball), 2026",2026,TE,24,AJ Barner,A.J. Barner,,Targets,volume,binary_vs_avg,137.67,No,red,-3,Y,high,"programmatic cell-fill sampling, validated vs published colour counts"
TE_FACTOR_GRID_2026,"Analyst colour-coded TE factor grid (screenshots, 5 images)",third_party_analyst_screenshot,UNKNOWN - owner to supply,UNKNOWN - owner to supply,"Underdog Fantasy ADP (best-ball), 2026",2026,TE,24,AJ Barner,A.J. Barner,,Receptions,volume,binary_vs_avg,97.02,No,red,-3,Y,high,"programmatic cell-fill sampling, validated vs published colour counts"
TE_FACTOR_GRID_2026,"Analyst colour-coded TE factor grid (screenshots, 5 images)",third_party_analyst_screenshot,UNKNOWN - owner to supply,UNKNOWN - owner to supply,"Underdog Fantasy ADP (best-ball), 2026",2026,TE,24,AJ Barner,A.J. Barner,,Touchdowns,volume,binary_vs_avg,9.49,No,red,-3,Y,high,"programmatic cell-fill sampling, validated vs published colour counts"
TE_FACTOR_GRID_2026,"Analyst colour-coded TE factor grid (screenshots, 5 images)",third_party_analyst_screenshot,UNKNOWN - owner to supply,UNKNOWN - owner to supply,"Underdog Fantasy ADP (best-ball), 2026",2026,TE,24,AJ Barner,A.J. Barner,,Offensive Rank in PPG,situational,binary_vs_avg,11.78,Yes,yellow,3,Y,high,"programmatic cell-fill sampling, validated vs published colour counts"
TE_FACTOR_GRID_2026,"Analyst colour-coded TE factor grid (screenshots, 5 images)",third_party_analyst_screenshot,UNKNOWN - owner to supply,UNKNOWN - owner to supply,"Underdog Fantasy ADP (best-ball), 2026",2026,TE,24,AJ Barner,A.J. Barner,,Quarterbacks Rank in QBR,situational,binary_vs_avg,9.70,?,orange,-1,Y,high,"programmatic cell-fill sampling, validated vs published colour counts"
TE_FACTOR_GRID_2026,"Analyst colour-coded TE factor grid (screenshots, 5 images)",third_party_analyst_screenshot,UNKNOWN - owner to supply,UNKNOWN - owner to supply,"Underdog Fantasy ADP (best-ball), 2026",2026,TE,24,AJ Barner,A.J. Barner,,Rank in Team Pass Attempts,situational,binary_vs_avg,11.81,No,red,-3,Y,high,"programmatic cell-fill sampling, validated vs published colour counts"
TE_FACTOR_GRID_2026,"Analyst colour-coded TE factor grid (screenshots, 5 images)",third_party_analyst_screenshot,UNKNOWN - owner to supply,UNKNOWN - owner to supply,"Underdog Fantasy ADP (best-ball), 2026",2026,TE,24,AJ Barner,A.J. Barner,,Rank in Team Targets,situational,binary_vs_avg,1.43,?,orange,-1,Y,high,"programmatic cell-fill sampling, validated vs published colour counts"
TE_FACTOR_GRID_2026,"Analyst colour-coded TE factor grid (screenshots, 5 images)",third_party_analyst_screenshot,UNKNOWN - owner to supply,UNKNOWN - owner to supply,"Underdog Fantasy ADP (best-ball), 2026",2026,TE,24,AJ Barner,A.J. Barner,,Rank in Receiving Touchdown,situational,binary_vs_avg,1.38,Yes,yellow,3,Y,high,"programmatic cell-fill sampling, validated vs published colour counts"
TE_FACTOR_GRID_2026,"Analyst colour-coded TE factor grid (screenshots, 5 images)",third_party_analyst_screenshot,UNKNOWN - owner to supply,UNKNOWN - owner to supply,"Underdog Fantasy ADP (best-ball), 2026",2026,TE,24,AJ Barner,A.J. Barner,,Route Participation,situational,binary_vs_avg,79.8%,No,red,-3,Y,high,"programmatic cell-fill sampling, validated vs published colour counts"
TE_FACTOR_GRID_2026,"Analyst colour-coded TE factor grid (screenshots, 5 images)",third_party_analyst_screenshot,UNKNOWN - owner to supply,UNKNOWN - owner to supply,"Underdog Fantasy ADP (best-ball), 2026",2026,TE,24,AJ Barner,A.J. Barner,,In-line %,situational,binary_vs_avg,39.0%,No,red,-3,Y,high,"programmatic cell-fill sampling, validated vs published colour counts"
TE_FACTOR_GRID_2026,"Analyst colour-coded TE factor grid (screenshots, 5 images)",third_party_analyst_screenshot,UNKNOWN - owner to supply,UNKNOWN - owner to supply,"Underdog Fantasy ADP (best-ball), 2026",2026,TE,24,AJ Barner,A.J. Barner,,Rank in Yards per Route Run,situational,binary_vs_avg,5.14,No,red,-3,Y,high,"programmatic cell-fill sampling, validated vs published colour counts"
TE_FACTOR_GRID_2026,"Analyst colour-coded TE factor grid (screenshots, 5 images)",third_party_analyst_screenshot,UNKNOWN - owner to supply,UNKNOWN - owner to supply,"Underdog Fantasy ADP (best-ball), 2026",2026,TE,24,AJ Barner,A.J. Barner,,Injury/Age Concerns?,classification,injury,MC/SC/C,Minimal Concerns,yellow,3,Y,high,"programmatic cell-fill sampling, validated vs published colour counts"
TE_FACTOR_GRID_2026,"Analyst colour-coded TE factor grid (screenshots, 5 images)",third_party_analyst_screenshot,UNKNOWN - owner to supply,UNKNOWN - owner to supply,"Underdog Fantasy ADP (best-ball), 2026",2026,TE,25,Greg Dulcich,Greg Dulcich,,Targets,volume,binary_vs_avg,137.67,No,red,-3,Y,high,"programmatic cell-fill sampling, validated vs published colour counts"
TE_FACTOR_GRID_2026,"Analyst colour-coded TE factor grid (screenshots, 5 images)",third_party_analyst_screenshot,UNKNOWN - owner to supply,UNKNOWN - owner to supply,"Underdog Fantasy ADP (best-ball), 2026",2026,TE,25,Greg Dulcich,Greg Dulcich,,Receptions,volume,binary_vs_avg,97.02,No,red,-3,Y,high,"programmatic cell-fill sampling, validated vs published colour counts"
TE_FACTOR_GRID_2026,"Analyst colour-coded TE factor grid (screenshots, 5 images)",third_party_analyst_screenshot,UNKNOWN - owner to supply,UNKNOWN - owner to supply,"Underdog Fantasy ADP (best-ball), 2026",2026,TE,25,Greg Dulcich,Greg Dulcich,,Touchdowns,volume,binary_vs_avg,9.49,No,red,-3,Y,high,"programmatic cell-fill sampling, validated vs published colour counts"
TE_FACTOR_GRID_2026,"Analyst colour-coded TE factor grid (screenshots, 5 images)",third_party_analyst_screenshot,UNKNOWN - owner to supply,UNKNOWN - owner to supply,"Underdog Fantasy ADP (best-ball), 2026",2026,TE,25,Greg Dulcich,Greg Dulcich,,Offensive Rank in PPG,situational,binary_vs_avg,11.78,No,red,-3,Y,high,"programmatic cell-fill sampling, validated vs published colour counts"
TE_FACTOR_GRID_2026,"Analyst colour-coded TE factor grid (screenshots, 5 images)",third_party_analyst_screenshot,UNKNOWN - owner to supply,UNKNOWN - owner to supply,"Underdog Fantasy ADP (best-ball), 2026",2026,TE,25,Greg Dulcich,Greg Dulcich,,Quarterbacks Rank in QBR,situational,binary_vs_avg,9.70,No,red,-3,Y,high,"programmatic cell-fill sampling, validated vs published colour counts"
TE_FACTOR_GRID_2026,"Analyst colour-coded TE factor grid (screenshots, 5 images)",third_party_analyst_screenshot,UNKNOWN - owner to supply,UNKNOWN - owner to supply,"Underdog Fantasy ADP (best-ball), 2026",2026,TE,25,Greg Dulcich,Greg Dulcich,,Rank in Team Pass Attempts,situational,binary_vs_avg,11.81,No,red,-3,Y,high,"programmatic cell-fill sampling, validated vs published colour counts"
TE_FACTOR_GRID_2026,"Analyst colour-coded TE factor grid (screenshots, 5 images)",third_party_analyst_screenshot,UNKNOWN - owner to supply,UNKNOWN - owner to supply,"Underdog Fantasy ADP (best-ball), 2026",2026,TE,25,Greg Dulcich,Greg Dulcich,,Rank in Team Targets,situational,binary_vs_avg,1.43,Yes,green,5,Y,high,"programmatic cell-fill sampling, validated vs published colour counts"
TE_FACTOR_GRID_2026,"Analyst colour-coded TE factor grid (screenshots, 5 images)",third_party_analyst_screenshot,UNKNOWN - owner to supply,UNKNOWN - owner to supply,"Underdog Fantasy ADP (best-ball), 2026",2026,TE,25,Greg Dulcich,Greg Dulcich,,Rank in Receiving Touchdown,situational,binary_vs_avg,1.38,Yes,green,5,Y,high,"programmatic cell-fill sampling, validated vs published colour counts"
TE_FACTOR_GRID_2026,"Analyst colour-coded TE factor grid (screenshots, 5 images)",third_party_analyst_screenshot,UNKNOWN - owner to supply,UNKNOWN - owner to supply,"Underdog Fantasy ADP (best-ball), 2026",2026,TE,25,Greg Dulcich,Greg Dulcich,,Route Participation,situational,binary_vs_avg,79.8%,Yes,yellow,3,Y,high,"programmatic cell-fill sampling, validated vs published colour counts"
TE_FACTOR_GRID_2026,"Analyst colour-coded TE factor grid (screenshots, 5 images)",third_party_analyst_screenshot,UNKNOWN - owner to supply,UNKNOWN - owner to supply,"Underdog Fantasy ADP (best-ball), 2026",2026,TE,25,Greg Dulcich,Greg Dulcich,,In-line %,situational,binary_vs_avg,39.0%,?,orange,-1,Y,high,"programmatic cell-fill sampling, validated vs published colour counts"
TE_FACTOR_GRID_2026,"Analyst colour-coded TE factor grid (screenshots, 5 images)",third_party_analyst_screenshot,UNKNOWN - owner to supply,UNKNOWN - owner to supply,"Underdog Fantasy ADP (best-ball), 2026",2026,TE,25,Greg Dulcich,Greg Dulcich,,Rank in Yards per Route Run,situational,binary_vs_avg,5.14,No,red,-3,Y,high,"programmatic cell-fill sampling, validated vs published colour counts"
TE_FACTOR_GRID_2026,"Analyst colour-coded TE factor grid (screenshots, 5 images)",third_party_analyst_screenshot,UNKNOWN - owner to supply,UNKNOWN - owner to supply,"Underdog Fantasy ADP (best-ball), 2026",2026,TE,25,Greg Dulcich,Greg Dulcich,,Injury/Age Concerns?,classification,injury,MC/SC/C,Minimal Concerns,yellow,3,Y,high,"programmatic cell-fill sampling, validated vs published colour counts"
TE_FACTOR_GRID_2026,"Analyst colour-coded TE factor grid (screenshots, 5 images)",third_party_analyst_screenshot,UNKNOWN - owner to supply,UNKNOWN - owner to supply,"Underdog Fantasy ADP (best-ball), 2026",2026,TE,26,Gunnar Helm,Gunnar Helm,,Targets,volume,binary_vs_avg,137.67,No,red,-3,Y,high,"programmatic cell-fill sampling, validated vs published colour counts"
TE_FACTOR_GRID_2026,"Analyst colour-coded TE factor grid (screenshots, 5 images)",third_party_analyst_screenshot,UNKNOWN - owner to supply,UNKNOWN - owner to supply,"Underdog Fantasy ADP (best-ball), 2026",2026,TE,26,Gunnar Helm,Gunnar Helm,,Receptions,volume,binary_vs_avg,97.02,No,red,-3,Y,high,"programmatic cell-fill sampling, validated vs published colour counts"
TE_FACTOR_GRID_2026,"Analyst colour-coded TE factor grid (screenshots, 5 images)",third_party_analyst_screenshot,UNKNOWN - owner to supply,UNKNOWN - owner to supply,"Underdog Fantasy ADP (best-ball), 2026",2026,TE,26,Gunnar Helm,Gunnar Helm,,Touchdowns,volume,binary_vs_avg,9.49,No,red,-3,Y,high,"programmatic cell-fill sampling, validated vs published colour counts"
TE_FACTOR_GRID_2026,"Analyst colour-coded TE factor grid (screenshots, 5 images)",third_party_analyst_screenshot,UNKNOWN - owner to supply,UNKNOWN - owner to supply,"Underdog Fantasy ADP (best-ball), 2026",2026,TE,26,Gunnar Helm,Gunnar Helm,,Offensive Rank in PPG,situational,binary_vs_avg,11.78,No,red,-3,Y,high,"programmatic cell-fill sampling, validated vs published colour counts"
TE_FACTOR_GRID_2026,"Analyst colour-coded TE factor grid (screenshots, 5 images)",third_party_analyst_screenshot,UNKNOWN - owner to supply,UNKNOWN - owner to supply,"Underdog Fantasy ADP (best-ball), 2026",2026,TE,26,Gunnar Helm,Gunnar Helm,,Quarterbacks Rank in QBR,situational,binary_vs_avg,9.70,?,orange,-1,Y,high,"programmatic cell-fill sampling, validated vs published colour counts"
TE_FACTOR_GRID_2026,"Analyst colour-coded TE factor grid (screenshots, 5 images)",third_party_analyst_screenshot,UNKNOWN - owner to supply,UNKNOWN - owner to supply,"Underdog Fantasy ADP (best-ball), 2026",2026,TE,26,Gunnar Helm,Gunnar Helm,,Rank in Team Pass Attempts,situational,binary_vs_avg,11.81,Yes,yellow,3,Y,high,"programmatic cell-fill sampling, validated vs published colour counts"
TE_FACTOR_GRID_2026,"Analyst colour-coded TE factor grid (screenshots, 5 images)",third_party_analyst_screenshot,UNKNOWN - owner to supply,UNKNOWN - owner to supply,"Underdog Fantasy ADP (best-ball), 2026",2026,TE,26,Gunnar Helm,Gunnar Helm,,Rank in Team Targets,situational,binary_vs_avg,1.43,No,red,-3,Y,high,"programmatic cell-fill sampling, validated vs published colour counts"
TE_FACTOR_GRID_2026,"Analyst colour-coded TE factor grid (screenshots, 5 images)",third_party_analyst_screenshot,UNKNOWN - owner to supply,UNKNOWN - owner to supply,"Underdog Fantasy ADP (best-ball), 2026",2026,TE,26,Gunnar Helm,Gunnar Helm,,Rank in Receiving Touchdown,situational,binary_vs_avg,1.38,?,orange,-1,Y,high,"programmatic cell-fill sampling, validated vs published colour counts"
TE_FACTOR_GRID_2026,"Analyst colour-coded TE factor grid (screenshots, 5 images)",third_party_analyst_screenshot,UNKNOWN - owner to supply,UNKNOWN - owner to supply,"Underdog Fantasy ADP (best-ball), 2026",2026,TE,26,Gunnar Helm,Gunnar Helm,,Route Participation,situational,binary_vs_avg,79.8%,?,orange,-1,Y,high,"programmatic cell-fill sampling, validated vs published colour counts"
TE_FACTOR_GRID_2026,"Analyst colour-coded TE factor grid (screenshots, 5 images)",third_party_analyst_screenshot,UNKNOWN - owner to supply,UNKNOWN - owner to supply,"Underdog Fantasy ADP (best-ball), 2026",2026,TE,26,Gunnar Helm,Gunnar Helm,,In-line %,situational,binary_vs_avg,39.0%,?,orange,-1,Y,high,"programmatic cell-fill sampling, validated vs published colour counts"
TE_FACTOR_GRID_2026,"Analyst colour-coded TE factor grid (screenshots, 5 images)",third_party_analyst_screenshot,UNKNOWN - owner to supply,UNKNOWN - owner to supply,"Underdog Fantasy ADP (best-ball), 2026",2026,TE,26,Gunnar Helm,Gunnar Helm,,Rank in Yards per Route Run,situational,binary_vs_avg,5.14,?,orange,-1,Y,high,"programmatic cell-fill sampling, validated vs published colour counts"
TE_FACTOR_GRID_2026,"Analyst colour-coded TE factor grid (screenshots, 5 images)",third_party_analyst_screenshot,UNKNOWN - owner to supply,UNKNOWN - owner to supply,"Underdog Fantasy ADP (best-ball), 2026",2026,TE,26,Gunnar Helm,Gunnar Helm,,Injury/Age Concerns?,classification,injury,MC/SC/C,Minimal Concerns,yellow,3,Y,high,"programmatic cell-fill sampling, validated vs published colour counts"
TE_FACTOR_GRID_2026,"Analyst colour-coded TE factor grid (screenshots, 5 images)",third_party_analyst_screenshot,UNKNOWN - owner to supply,UNKNOWN - owner to supply,"Underdog Fantasy ADP (best-ball), 2026",2026,TE,27,Cade Otton,Cade Otton,,Targets,volume,binary_vs_avg,137.67,No,red,-3,Y,high,"programmatic cell-fill sampling, validated vs published colour counts"
TE_FACTOR_GRID_2026,"Analyst colour-coded TE factor grid (screenshots, 5 images)",third_party_analyst_screenshot,UNKNOWN - owner to supply,UNKNOWN - owner to supply,"Underdog Fantasy ADP (best-ball), 2026",2026,TE,27,Cade Otton,Cade Otton,,Receptions,volume,binary_vs_avg,97.02,No,red,-3,Y,high,"programmatic cell-fill sampling, validated vs published colour counts"
TE_FACTOR_GRID_2026,"Analyst colour-coded TE factor grid (screenshots, 5 images)",third_party_analyst_screenshot,UNKNOWN - owner to supply,UNKNOWN - owner to supply,"Underdog Fantasy ADP (best-ball), 2026",2026,TE,27,Cade Otton,Cade Otton,,Touchdowns,volume,binary_vs_avg,9.49,?,orange,-1,Y,high,"programmatic cell-fill sampling, validated vs published colour counts"
TE_FACTOR_GRID_2026,"Analyst colour-coded TE factor grid (screenshots, 5 images)",third_party_analyst_screenshot,UNKNOWN - owner to supply,UNKNOWN - owner to supply,"Underdog Fantasy ADP (best-ball), 2026",2026,TE,27,Cade Otton,Cade Otton,,Offensive Rank in PPG,situational,binary_vs_avg,11.78,Yes,yellow,3,Y,high,"programmatic cell-fill sampling, validated vs published colour counts"
TE_FACTOR_GRID_2026,"Analyst colour-coded TE factor grid (screenshots, 5 images)",third_party_analyst_screenshot,UNKNOWN - owner to supply,UNKNOWN - owner to supply,"Underdog Fantasy ADP (best-ball), 2026",2026,TE,27,Cade Otton,Cade Otton,,Quarterbacks Rank in QBR,situational,binary_vs_avg,9.70,Yes,yellow,3,Y,high,"programmatic cell-fill sampling, validated vs published colour counts"
TE_FACTOR_GRID_2026,"Analyst colour-coded TE factor grid (screenshots, 5 images)",third_party_analyst_screenshot,UNKNOWN - owner to supply,UNKNOWN - owner to supply,"Underdog Fantasy ADP (best-ball), 2026",2026,TE,27,Cade Otton,Cade Otton,,Rank in Team Pass Attempts,situational,binary_vs_avg,11.81,Yes,yellow,3,Y,high,"programmatic cell-fill sampling, validated vs published colour counts"
TE_FACTOR_GRID_2026,"Analyst colour-coded TE factor grid (screenshots, 5 images)",third_party_analyst_screenshot,UNKNOWN - owner to supply,UNKNOWN - owner to supply,"Underdog Fantasy ADP (best-ball), 2026",2026,TE,27,Cade Otton,Cade Otton,,Rank in Team Targets,situational,binary_vs_avg,1.43,No,red,-3,Y,high,"programmatic cell-fill sampling, validated vs published colour counts"
TE_FACTOR_GRID_2026,"Analyst colour-coded TE factor grid (screenshots, 5 images)",third_party_analyst_screenshot,UNKNOWN - owner to supply,UNKNOWN - owner to supply,"Underdog Fantasy ADP (best-ball), 2026",2026,TE,27,Cade Otton,Cade Otton,,Rank in Receiving Touchdown,situational,binary_vs_avg,1.38,?,orange,-1,Y,high,"programmatic cell-fill sampling, validated vs published colour counts"
TE_FACTOR_GRID_2026,"Analyst colour-coded TE factor grid (screenshots, 5 images)",third_party_analyst_screenshot,UNKNOWN - owner to supply,UNKNOWN - owner to supply,"Underdog Fantasy ADP (best-ball), 2026",2026,TE,27,Cade Otton,Cade Otton,,Route Participation,situational,binary_vs_avg,79.8%,Yes,green,5,Y,high,"programmatic cell-fill sampling, validated vs published colour counts"
TE_FACTOR_GRID_2026,"Analyst colour-coded TE factor grid (screenshots, 5 images)",third_party_analyst_screenshot,UNKNOWN - owner to supply,UNKNOWN - owner to supply,"Underdog Fantasy ADP (best-ball), 2026",2026,TE,27,Cade Otton,Cade Otton,,In-line %,situational,binary_vs_avg,39.0%,Yes,yellow,3,Y,high,"programmatic cell-fill sampling, validated vs published colour counts"
TE_FACTOR_GRID_2026,"Analyst colour-coded TE factor grid (screenshots, 5 images)",third_party_analyst_screenshot,UNKNOWN - owner to supply,UNKNOWN - owner to supply,"Underdog Fantasy ADP (best-ball), 2026",2026,TE,27,Cade Otton,Cade Otton,,Rank in Yards per Route Run,situational,binary_vs_avg,5.14,No,red,-3,Y,high,"programmatic cell-fill sampling, validated vs published colour counts"
TE_FACTOR_GRID_2026,"Analyst colour-coded TE factor grid (screenshots, 5 images)",third_party_analyst_screenshot,UNKNOWN - owner to supply,UNKNOWN - owner to supply,"Underdog Fantasy ADP (best-ball), 2026",2026,TE,27,Cade Otton,Cade Otton,,Injury/Age Concerns?,classification,injury,MC/SC/C,Minimal Concerns,yellow,3,Y,high,"programmatic cell-fill sampling, validated vs published colour counts"
TE_FACTOR_GRID_2026,"Analyst colour-coded TE factor grid (screenshots, 5 images)",third_party_analyst_screenshot,UNKNOWN - owner to supply,UNKNOWN - owner to supply,"Underdog Fantasy ADP (best-ball), 2026",2026,TE,28,Terrance Ferguson,Terrance Ferguson,,Targets,volume,binary_vs_avg,137.67,No,red,-3,Y,high,"programmatic cell-fill sampling, validated vs published colour counts"
TE_FACTOR_GRID_2026,"Analyst colour-coded TE factor grid (screenshots, 5 images)",third_party_analyst_screenshot,UNKNOWN - owner to supply,UNKNOWN - owner to supply,"Underdog Fantasy ADP (best-ball), 2026",2026,TE,28,Terrance Ferguson,Terrance Ferguson,,Receptions,volume,binary_vs_avg,97.02,No,red,-3,Y,high,"programmatic cell-fill sampling, validated vs published colour counts"
TE_FACTOR_GRID_2026,"Analyst colour-coded TE factor grid (screenshots, 5 images)",third_party_analyst_screenshot,UNKNOWN - owner to supply,UNKNOWN - owner to supply,"Underdog Fantasy ADP (best-ball), 2026",2026,TE,28,Terrance Ferguson,Terrance Ferguson,,Touchdowns,volume,binary_vs_avg,9.49,?,orange,-1,Y,high,"programmatic cell-fill sampling, validated vs published colour counts"
TE_FACTOR_GRID_2026,"Analyst colour-coded TE factor grid (screenshots, 5 images)",third_party_analyst_screenshot,UNKNOWN - owner to supply,UNKNOWN - owner to supply,"Underdog Fantasy ADP (best-ball), 2026",2026,TE,28,Terrance Ferguson,Terrance Ferguson,,Offensive Rank in PPG,situational,binary_vs_avg,11.78,Yes,green,5,Y,high,"programmatic cell-fill sampling, validated vs published colour counts"
TE_FACTOR_GRID_2026,"Analyst colour-coded TE factor grid (screenshots, 5 images)",third_party_analyst_screenshot,UNKNOWN - owner to supply,UNKNOWN - owner to supply,"Underdog Fantasy ADP (best-ball), 2026",2026,TE,28,Terrance Ferguson,Terrance Ferguson,,Quarterbacks Rank in QBR,situational,binary_vs_avg,9.70,Yes,green,5,Y,high,"programmatic cell-fill sampling, validated vs published colour counts"
TE_FACTOR_GRID_2026,"Analyst colour-coded TE factor grid (screenshots, 5 images)",third_party_analyst_screenshot,UNKNOWN - owner to supply,UNKNOWN - owner to supply,"Underdog Fantasy ADP (best-ball), 2026",2026,TE,28,Terrance Ferguson,Terrance Ferguson,,Rank in Team Pass Attempts,situational,binary_vs_avg,11.81,Yes,green,5,Y,high,"programmatic cell-fill sampling, validated vs published colour counts"
TE_FACTOR_GRID_2026,"Analyst colour-coded TE factor grid (screenshots, 5 images)",third_party_analyst_screenshot,UNKNOWN - owner to supply,UNKNOWN - owner to supply,"Underdog Fantasy ADP (best-ball), 2026",2026,TE,28,Terrance Ferguson,Terrance Ferguson,,Rank in Team Targets,situational,binary_vs_avg,1.43,No,red,-3,Y,high,"programmatic cell-fill sampling, validated vs published colour counts"
TE_FACTOR_GRID_2026,"Analyst colour-coded TE factor grid (screenshots, 5 images)",third_party_analyst_screenshot,UNKNOWN - owner to supply,UNKNOWN - owner to supply,"Underdog Fantasy ADP (best-ball), 2026",2026,TE,28,Terrance Ferguson,Terrance Ferguson,,Rank in Receiving Touchdown,situational,binary_vs_avg,1.38,?,orange,-1,Y,high,"programmatic cell-fill sampling, validated vs published colour counts"
TE_FACTOR_GRID_2026,"Analyst colour-coded TE factor grid (screenshots, 5 images)",third_party_analyst_screenshot,UNKNOWN - owner to supply,UNKNOWN - owner to supply,"Underdog Fantasy ADP (best-ball), 2026",2026,TE,28,Terrance Ferguson,Terrance Ferguson,,Route Participation,situational,binary_vs_avg,79.8%,?,orange,-1,Y,high,"programmatic cell-fill sampling, validated vs published colour counts"
TE_FACTOR_GRID_2026,"Analyst colour-coded TE factor grid (screenshots, 5 images)",third_party_analyst_screenshot,UNKNOWN - owner to supply,UNKNOWN - owner to supply,"Underdog Fantasy ADP (best-ball), 2026",2026,TE,28,Terrance Ferguson,Terrance Ferguson,,In-line %,situational,binary_vs_avg,39.0%,Yes,yellow,3,Y,high,"programmatic cell-fill sampling, validated vs published colour counts"
TE_FACTOR_GRID_2026,"Analyst colour-coded TE factor grid (screenshots, 5 images)",third_party_analyst_screenshot,UNKNOWN - owner to supply,UNKNOWN - owner to supply,"Underdog Fantasy ADP (best-ball), 2026",2026,TE,28,Terrance Ferguson,Terrance Ferguson,,Rank in Yards per Route Run,situational,binary_vs_avg,5.14,?,orange,-1,Y,high,"programmatic cell-fill sampling, validated vs published colour counts"
TE_FACTOR_GRID_2026,"Analyst colour-coded TE factor grid (screenshots, 5 images)",third_party_analyst_screenshot,UNKNOWN - owner to supply,UNKNOWN - owner to supply,"Underdog Fantasy ADP (best-ball), 2026",2026,TE,28,Terrance Ferguson,Terrance Ferguson,,Injury/Age Concerns?,classification,injury,MC/SC/C,Minimal Concerns,yellow,3,Y,high,"programmatic cell-fill sampling, validated vs published colour counts"
TE_FACTOR_GRID_2026,"Analyst colour-coded TE factor grid (screenshots, 5 images)",third_party_analyst_screenshot,UNKNOWN - owner to supply,UNKNOWN - owner to supply,"Underdog Fantasy ADP (best-ball), 2026",2026,TE,29,Pat Freiermuth,Pat Freiermuth,,Targets,volume,binary_vs_avg,137.67,?,orange,-1,Y,high,"programmatic cell-fill sampling, validated vs published colour counts"
TE_FACTOR_GRID_2026,"Analyst colour-coded TE factor grid (screenshots, 5 images)",third_party_analyst_screenshot,UNKNOWN - owner to supply,UNKNOWN - owner to supply,"Underdog Fantasy ADP (best-ball), 2026",2026,TE,29,Pat Freiermuth,Pat Freiermuth,,Receptions,volume,binary_vs_avg,97.02,?,orange,-1,Y,high,"programmatic cell-fill sampling, validated vs published colour counts"
TE_FACTOR_GRID_2026,"Analyst colour-coded TE factor grid (screenshots, 5 images)",third_party_analyst_screenshot,UNKNOWN - owner to supply,UNKNOWN - owner to supply,"Underdog Fantasy ADP (best-ball), 2026",2026,TE,29,Pat Freiermuth,Pat Freiermuth,,Touchdowns,volume,binary_vs_avg,9.49,?,orange,-1,Y,high,"programmatic cell-fill sampling, validated vs published colour counts"
TE_FACTOR_GRID_2026,"Analyst colour-coded TE factor grid (screenshots, 5 images)",third_party_analyst_screenshot,UNKNOWN - owner to supply,UNKNOWN - owner to supply,"Underdog Fantasy ADP (best-ball), 2026",2026,TE,29,Pat Freiermuth,Pat Freiermuth,,Offensive Rank in PPG,situational,binary_vs_avg,11.78,Yes,yellow,3,Y,high,"programmatic cell-fill sampling, validated vs published colour counts"
TE_FACTOR_GRID_2026,"Analyst colour-coded TE factor grid (screenshots, 5 images)",third_party_analyst_screenshot,UNKNOWN - owner to supply,UNKNOWN - owner to supply,"Underdog Fantasy ADP (best-ball), 2026",2026,TE,29,Pat Freiermuth,Pat Freiermuth,,Quarterbacks Rank in QBR,situational,binary_vs_avg,9.70,?,orange,-1,Y,high,"programmatic cell-fill sampling, validated vs published colour counts"
TE_FACTOR_GRID_2026,"Analyst colour-coded TE factor grid (screenshots, 5 images)",third_party_analyst_screenshot,UNKNOWN - owner to supply,UNKNOWN - owner to supply,"Underdog Fantasy ADP (best-ball), 2026",2026,TE,29,Pat Freiermuth,Pat Freiermuth,,Rank in Team Pass Attempts,situational,binary_vs_avg,11.81,Yes,yellow,3,Y,high,"programmatic cell-fill sampling, validated vs published colour counts"
TE_FACTOR_GRID_2026,"Analyst colour-coded TE factor grid (screenshots, 5 images)",third_party_analyst_screenshot,UNKNOWN - owner to supply,UNKNOWN - owner to supply,"Underdog Fantasy ADP (best-ball), 2026",2026,TE,29,Pat Freiermuth,Pat Freiermuth,,Rank in Team Targets,situational,binary_vs_avg,1.43,?,orange,-1,Y,high,"programmatic cell-fill sampling, validated vs published colour counts"
TE_FACTOR_GRID_2026,"Analyst colour-coded TE factor grid (screenshots, 5 images)",third_party_analyst_screenshot,UNKNOWN - owner to supply,UNKNOWN - owner to supply,"Underdog Fantasy ADP (best-ball), 2026",2026,TE,29,Pat Freiermuth,Pat Freiermuth,,Rank in Receiving Touchdown,situational,binary_vs_avg,1.38,Yes,yellow,3,Y,high,"programmatic cell-fill sampling, validated vs published colour counts"
TE_FACTOR_GRID_2026,"Analyst colour-coded TE factor grid (screenshots, 5 images)",third_party_analyst_screenshot,UNKNOWN - owner to supply,UNKNOWN - owner to supply,"Underdog Fantasy ADP (best-ball), 2026",2026,TE,29,Pat Freiermuth,Pat Freiermuth,,Route Participation,situational,binary_vs_avg,79.8%,Yes,yellow,3,Y,high,"programmatic cell-fill sampling, validated vs published colour counts"
TE_FACTOR_GRID_2026,"Analyst colour-coded TE factor grid (screenshots, 5 images)",third_party_analyst_screenshot,UNKNOWN - owner to supply,UNKNOWN - owner to supply,"Underdog Fantasy ADP (best-ball), 2026",2026,TE,29,Pat Freiermuth,Pat Freiermuth,,In-line %,situational,binary_vs_avg,39.0%,Yes,yellow,3,Y,high,"programmatic cell-fill sampling, validated vs published colour counts"
TE_FACTOR_GRID_2026,"Analyst colour-coded TE factor grid (screenshots, 5 images)",third_party_analyst_screenshot,UNKNOWN - owner to supply,UNKNOWN - owner to supply,"Underdog Fantasy ADP (best-ball), 2026",2026,TE,29,Pat Freiermuth,Pat Freiermuth,,Rank in Yards per Route Run,situational,binary_vs_avg,5.14,?,orange,-1,Y,high,"programmatic cell-fill sampling, validated vs published colour counts"
TE_FACTOR_GRID_2026,"Analyst colour-coded TE factor grid (screenshots, 5 images)",third_party_analyst_screenshot,UNKNOWN - owner to supply,UNKNOWN - owner to supply,"Underdog Fantasy ADP (best-ball), 2026",2026,TE,29,Pat Freiermuth,Pat Freiermuth,,Injury/Age Concerns?,classification,injury,MC/SC/C,Minimal Concerns,yellow,3,Y,high,"programmatic cell-fill sampling, validated vs published colour counts"
TE_FACTOR_GRID_2026,"Analyst colour-coded TE factor grid (screenshots, 5 images)",third_party_analyst_screenshot,UNKNOWN - owner to supply,UNKNOWN - owner to supply,"Underdog Fantasy ADP (best-ball), 2026",2026,TE,30,Mike Gesicki,Mike Gesicki,,Targets,volume,binary_vs_avg,137.67,No,red,-3,Y,high,"programmatic cell-fill sampling, validated vs published colour counts"
TE_FACTOR_GRID_2026,"Analyst colour-coded TE factor grid (screenshots, 5 images)",third_party_analyst_screenshot,UNKNOWN - owner to supply,UNKNOWN - owner to supply,"Underdog Fantasy ADP (best-ball), 2026",2026,TE,30,Mike Gesicki,Mike Gesicki,,Receptions,volume,binary_vs_avg,97.02,No,red,-3,Y,high,"programmatic cell-fill sampling, validated vs published colour counts"
TE_FACTOR_GRID_2026,"Analyst colour-coded TE factor grid (screenshots, 5 images)",third_party_analyst_screenshot,UNKNOWN - owner to supply,UNKNOWN - owner to supply,"Underdog Fantasy ADP (best-ball), 2026",2026,TE,30,Mike Gesicki,Mike Gesicki,,Touchdowns,volume,binary_vs_avg,9.49,No,red,-3,Y,high,"programmatic cell-fill sampling, validated vs published colour counts"
TE_FACTOR_GRID_2026,"Analyst colour-coded TE factor grid (screenshots, 5 images)",third_party_analyst_screenshot,UNKNOWN - owner to supply,UNKNOWN - owner to supply,"Underdog Fantasy ADP (best-ball), 2026",2026,TE,30,Mike Gesicki,Mike Gesicki,,Offensive Rank in PPG,situational,binary_vs_avg,11.78,Yes,green,5,Y,high,"programmatic cell-fill sampling, validated vs published colour counts"
TE_FACTOR_GRID_2026,"Analyst colour-coded TE factor grid (screenshots, 5 images)",third_party_analyst_screenshot,UNKNOWN - owner to supply,UNKNOWN - owner to supply,"Underdog Fantasy ADP (best-ball), 2026",2026,TE,30,Mike Gesicki,Mike Gesicki,,Quarterbacks Rank in QBR,situational,binary_vs_avg,9.70,Yes,green,5,Y,high,"programmatic cell-fill sampling, validated vs published colour counts"
TE_FACTOR_GRID_2026,"Analyst colour-coded TE factor grid (screenshots, 5 images)",third_party_analyst_screenshot,UNKNOWN - owner to supply,UNKNOWN - owner to supply,"Underdog Fantasy ADP (best-ball), 2026",2026,TE,30,Mike Gesicki,Mike Gesicki,,Rank in Team Pass Attempts,situational,binary_vs_avg,11.81,Yes,green,5,Y,high,"programmatic cell-fill sampling, validated vs published colour counts"
TE_FACTOR_GRID_2026,"Analyst colour-coded TE factor grid (screenshots, 5 images)",third_party_analyst_screenshot,UNKNOWN - owner to supply,UNKNOWN - owner to supply,"Underdog Fantasy ADP (best-ball), 2026",2026,TE,30,Mike Gesicki,Mike Gesicki,,Rank in Team Targets,situational,binary_vs_avg,1.43,No,red,-3,Y,high,"programmatic cell-fill sampling, validated vs published colour counts"
TE_FACTOR_GRID_2026,"Analyst colour-coded TE factor grid (screenshots, 5 images)",third_party_analyst_screenshot,UNKNOWN - owner to supply,UNKNOWN - owner to supply,"Underdog Fantasy ADP (best-ball), 2026",2026,TE,30,Mike Gesicki,Mike Gesicki,,Rank in Receiving Touchdown,situational,binary_vs_avg,1.38,No,red,-3,Y,high,"programmatic cell-fill sampling, validated vs published colour counts"
TE_FACTOR_GRID_2026,"Analyst colour-coded TE factor grid (screenshots, 5 images)",third_party_analyst_screenshot,UNKNOWN - owner to supply,UNKNOWN - owner to supply,"Underdog Fantasy ADP (best-ball), 2026",2026,TE,30,Mike Gesicki,Mike Gesicki,,Route Participation,situational,binary_vs_avg,79.8%,No,red,-3,Y,high,"programmatic cell-fill sampling, validated vs published colour counts"
TE_FACTOR_GRID_2026,"Analyst colour-coded TE factor grid (screenshots, 5 images)",third_party_analyst_screenshot,UNKNOWN - owner to supply,UNKNOWN - owner to supply,"Underdog Fantasy ADP (best-ball), 2026",2026,TE,30,Mike Gesicki,Mike Gesicki,,In-line %,situational,binary_vs_avg,39.0%,Yes,green,5,Y,high,"programmatic cell-fill sampling, validated vs published colour counts"
TE_FACTOR_GRID_2026,"Analyst colour-coded TE factor grid (screenshots, 5 images)",third_party_analyst_screenshot,UNKNOWN - owner to supply,UNKNOWN - owner to supply,"Underdog Fantasy ADP (best-ball), 2026",2026,TE,30,Mike Gesicki,Mike Gesicki,,Rank in Yards per Route Run,situational,binary_vs_avg,5.14,No,red,-3,Y,high,"programmatic cell-fill sampling, validated vs published colour counts"
TE_FACTOR_GRID_2026,"Analyst colour-coded TE factor grid (screenshots, 5 images)",third_party_analyst_screenshot,UNKNOWN - owner to supply,UNKNOWN - owner to supply,"Underdog Fantasy ADP (best-ball), 2026",2026,TE,30,Mike Gesicki,Mike Gesicki,,Injury/Age Concerns?,classification,injury,MC/SC/C,Minimal Concerns,yellow,3,Y,high,"programmatic cell-fill sampling, validated vs published colour counts"
TE_FACTOR_GRID_2026,"Analyst colour-coded TE factor grid (screenshots, 5 images)",third_party_analyst_screenshot,UNKNOWN - owner to supply,UNKNOWN - owner to supply,"Underdog Fantasy ADP (best-ball), 2026",2026,TE,31,Eli Stowers,Eli Stowers,,Targets,volume,binary_vs_avg,137.67,?,orange,-1,Y,high,"programmatic cell-fill sampling, validated vs published colour counts"
TE_FACTOR_GRID_2026,"Analyst colour-coded TE factor grid (screenshots, 5 images)",third_party_analyst_screenshot,UNKNOWN - owner to supply,UNKNOWN - owner to supply,"Underdog Fantasy ADP (best-ball), 2026",2026,TE,31,Eli Stowers,Eli Stowers,,Receptions,volume,binary_vs_avg,97.02,?,orange,-1,Y,high,"programmatic cell-fill sampling, validated vs published colour counts"
TE_FACTOR_GRID_2026,"Analyst colour-coded TE factor grid (screenshots, 5 images)",third_party_analyst_screenshot,UNKNOWN - owner to supply,UNKNOWN - owner to supply,"Underdog Fantasy ADP (best-ball), 2026",2026,TE,31,Eli Stowers,Eli Stowers,,Touchdowns,volume,binary_vs_avg,9.49,?,orange,-1,Y,high,"programmatic cell-fill sampling, validated vs published colour counts"
TE_FACTOR_GRID_2026,"Analyst colour-coded TE factor grid (screenshots, 5 images)",third_party_analyst_screenshot,UNKNOWN - owner to supply,UNKNOWN - owner to supply,"Underdog Fantasy ADP (best-ball), 2026",2026,TE,31,Eli Stowers,Eli Stowers,,Offensive Rank in PPG,situational,binary_vs_avg,11.78,Yes,yellow,3,Y,high,"programmatic cell-fill sampling, validated vs published colour counts"
TE_FACTOR_GRID_2026,"Analyst colour-coded TE factor grid (screenshots, 5 images)",third_party_analyst_screenshot,UNKNOWN - owner to supply,UNKNOWN - owner to supply,"Underdog Fantasy ADP (best-ball), 2026",2026,TE,31,Eli Stowers,Eli Stowers,,Quarterbacks Rank in QBR,situational,binary_vs_avg,9.70,?,orange,-1,Y,high,"programmatic cell-fill sampling, validated vs published colour counts"
TE_FACTOR_GRID_2026,"Analyst colour-coded TE factor grid (screenshots, 5 images)",third_party_analyst_screenshot,UNKNOWN - owner to supply,UNKNOWN - owner to supply,"Underdog Fantasy ADP (best-ball), 2026",2026,TE,31,Eli Stowers,Eli Stowers,,Rank in Team Pass Attempts,situational,binary_vs_avg,11.81,?,orange,-1,Y,high,"programmatic cell-fill sampling, validated vs published colour counts"
TE_FACTOR_GRID_2026,"Analyst colour-coded TE factor grid (screenshots, 5 images)",third_party_analyst_screenshot,UNKNOWN - owner to supply,UNKNOWN - owner to supply,"Underdog Fantasy ADP (best-ball), 2026",2026,TE,31,Eli Stowers,Eli Stowers,,Rank in Team Targets,situational,binary_vs_avg,1.43,No,red,-3,Y,high,"programmatic cell-fill sampling, validated vs published colour counts"
TE_FACTOR_GRID_2026,"Analyst colour-coded TE factor grid (screenshots, 5 images)",third_party_analyst_screenshot,UNKNOWN - owner to supply,UNKNOWN - owner to supply,"Underdog Fantasy ADP (best-ball), 2026",2026,TE,31,Eli Stowers,Eli Stowers,,Rank in Receiving Touchdown,situational,binary_vs_avg,1.38,No,red,-3,Y,high,"programmatic cell-fill sampling, validated vs published colour counts"
TE_FACTOR_GRID_2026,"Analyst colour-coded TE factor grid (screenshots, 5 images)",third_party_analyst_screenshot,UNKNOWN - owner to supply,UNKNOWN - owner to supply,"Underdog Fantasy ADP (best-ball), 2026",2026,TE,31,Eli Stowers,Eli Stowers,,Route Participation,situational,binary_vs_avg,79.8%,?,orange,-1,Y,high,"programmatic cell-fill sampling, validated vs published colour counts"
TE_FACTOR_GRID_2026,"Analyst colour-coded TE factor grid (screenshots, 5 images)",third_party_analyst_screenshot,UNKNOWN - owner to supply,UNKNOWN - owner to supply,"Underdog Fantasy ADP (best-ball), 2026",2026,TE,31,Eli Stowers,Eli Stowers,,In-line %,situational,binary_vs_avg,39.0%,Yes,yellow,3,Y,high,"programmatic cell-fill sampling, validated vs published colour counts"
TE_FACTOR_GRID_2026,"Analyst colour-coded TE factor grid (screenshots, 5 images)",third_party_analyst_screenshot,UNKNOWN - owner to supply,UNKNOWN - owner to supply,"Underdog Fantasy ADP (best-ball), 2026",2026,TE,31,Eli Stowers,Eli Stowers,,Rank in Yards per Route Run,situational,binary_vs_avg,5.14,Yes,yellow,3,Y,high,"programmatic cell-fill sampling, validated vs published colour counts"
TE_FACTOR_GRID_2026,"Analyst colour-coded TE factor grid (screenshots, 5 images)",third_party_analyst_screenshot,UNKNOWN - owner to supply,UNKNOWN - owner to supply,"Underdog Fantasy ADP (best-ball), 2026",2026,TE,31,Eli Stowers,Eli Stowers,,Injury/Age Concerns?,classification,injury,MC/SC/C,Minimal Concerns,yellow,3,Y,high,"programmatic cell-fill sampling, validated vs published colour counts"
TE_FACTOR_GRID_2026,"Analyst colour-coded TE factor grid (screenshots, 5 images)",third_party_analyst_screenshot,UNKNOWN - owner to supply,UNKNOWN - owner to supply,"Underdog Fantasy ADP (best-ball), 2026",2026,TE,32,Evan Engram,Evan Engram,,Targets,volume,binary_vs_avg,137.67,No,red,-3,Y,high,"programmatic cell-fill sampling, validated vs published colour counts"
TE_FACTOR_GRID_2026,"Analyst colour-coded TE factor grid (screenshots, 5 images)",third_party_analyst_screenshot,UNKNOWN - owner to supply,UNKNOWN - owner to supply,"Underdog Fantasy ADP (best-ball), 2026",2026,TE,32,Evan Engram,Evan Engram,,Receptions,volume,binary_vs_avg,97.02,No,red,-3,Y,high,"programmatic cell-fill sampling, validated vs published colour counts"
TE_FACTOR_GRID_2026,"Analyst colour-coded TE factor grid (screenshots, 5 images)",third_party_analyst_screenshot,UNKNOWN - owner to supply,UNKNOWN - owner to supply,"Underdog Fantasy ADP (best-ball), 2026",2026,TE,32,Evan Engram,Evan Engram,,Touchdowns,volume,binary_vs_avg,9.49,?,orange,-1,Y,high,"programmatic cell-fill sampling, validated vs published colour counts"
TE_FACTOR_GRID_2026,"Analyst colour-coded TE factor grid (screenshots, 5 images)",third_party_analyst_screenshot,UNKNOWN - owner to supply,UNKNOWN - owner to supply,"Underdog Fantasy ADP (best-ball), 2026",2026,TE,32,Evan Engram,Evan Engram,,Offensive Rank in PPG,situational,binary_vs_avg,11.78,Yes,green,5,Y,high,"programmatic cell-fill sampling, validated vs published colour counts"
TE_FACTOR_GRID_2026,"Analyst colour-coded TE factor grid (screenshots, 5 images)",third_party_analyst_screenshot,UNKNOWN - owner to supply,UNKNOWN - owner to supply,"Underdog Fantasy ADP (best-ball), 2026",2026,TE,32,Evan Engram,Evan Engram,,Quarterbacks Rank in QBR,situational,binary_vs_avg,9.70,Yes,yellow,3,Y,high,"programmatic cell-fill sampling, validated vs published colour counts"
TE_FACTOR_GRID_2026,"Analyst colour-coded TE factor grid (screenshots, 5 images)",third_party_analyst_screenshot,UNKNOWN - owner to supply,UNKNOWN - owner to supply,"Underdog Fantasy ADP (best-ball), 2026",2026,TE,32,Evan Engram,Evan Engram,,Rank in Team Pass Attempts,situational,binary_vs_avg,11.81,Yes,green,5,Y,high,"programmatic cell-fill sampling, validated vs published colour counts"
TE_FACTOR_GRID_2026,"Analyst colour-coded TE factor grid (screenshots, 5 images)",third_party_analyst_screenshot,UNKNOWN - owner to supply,UNKNOWN - owner to supply,"Underdog Fantasy ADP (best-ball), 2026",2026,TE,32,Evan Engram,Evan Engram,,Rank in Team Targets,situational,binary_vs_avg,1.43,No,red,-3,Y,high,"programmatic cell-fill sampling, validated vs published colour counts"
TE_FACTOR_GRID_2026,"Analyst colour-coded TE factor grid (screenshots, 5 images)",third_party_analyst_screenshot,UNKNOWN - owner to supply,UNKNOWN - owner to supply,"Underdog Fantasy ADP (best-ball), 2026",2026,TE,32,Evan Engram,Evan Engram,,Rank in Receiving Touchdown,situational,binary_vs_avg,1.38,No,red,-3,Y,high,"programmatic cell-fill sampling, validated vs published colour counts"
TE_FACTOR_GRID_2026,"Analyst colour-coded TE factor grid (screenshots, 5 images)",third_party_analyst_screenshot,UNKNOWN - owner to supply,UNKNOWN - owner to supply,"Underdog Fantasy ADP (best-ball), 2026",2026,TE,32,Evan Engram,Evan Engram,,Route Participation,situational,binary_vs_avg,79.8%,No,red,-3,Y,high,"programmatic cell-fill sampling, validated vs published colour counts"
TE_FACTOR_GRID_2026,"Analyst colour-coded TE factor grid (screenshots, 5 images)",third_party_analyst_screenshot,UNKNOWN - owner to supply,UNKNOWN - owner to supply,"Underdog Fantasy ADP (best-ball), 2026",2026,TE,32,Evan Engram,Evan Engram,,In-line %,situational,binary_vs_avg,39.0%,Yes,yellow,3,Y,high,"programmatic cell-fill sampling, validated vs published colour counts"
TE_FACTOR_GRID_2026,"Analyst colour-coded TE factor grid (screenshots, 5 images)",third_party_analyst_screenshot,UNKNOWN - owner to supply,UNKNOWN - owner to supply,"Underdog Fantasy ADP (best-ball), 2026",2026,TE,32,Evan Engram,Evan Engram,,Rank in Yards per Route Run,situational,binary_vs_avg,5.14,No,red,-3,Y,high,"programmatic cell-fill sampling, validated vs published colour counts"
TE_FACTOR_GRID_2026,"Analyst colour-coded TE factor grid (screenshots, 5 images)",third_party_analyst_screenshot,UNKNOWN - owner to supply,UNKNOWN - owner to supply,"Underdog Fantasy ADP (best-ball), 2026",2026,TE,32,Evan Engram,Evan Engram,,Injury/Age Concerns?,classification,injury,MC/SC/C,Some Concern,orange,-1,Y,high,"programmatic cell-fill sampling, validated vs published colour counts"
