player,position,nfl_team,name_key,college,college_is_model_recall,ppr_base,ppr_base_source,games_projected,proj_source,proj_as_of,propadj_method,bonus_est_ppr,bonus_scrimmage_games_est,bonus_pass_games_est,factor_score_recomputed,factor_score_rank,factor_score_normalized,adp_minus_score_rank,archetype,archetype_cohort_mapping,injury_concern,p_returned_on_adp,p_got_injured,p_boomed,p_busted,p_fine,prob_basis,prob_is_player_specific,tier_color,tier_rank,ol_blend_rank,ol_blend_tier,ol_source_gap_pff_minus_clay,reference_source,reference_adp_value,reference_adp_rank,reference_as_of,comparison_source,comparison_adp_value,comparison_adp_rank,comparison_adp_min,comparison_adp_max,comparison_adp_n,comparison_adp_usable,comparison_as_of,adp_rank_divergence,team_conflict,data_quality_note,join_coverage,intel_windows,intel_priority,intel_tag,intel_note,rank,team,clay_pos_rk,clay_ff_pts,clay_games,clay_pass_att,clay_comp,clay_pass_yds,clay_pass_tds,clay_int,clay_sacked,clay_rush_att,clay_rush_yds,clay_rush_tds,mkt_pass_yds,mkt_pass_yds_book,mkt_as_of,adj_pass_yds,adj_pass_tds,adj_rush_yds,adj_rush_tds,adj_pass_att,adj_comp,adj_rush_att,ppr_clay_17g,ppr_clay_propadj,mkt_vs_clay17_pass_yds,mkt_vs_clayadj_pass_yds,ppr_per_game_propadj,scrimmage_yds_per_game,pass_yds_per_game,clay_targets,clay_receptions,clay_rec_yds,clay_rec_tds,clay_carry_share,clay_target_share,mkt_rush_yds,mkt_rec_yds,mkt_rush_tds,mkt_book,adj_targets,adj_receptions,adj_rec_yds,adj_rec_tds,mkt_vs_clay17_rush_yds,mkt_vs_clayadj_rush_yds,mkt_receptions,mkt_rec_tds,ppr_market,mkt_minus_clay17,mkt_minus_clayadj,analysis_id,season,adp_position_rank,player_name_normalized,player_name_source,archetype_cohort_used,caveat,reference_nfl_team,reference_adp_min,reference_adp_max,reference_adp_n,reference_adp_usable,comparison_nfl_team
Josh Allen,QB,BUF,josh allen,,,368.43,projection_propadj,17.0,"Mike Clay / ESPN, 17-game",2026-08-13,"Clay's guidance: minus 3 games (RB) / 2 games (QB,WR,TE)",12.31587214491956,0.6056244305806485,3.499666284392538,41.0,1.0,1.0,0.0,,NONE - QB analysis has no archetype row and no hit-rate table,,,,,,,NO base rates available for QB - the analyst supplied no archetype back-test for this position,N,purple,1.0,5.0,1.0,1.0,Sleeper,21.0,21.0,2026-08-29,NFFC,35.8,34.0,5.0,62.0,97.0,True,2026-08-29,13.0,False,,both,29,5.0,target,Only QB worth taking this early,1.0,BUF,1.0,369.0,17.0,509.0,340.0,3945.0,26.0,12.0,36.0,116.0,579.0,12.0,3624.5,DraftKings,2026-08-10,3480.9,22.9,510.9,10.6,449.1,300.0,102.4,417.7,368.43,-320.5,143.6,21.67,34.05882352941177,232.05882352941177,,,,,,,,,,,,,,,,,,,,,,QB_PLAYER_PRIORS_2026,2026.0,1.0,Josh Allen,Josh Allen,,"factor_score is an ordinal composite of colour-coded judgments measured against ELITE QB benchmarks, NOT fantasy points; not comparable across positions",BUF,,,,True,BUF
Lamar Jackson,QB,BAL,lamar jackson,,,331.86,projection_propadj,17.0,"Mike Clay / ESPN, 17-game",2026-08-13,"Clay's guidance: minus 3 games (RB) / 2 games (QB,WR,TE)",12.817651183465639,0.8871281291632623,3.3854222653252837,27.0,9.0,0.7742,-7.0,,NONE - QB analysis has no archetype row and no hit-rate table,,,,,,,NO base rates available for QB - the analyst supplied no archetype back-test for this position,N,green,2.0,22.0,3.0,7.0,Sleeper,32.0,32.0,2026-08-29,NFFC,69.41,68.0,13.0,110.0,97.0,True,2026-08-29,36.0,False,,both,,,,,2.0,BLT,2.0,322.0,17.0,467.0,303.0,3886.0,26.0,10.0,39.0,122.0,671.0,4.0,3249.5,DraftKings,2026-08-10,3428.8,22.9,592.1,3.5,412.1,267.4,107.6,376.54,331.86,-636.5,-179.3,19.52,39.470588235294116,228.58823529411765,,,,,,,,,,,,,,,,,,,,,,QB_PLAYER_PRIORS_2026,2026.0,2.0,Lamar Jackson,Lamar Jackson,,"factor_score is an ordinal composite of colour-coded judgments measured against ELITE QB benchmarks, NOT fantasy points; not comparable across positions",BAL,,,,True,BAL
Drake Maye,QB,NE,drake maye,,,331.44,projection_propadj,17.0,"Mike Clay / ESPN, 17-game",2026-08-13,"Clay's guidance: minus 3 games (RB) / 2 games (QB,WR,TE)",12.808935844155677,0.48000517629460776,3.7896401050906183,33.0,7.0,0.871,-4.0,,NONE - QB analysis has no archetype row and no hit-rate table,,,,,,,NO base rates available for QB - the analyst supplied no archetype back-test for this position,N,purple,1.0,13.0,2.0,-4.0,Sleeper,48.0,48.0,2026-08-29,NFFC,69.27,67.0,11.0,101.0,97.0,True,2026-08-29,19.0,False,,both,,,,,3.0,NE,4.0,319.0,17.0,520.0,355.0,4094.0,27.0,11.0,47.0,101.0,532.0,4.0,3799.5,DraftKings,2026-08-10,3612.4,23.8,469.4,3.5,458.8,313.2,89.1,375.96,331.44,-294.5,187.1,19.5,31.294117647058822,240.8235294117647,,,,,,,,,,,,,,,,,,,,,,QB_PLAYER_PRIORS_2026,2026.0,3.0,Drake Maye,Drake Maye,,"factor_score is an ordinal composite of colour-coded judgments measured against ELITE QB benchmarks, NOT fantasy points; not comparable across positions",NE,,,,True,NE
Jalen Hurts,QB,PHI,jalen hurts,,,325.46,projection_propadj,17.0,"Mike Clay / ESPN, 17-game",2026-08-13,"Clay's guidance: minus 3 games (RB) / 2 games (QB,WR,TE)",10.357436451382833,0.2711452812963814,3.18133353583123,23.0,12.0,0.7097,-5.0,,NONE - QB analysis has no archetype row and no hit-rate table,,,,,,,NO base rates available for QB - the analyst supplied no archetype back-test for this position,N,green,2.0,2.0,1.0,-3.0,Sleeper,59.0,59.0,2026-08-29,NFFC,104.7,103.0,38.0,151.0,97.0,True,2026-08-29,44.0,False,,both,,,,,4.0,PHI,3.0,321.0,17.0,499.0,328.0,3780.0,24.0,9.0,39.0,106.0,438.0,9.0,3249.5,DraftKings,2026-08-10,3335.3,21.2,386.5,7.9,440.3,289.4,93.5,369.0,325.46,-530.5,-85.8,19.14,25.764705882352942,222.35294117647058,,,,,,,,,,,,,,,,,,,,,,QB_PLAYER_PRIORS_2026,2026.0,7.0,Jalen Hurts,Jalen Hurts,,"factor_score is an ordinal composite of colour-coded judgments measured against ELITE QB benchmarks, NOT fantasy points; not comparable across positions",PHI,,,,True,PHI
Jayden Daniels,QB,WAS,jayden daniels,,,318.54,projection_propadj,17.0,"Mike Clay / ESPN, 17-game",2026-08-13,"Clay's guidance: minus 3 games (RB) / 2 games (QB,WR,TE)",12.62243527490892,0.8838391388149338,3.323639286154706,9.0,18.0,0.4839,-14.0,,NONE - QB analysis has no archetype row and no hit-rate table,,,,,,,NO base rates available for QB - the analyst supplied no archetype back-test for this position,N,gold,4.0,32.0,4.0,3.0,Sleeper,64.0,64.0,2026-08-29,NFFC,94.64,93.0,46.0,144.0,97.0,True,2026-08-29,29.0,False,,both,,,,,5.0,WAS,5.0,318.0,17.0,520.0,347.0,3854.0,22.0,10.0,39.0,131.0,670.0,5.0,3249.5,DraftKings,2026-08-10,3400.6,19.4,591.2,4.4,458.8,306.2,115.6,361.16,318.54,-604.5,-151.1,18.74,39.411764705882355,226.7058823529412,,,,,,,,,,,,,,,,,,,,,,QB_PLAYER_PRIORS_2026,2026.0,4.0,Jayden Daniels,Jayden Daniels,,"factor_score is an ordinal composite of colour-coded judgments measured against ELITE QB benchmarks, NOT fantasy points; not comparable across positions",WAS,,,,True,WAS
Joe Burrow,QB,CIN,joe burrow,,,318.46,projection_propadj,17.0,"Mike Clay / ESPN, 17-game",2026-08-13,"Clay's guidance: minus 3 games (RB) / 2 games (QB,WR,TE)",11.570157356343376,0.012422677114974313,3.8442964416661516,37.0,5.0,0.9355,0.0,,NONE - QB analysis has no archetype row and no hit-rate table,,,,,,,NO base rates available for QB - the analyst supplied no archetype back-test for this position,N,purple,1.0,27.0,4.0,-9.0,Sleeper,51.0,51.0,2026-08-29,NFFC,65.9,64.0,8.0,108.0,97.0,True,2026-08-29,13.0,False,,both,,,,,6.0,CIN,6.0,304.0,17.0,569.0,385.0,4122.0,33.0,11.0,41.0,52.0,189.0,2.0,3999.5,DraftKings,2026-08-10,3637.1,29.1,166.8,1.8,502.1,339.7,45.9,360.78,318.46,-122.5,362.4,18.73,11.117647058823529,242.47058823529412,,,,,,,,,,,,,,,,,,,,,,QB_PLAYER_PRIORS_2026,2026.0,5.0,Joe Burrow,Joe Burrow,,"factor_score is an ordinal composite of colour-coded judgments measured against ELITE QB benchmarks, NOT fantasy points; not comparable across positions",CIN,,,,True,CIN
Matthew Stafford,QB,LAR,matthew stafford,,,314.47,projection_propadj,17.0,"Mike Clay / ESPN, 17-game",2026-08-13,"Clay's guidance: minus 3 games (RB) / 2 games (QB,WR,TE)",12.471180465021815,2.3094793519393843e-06,4.15705784552792,37.0,6.0,0.9355,8.0,,NONE - QB analysis has no archetype row and no hit-rate table,,,,,,,NO base rates available for QB - the analyst supplied no archetype back-test for this position,N,purple,1.0,8.0,1.0,6.0,Sleeper,96.0,96.0,2026-08-29,NFFC,112.7,109.0,57.0,164.0,97.0,True,2026-08-29,13.0,False,,both,,,,,7.0,LAR,9.0,293.0,17.0,558.0,356.0,4282.0,35.0,10.0,32.0,27.0,39.0,1.0,3949.5,DraftKings,2026-08-10,3778.2,30.9,34.4,0.9,492.4,314.1,23.8,356.18,314.47,-332.5,171.3,18.5,2.2941176470588234,251.88235294117646,,,,,,,,,,,,,,,,,,,,,,QB_PLAYER_PRIORS_2026,2026.0,14.0,Matthew Stafford,Matthew Stafford,,"factor_score is an ordinal composite of colour-coded judgments measured against ELITE QB benchmarks, NOT fantasy points; not comparable across positions",LAR,,,,True,LAR
Brock Purdy,QB,SF,brock purdy,Iowa State,True,312.0,projection_propadj,17.0,"Mike Clay / ESPN, 17-game",2026-08-13,"Clay's guidance: minus 3 games (RB) / 2 games (QB,WR,TE)",12.050409290906183,0.057235428051484495,3.959567668917243,21.0,14.0,0.6774,-2.0,,NONE - QB analysis has no archetype row and no hit-rate table,,,,,,,NO base rates available for QB - the analyst supplied no archetype back-test for this position,N,green,2.0,7.0,1.0,5.0,Sleeper,122.0,122.0,2026-08-29,NFFC,118.1,116.0,58.0,156.0,97.0,True,2026-08-29,-6.0,False,,both,116,4.0,target,QB2 — designated sacrifice per R11,8.0,SF,10.0,292.0,17.0,530.0,352.0,4181.0,27.0,14.0,34.0,65.0,277.0,4.0,3799.5,DraftKings,2026-08-10,3689.1,23.8,244.4,3.5,467.6,310.6,57.4,353.94,312.0,-381.5,110.4,18.35,16.294117647058822,245.94117647058823,,,,,,,,,,,,,,,,,,,,,,QB_PLAYER_PRIORS_2026,2026.0,12.0,Brock Purdy,Brock Purdy,,"factor_score is an ordinal composite of colour-coded judgments measured against ELITE QB benchmarks, NOT fantasy points; not comparable across positions",SF,,,,True,SF
Jaxson Dart,QB,NYG,jaxson dart,,,308.69,projection_propadj,17.0,"Mike Clay / ESPN, 17-game",2026-08-13,"Clay's guidance: minus 3 games (RB) / 2 games (QB,WR,TE)",10.626328121196384,0.5344912704763991,3.0076181032557288,-3.0,24.0,0.2903,-11.0,,NONE - QB analysis has no archetype row and no hit-rate table,,,,,,,NO base rates available for QB - the analyst supplied no archetype back-test for this position,N,red,5.0,21.0,3.0,6.0,Sleeper,91.0,91.0,2026-08-29,NFFC,127.88,128.0,66.0,176.0,97.0,True,2026-08-29,37.0,False,,both,,,,,9.0,NYG,7.0,301.0,17.0,504.0,327.0,3689.0,21.0,10.0,41.0,101.0,553.0,7.0,3150.5,DraftKings,2026-08-10,3255.0,18.5,487.9,6.2,444.7,288.5,89.1,349.86,308.69,-538.5,-104.5,18.16,32.529411764705884,217.0,,,,,,,,,,,,,,,,,,,,,,QB_PLAYER_PRIORS_2026,2026.0,13.0,Jaxson Dart,Jaxson Dart,,"factor_score is an ordinal composite of colour-coded judgments measured against ELITE QB benchmarks, NOT fantasy points; not comparable across positions",NYG,,,,True,NYG
Dak Prescott,QB,DAL,dak prescott,,,305.12,projection_propadj,17.0,"Mike Clay / ESPN, 17-game",2026-08-13,"Clay's guidance: minus 3 games (RB) / 2 games (QB,WR,TE)",11.555971933640937,0.011599438472813712,3.840391206074165,27.0,10.0,0.7742,-2.0,,NONE - QB analysis has no archetype row and no hit-rate table,,,,,,,NO base rates available for QB - the analyst supplied no archetype back-test for this position,N,green,2.0,16.0,2.0,0.0,Sleeper,78.0,78.0,2026-08-29,NFFC,95.86,97.0,29.0,137.0,97.0,True,2026-08-29,19.0,False,,both,,,,,10.0,DAL,13.0,287.0,17.0,556.0,372.0,4120.0,30.0,12.0,35.0,51.0,186.0,2.0,3999.5,DraftKings,2026-08-10,3635.3,26.5,164.1,1.8,490.6,328.2,45.0,345.4,305.12,-120.5,364.2,17.95,10.941176470588236,242.35294117647058,,,,,,,,,,,,,,,,,,,,,,QB_PLAYER_PRIORS_2026,2026.0,8.0,Dak Prescott,Dak Prescott,,"factor_score is an ordinal composite of colour-coded judgments measured against ELITE QB benchmarks, NOT fantasy points; not comparable across positions",DAL,,,,True,DAL
Trevor Lawrence,QB,JAX,trevor lawrence,,,305.01,projection_propadj,17.0,"Mike Clay / ESPN, 17-game",2026-08-13,"Clay's guidance: minus 3 games (RB) / 2 games (QB,WR,TE)",10.736066207204313,0.11198101212849826,3.466707723606273,33.0,8.0,0.871,2.0,,NONE - QB analysis has no archetype row and no hit-rate table,,,,,,,NO base rates available for QB - the analyst supplied no archetype back-test for this position,N,purple,1.0,26.0,4.0,13.0,Sleeper,100.0,100.0,2026-08-29,NFFC,95.24,95.0,38.0,136.0,97.0,True,2026-08-29,-5.0,False,,both,92,1.0,target,⚠ Bottom of his ADP band — see Hurts/Stafford,11.0,JAX,12.0,287.0,17.0,560.0,347.0,3928.0,25.0,13.0,38.0,73.0,334.0,5.0,3774.5,DraftKings,2026-08-10,3465.9,22.1,294.7,4.4,494.1,306.2,64.4,345.52,305.01,-153.5,308.6,17.94,19.647058823529413,231.05882352941177,,,,,,,,,,,,,,,,,,,,,,QB_PLAYER_PRIORS_2026,2026.0,10.0,Trevor Lawrence,Trevor Lawrence,,"factor_score is an ordinal composite of colour-coded judgments measured against ELITE QB benchmarks, NOT fantasy points; not comparable across positions",JAX,,,,True,JAX
Bo Nix,QB,DEN,bo nix,,,303.61,projection_propadj,17.0,"Mike Clay / ESPN, 17-game",2026-08-13,"Clay's guidance: minus 3 games (RB) / 2 games (QB,WR,TE)",10.498448283926509,0.13917621249657663,3.36030654881226,39.0,4.0,0.9677,11.0,,NONE - QB analysis has no archetype row and no hit-rate table,,,,,,,NO base rates available for QB - the analyst supplied no archetype back-test for this position,N,purple,1.0,1.0,1.0,0.0,Sleeper,120.0,120.0,2026-08-29,NFFC,123.72,120.0,57.0,170.0,97.0,True,2026-08-29,0.0,False,,both,,,,,12.0,DEN,8.0,295.0,17.0,565.0,364.0,3873.0,26.0,11.0,27.0,82.0,356.0,4.0,3499.5,DraftKings,2026-08-10,3417.4,22.9,314.1,3.5,498.5,321.2,72.4,344.52,303.61,-373.5,82.1,17.86,20.941176470588236,227.8235294117647,,,,,,,,,,,,,,,,,,,,,,QB_PLAYER_PRIORS_2026,2026.0,15.0,Bo Nix,Bo Nix,,"factor_score is an ordinal composite of colour-coded judgments measured against ELITE QB benchmarks, NOT fantasy points; not comparable across positions",DEN,,,,True,DEN
Patrick Mahomes,QB,KC,patrick mahomes,,,299.79,projection_propadj,17.0,"Mike Clay / ESPN, 17-game",2026-08-13,"Clay's guidance: minus 3 games (RB) / 2 games (QB,WR,TE)",11.08748336283494,0.10294429460293761,3.5928834930087086,25.0,11.0,0.7419,0.0,,NONE - QB analysis has no archetype row and no hit-rate table,,,,,,,NO base rates available for QB - the analyst supplied no archetype back-test for this position,N,green,2.0,10.0,2.0,-9.0,Sleeper,107.0,107.0,2026-08-29,NFFC,126.72,123.0,71.0,170.0,97.0,True,2026-08-29,16.0,False,,both,,,,,13.0,KC,11.0,290.0,17.0,551.0,358.0,3993.0,26.0,12.0,34.0,53.0,326.0,3.0,,,,3523.2,22.9,287.6,2.6,486.2,315.9,46.8,340.32,299.79,,,17.63,19.176470588235293,234.88235294117646,,,,,,,,,,,,,,,,,,,,,,QB_PLAYER_PRIORS_2026,2026.0,11.0,Patrick Mahomes,Patrick Mahomes,,"factor_score is an ordinal composite of colour-coded judgments measured against ELITE QB benchmarks, NOT fantasy points; not comparable across positions",KC,,,,True,KC
Justin Herbert,QB,LAC,justin herbert,,,296.86,projection_propadj,17.0,"Mike Clay / ESPN, 17-game",2026-08-13,"Clay's guidance: minus 3 games (RB) / 2 games (QB,WR,TE)",10.566379336287747,0.2139111278495048,3.3082153175797444,39.0,3.0,0.9677,6.0,,NONE - QB analysis has no archetype row and no hit-rate table,,,,,,,NO base rates available for QB - the analyst supplied no archetype back-test for this position,N,purple,1.0,6.0,1.0,2.0,Sleeper,82.0,82.0,2026-08-29,NFFC,94.02,91.0,40.0,144.0,97.0,True,2026-08-29,9.0,False,,both,,,,,14.0,LAC,14.0,283.0,17.0,528.0,345.0,3846.0,26.0,11.0,45.0,78.0,406.0,2.0,3650.5,DraftKings,2026-08-10,3393.5,22.9,358.2,1.8,465.9,304.4,68.8,336.44,296.86,-195.5,257.0,17.46,23.88235294117647,226.23529411764707,,,,,,,,,,,,,,,,,,,,,,QB_PLAYER_PRIORS_2026,2026.0,9.0,Justin Herbert,Justin Herbert,,"factor_score is an ordinal composite of colour-coded judgments measured against ELITE QB benchmarks, NOT fantasy points; not comparable across positions",LAC,,,,True,LAC
Caleb Williams,QB,CHI,caleb williams,,,289.94,projection_propadj,17.0,"Mike Clay / ESPN, 17-game",2026-08-13,"Clay's guidance: minus 3 games (RB) / 2 games (QB,WR,TE)",10.31914411465469,0.17579187873152602,3.2639228261533706,39.0,2.0,0.9677,4.0,,NONE - QB analysis has no archetype row and no hit-rate table,,,,,,,NO base rates available for QB - the analyst supplied no archetype back-test for this position,N,purple,1.0,4.0,1.0,0.0,Sleeper,71.0,71.0,2026-08-29,NFFC,87.82,84.0,28.0,142.0,97.0,True,2026-08-29,13.0,False,,both,,,,,15.0,CHI,15.0,282.0,17.0,528.0,317.0,3823.0,25.0,10.0,32.0,71.0,382.0,2.0,3649.5,DraftKings,2026-08-10,3373.2,22.1,337.1,1.8,465.9,279.7,62.6,328.12,289.94,-173.5,276.3,17.06,22.470588235294116,224.88235294117646,,,,,,,,,,,,,,,,,,,,,,QB_PLAYER_PRIORS_2026,2026.0,6.0,Caleb Williams,Caleb Williams,,"factor_score is an ordinal composite of colour-coded judgments measured against ELITE QB benchmarks, NOT fantasy points; not comparable across positions",CHI,,,,True,CHI
Jared Goff,QB,DET,jared goff,,,286.68,projection_propadj,17.0,"Mike Clay / ESPN, 17-game",2026-08-13,"Clay's guidance: minus 3 games (RB) / 2 games (QB,WR,TE)",12.095745446568806,1.1436404236290952e-05,4.031903712452032,23.0,13.0,0.7097,3.0,,NONE - QB analysis has no archetype row and no hit-rate table,,,,,,,NO base rates available for QB - the analyst supplied no archetype back-test for this position,N,green,2.0,18.0,3.0,2.0,Sleeper,133.0,132.0,2026-08-29,NFFC,117.16,113.0,41.0,162.0,97.0,True,2026-08-29,-19.0,False,,both,125,1.0,target,,16.0,DET,16.0,269.0,17.0,544.0,371.0,4218.0,29.0,10.0,35.0,27.0,50.0,1.0,4099.5,DraftKings,2026-08-10,3721.8,25.6,44.1,0.9,480.0,327.4,23.8,324.72,286.68,-118.5,377.7,16.86,2.9411764705882355,248.11764705882354,,,,,,,,,,,,,,,,,,,,,,QB_PLAYER_PRIORS_2026,2026.0,16.0,Jared Goff,Jared Goff,,"factor_score is an ordinal composite of colour-coded judgments measured against ELITE QB benchmarks, NOT fantasy points; not comparable across positions",DET,,,,True,DET
Baker Mayfield,QB,TB,baker mayfield,,,279.59,projection_propadj,17.0,"Mike Clay / ESPN, 17-game",2026-08-13,"Clay's guidance: minus 3 games (RB) / 2 games (QB,WR,TE)",10.122901575783798,0.1007555391860744,3.2735449860751915,19.0,15.0,0.6452,4.0,,NONE - QB analysis has no archetype row and no hit-rate table,,,,,,,NO base rates available for QB - the analyst supplied no archetype back-test for this position,N,yellow,3.0,3.0,1.0,-2.0,Sleeper,143.0,142.0,2026-08-29,NFFC,139.44,136.0,70.0,202.0,97.0,True,2026-08-29,-6.0,False,,both,,,,,17.0,TB,19.0,265.0,17.0,526.0,339.0,3828.0,25.0,12.0,38.0,54.0,324.0,1.0,3599.5,DraftKings,2026-08-10,3377.6,22.1,285.9,0.9,464.1,299.1,47.6,316.52,279.59,-228.5,221.9,16.45,19.058823529411764,225.1764705882353,,,,,,,,,,,,,,,,,,,,,,QB_PLAYER_PRIORS_2026,2026.0,19.0,Baker Mayfield,Baker Mayfield,,"factor_score is an ordinal composite of colour-coded judgments measured against ELITE QB benchmarks, NOT fantasy points; not comparable across positions",TB,,,,True,TB
Daniel Jones,QB,IND,daniel jones,,,278.96,projection_propadj,17.0,"Mike Clay / ESPN, 17-game",2026-08-13,"Clay's guidance: minus 3 games (RB) / 2 games (QB,WR,TE)",9.575649590428952,0.08327739192031719,3.1086058048893332,11.0,17.0,0.5161,8.0,,NONE - QB analysis has no archetype row and no hit-rate table,,,,,,,NO base rates available for QB - the analyst supplied no archetype back-test for this position,N,yellow,3.0,9.0,2.0,-13.0,Sleeper,203.0,200.0,2026-08-29,NFFC,183.45,174.0,107.0,238.0,88.0,True,2026-08-29,-26.0,False,,both,,,,,18.0,IND,17.0,267.0,17.0,527.0,349.0,3742.0,20.0,11.0,43.0,73.0,307.0,6.0,,,,3301.8,17.6,270.9,5.3,465.0,307.9,64.4,316.38,278.96,,,16.41,18.058823529411764,220.11764705882354,,,,,,,,,,,,,,,,,,,,,,QB_PLAYER_PRIORS_2026,2026.0,25.0,Daniel Jones,Daniel Jones,,"factor_score is an ordinal composite of colour-coded judgments measured against ELITE QB benchmarks, NOT fantasy points; not comparable across positions",IND,,,,True,IND
Jordan Love,QB,GB,jordan love,,,275.69,projection_propadj,17.0,"Mike Clay / ESPN, 17-game",2026-08-13,"Clay's guidance: minus 3 games (RB) / 2 games (QB,WR,TE)",10.851791059319213,0.02049149225364894,3.596772194186088,7.0,19.0,0.4516,-1.0,,NONE - QB analysis has no archetype row and no hit-rate table,,,,,,,NO base rates available for QB - the analyst supplied no archetype back-test for this position,N,gold,4.0,25.0,4.0,11.0,Sleeper,149.0,148.0,2026-08-29,NFFC,145.7,140.0,75.0,218.0,97.0,True,2026-08-29,-8.0,False,,both,140,2.0,target,,19.0,GB,20.0,259.0,17.0,531.0,342.0,3995.0,25.0,11.0,29.0,50.0,213.0,1.0,3549.5,DraftKings,2026-08-10,3525.0,22.1,187.9,0.9,468.5,301.8,44.1,312.1,275.69,-445.5,24.5,16.22,12.529411764705882,235.0,,,,,,,,,,,,,,,,,,,,,,QB_PLAYER_PRIORS_2026,2026.0,18.0,Jordan Love,Jordan Love,,"factor_score is an ordinal composite of colour-coded judgments measured against ELITE QB benchmarks, NOT fantasy points; not comparable across positions",GB,,,,True,GB
Tyler Shough,QB,NO,tyler shough,,,271.48,projection_propadj,17.0,"Mike Clay / ESPN, 17-game",2026-08-13,"Clay's guidance: minus 3 games (RB) / 2 games (QB,WR,TE)",10.376045695425745,0.06359398533267116,3.3950879131425773,7.0,20.0,0.4516,0.0,,NONE - QB analysis has no archetype row and no hit-rate table,,,,,,,NO base rates available for QB - the analyst supplied no archetype back-test for this position,N,gold,4.0,15.0,2.0,-1.0,Sleeper,186.0,183.0,2026-08-29,NFFC,149.25,142.0,88.0,203.0,97.0,True,2026-08-29,-41.0,False,,both,,,,,20.0,NO,18.0,265.0,17.0,548.0,356.0,3891.0,20.0,11.0,42.0,66.0,285.0,4.0,3449.5,DraftKings,2026-08-10,3433.2,17.6,251.5,3.5,483.5,314.1,58.2,308.14,271.48,-441.5,16.3,15.97,16.764705882352942,228.88235294117646,,,,,,,,,,,,,,,,,,,,,,QB_PLAYER_PRIORS_2026,2026.0,20.0,Tyler Shough,Tyler Shough,,"factor_score is an ordinal composite of colour-coded judgments measured against ELITE QB benchmarks, NOT fantasy points; not comparable across positions",NO,,,,True,NO
Sam Darnold,QB,SEA,sam darnold,,,264.16,projection_propadj,17.0,"Mike Clay / ESPN, 17-game",2026-08-13,"Clay's guidance: minus 3 games (RB) / 2 games (QB,WR,TE)",10.901197709967931,0.0019467833767858518,3.6317857866125247,-17.0,30.0,0.0645,-7.0,,NONE - QB analysis has no archetype row and no hit-rate table,,,,,,,NO base rates available for QB - the analyst supplied no archetype back-test for this position,N,red,5.0,14.0,2.0,-2.0,Sleeper,175.0,173.0,2026-08-29,NFFC,174.18,166.0,56.0,236.0,92.0,True,2026-08-29,-7.0,False,,both,164,3.0,target,,21.0,SEA,23.0,242.0,17.0,513.0,335.0,4013.0,24.0,12.0,38.0,44.0,126.0,1.0,3699.5,DraftKings,2026-08-10,3540.9,21.2,111.2,0.9,452.6,295.6,38.8,299.12,264.16,-313.5,158.6,15.54,7.411764705882353,236.05882352941177,,,,,,,,,,,,,,,,,,,,,,QB_PLAYER_PRIORS_2026,2026.0,23.0,Sam Darnold,Sam Darnold,,"factor_score is an ordinal composite of colour-coded judgments measured against ELITE QB benchmarks, NOT fantasy points; not comparable across positions",SEA,,,,True,SEA
C.J. Stroud,QB,HOU,cj stroud,Ohio State,True,259.14,projection_propadj,17.0,"Mike Clay / ESPN, 17-game",2026-08-13,"Clay's guidance: minus 3 games (RB) / 2 games (QB,WR,TE)",10.619385134408546,0.03818905996693449,3.5016059848359142,-3.0,25.0,0.2903,-1.0,,NONE - QB analysis has no archetype row and no hit-rate table,,,,,,,NO base rates available for QB - the analyst supplied no archetype back-test for this position,N,gold,4.0,29.0,4.0,-2.0,Sleeper,202.0,199.0,2026-08-29,NFFC,199.48,184.0,108.0,240.0,61.0,True,2026-08-29,-15.0,False,,both,,,,,22.0,HST,22.0,246.0,17.0,551.0,351.0,3946.0,21.0,12.0,39.0,57.0,249.0,1.0,3599.5,DraftKings,2026-08-10,3481.8,18.5,219.7,0.9,486.2,309.7,50.3,293.74,259.14,-346.5,117.7,15.24,14.647058823529411,232.11764705882354,,,,,,,,,,,,,,,,,,,,,,QB_PLAYER_PRIORS_2026,2026.0,24.0,C.J. Stroud,CJ Stroud,,"factor_score is an ordinal composite of colour-coded judgments measured against ELITE QB benchmarks, NOT fantasy points; not comparable across positions",HOU,,,,True,HOU
Kyler Murray,QB,MIN,kyler murray,,,256.91,projection_propadj,17.0,"Mike Clay / ESPN, 17-game",2026-08-13,"Clay's guidance: minus 3 games (RB) / 2 games (QB,WR,TE)",7.966212266431298,0.2826829568857595,2.3727211319246733,15.0,16.0,0.5806,1.0,,NONE - QB analysis has no archetype row and no hit-rate table,,,,,,,NO base rates available for QB - the analyst supplied no archetype back-test for this position,N,yellow,3.0,12.0,2.0,-5.0,Sleeper,159.0,158.0,2026-08-29,NFFC,142.58,139.0,65.0,203.0,97.0,True,2026-08-29,-19.0,False,,both,149,3.0,target,,23.0,MIN,21.0,251.0,17.0,490.0,331.0,3347.0,19.0,10.0,34.0,71.0,444.0,3.0,,,,2953.2,16.8,391.8,2.6,432.4,292.1,62.6,291.28,256.91,,,15.11,26.11764705882353,196.88235294117646,,,,,,,,,,,,,,,,,,,,,,QB_PLAYER_PRIORS_2026,2026.0,17.0,Kyler Murray,Kyler Murray,,"factor_score is an ordinal composite of colour-coded judgments measured against ELITE QB benchmarks, NOT fantasy points; not comparable across positions",MIN,,,,True,MIN
Bryce Young,QB,CAR,bryce young,Alabama,True,251.34,projection_propadj,17.0,"Mike Clay / ESPN, 17-game",2026-08-13,"Clay's guidance: minus 3 games (RB) / 2 games (QB,WR,TE)",8.916051906349098,0.05347241113087709,2.9185448909854887,-11.0,27.0,0.1613,-1.0,,NONE - QB analysis has no archetype row and no hit-rate table,,,,,,,NO base rates available for QB - the analyst supplied no archetype back-test for this position,N,red,5.0,23.0,3.0,9.0,Sleeper,237.0,228.0,2026-08-29,NFFC,217.93,199.0,118.0,231.0,29.0,True,2026-08-29,-29.0,False,,both,,,,,24.0,CAR,24.0,238.0,17.0,540.0,336.0,3642.0,20.0,12.0,37.0,58.0,272.0,2.0,2924.5,DraftKings,2026-08-10,3213.5,17.6,240.0,1.8,476.5,296.5,51.2,284.88,251.34,-717.5,-289.0,14.78,16.0,214.23529411764707,,,,,,,,,,,,,,,,,,,,,,QB_PLAYER_PRIORS_2026,2026.0,26.0,Bryce Young,Bryce Young,,"factor_score is an ordinal composite of colour-coded judgments measured against ELITE QB benchmarks, NOT fantasy points; not comparable across positions",CAR,,,,True,CAR
Geno Smith,QB,NYJ,geno smith,,,247.39,projection_propadj,17.0,"Mike Clay / ESPN, 17-game",2026-08-13,"Clay's guidance: minus 3 games (RB) / 2 games (QB,WR,TE)",9.804205058552593,0.023378451873780046,3.244689900977084,-21.0,32.0,0.0,-3.0,,NONE - QB analysis has no archetype row and no hit-rate table,,,,,,,NO base rates available for QB - the analyst supplied no archetype back-test for this position,N,red,5.0,19.0,3.0,4.0,,,,,NFFC,224.58,205.0,145.0,239.0,29.0,True,2026-08-29,,False,,both,,,,,25.0,NYJ,26.0,232.0,17.0,531.0,361.0,3813.0,20.0,14.0,47.0,58.0,220.0,1.0,,,,3364.4,17.6,194.1,0.9,468.5,318.5,51.2,280.52,247.39,,,14.55,12.941176470588236,224.2941176470588,,,,,,,,,,,,,,,,,,,,,,QB_PLAYER_PRIORS_2026,2026.0,29.0,Geno Smith,Geno Smith,,"factor_score is an ordinal composite of colour-coded judgments measured against ELITE QB benchmarks, NOT fantasy points; not comparable across positions",,,,,,NYJ
Malik Willis,QB,MIA,malik willis,,,246.63,projection_propadj,17.0,"Mike Clay / ESPN, 17-game",2026-08-13,"Clay's guidance: minus 3 games (RB) / 2 games (QB,WR,TE)",9.799687542195471,0.5134156137993194,2.753146900265838,-13.0,28.0,0.129,-7.0,,NONE - QB analysis has no archetype row and no hit-rate table,,,,,,,NO base rates available for QB - the analyst supplied no archetype back-test for this position,N,red,5.0,28.0,4.0,-4.0,Sleeper,194.0,191.0,2026-08-29,NFFC,162.42,155.0,74.0,224.0,96.0,True,2026-08-29,-36.0,False,,both,,,,,26.0,MIA,25.0,237.0,17.0,505.0,322.0,3554.0,13.0,10.0,42.0,106.0,545.0,3.0,2949.5,DraftKings,2026-08-10,3135.9,11.5,480.9,2.6,445.6,284.1,93.5,279.66,246.63,-604.5,-186.4,14.51,32.05882352941177,209.05882352941177,,,,,,,,,,,,,,,,,,,,,,QB_PLAYER_PRIORS_2026,2026.0,21.0,Malik Willis,Malik Willis,,"factor_score is an ordinal composite of colour-coded judgments measured against ELITE QB benchmarks, NOT fantasy points; not comparable across positions",MIA,,,,True,MIA
Aaron Rodgers,QB,PIT,aaron rodgers,,,235.21,projection_propadj,17.0,"Mike Clay / ESPN, 17-game",2026-08-13,"Clay's guidance: minus 3 games (RB) / 2 games (QB,WR,TE)",9.47684047277434,0.00060726002415677,3.1583395642339562,5.0,21.0,0.4194,7.0,,NONE - QB analysis has no archetype row and no hit-rate table,,,,,,,NO base rates available for QB - the analyst supplied no archetype back-test for this position,N,gold,4.0,23.0,3.0,-15.0,Sleeper,243.0,232.0,2026-08-29,NFFC,222.89,204.0,142.0,234.0,28.0,True,2026-08-29,-28.0,False,,both,,,,,27.0,PIT,28.0,218.0,17.0,568.0,363.0,3768.0,20.0,11.0,38.0,28.0,100.0,1.0,3149.5,DraftKings,2026-08-10,3324.7,17.6,88.2,0.9,501.2,320.3,24.7,266.72,235.21,-618.5,-175.2,13.84,5.882352941176471,221.64705882352942,,,,,,,,,,,,,,,,,,,,,,QB_PLAYER_PRIORS_2026,2026.0,28.0,Aaron Rodgers,Aaron Rodgers,,"factor_score is an ordinal composite of colour-coded judgments measured against ELITE QB benchmarks, NOT fantasy points; not comparable across positions",PIT,,,,True,PIT
Cameron Ward,QB,TEN,cameron ward,,,231.41,projection_propadj,17.0,"Mike Clay / ESPN, 17-game",2026-08-13,"Clay's guidance: minus 3 games (RB) / 2 games (QB,WR,TE)",9.436246725508935,0.015783314171529145,3.1296322609981155,-5.0,26.0,0.2581,-4.0,,NONE - QB analysis has no archetype row and no hit-rate table,,,,,,,NO base rates available for QB - the analyst supplied no archetype back-test for this position,N,red,5.0,30.0,4.0,0.0,Sleeper,239.0,229.0,2026-08-29,NFFC,204.02,187.0,113.0,237.0,57.0,True,2026-08-29,-42.0,False,,both,,,,,28.0,TEN,27.0,219.0,17.0,558.0,355.0,3753.0,16.0,10.0,41.0,47.0,200.0,2.0,,,,3311.5,14.1,176.5,1.8,492.4,313.2,41.5,262.12,231.41,,,13.61,11.764705882352942,220.76470588235293,,,,,,,,,,,,,,,,,,,,,,QB_PLAYER_PRIORS_2026,2026.0,22.0,Cam Ward,Cam Ward,,"factor_score is an ordinal composite of colour-coded judgments measured against ELITE QB benchmarks, NOT fantasy points; not comparable across positions",TEN,,,,True,TEN
Jacoby Brissett,QB,ARI,jacoby brissett,,,208.48,projection_propadj,17.0,"Mike Clay / ESPN, 17-game",2026-08-13,"Clay's guidance: minus 3 games (RB) / 2 games (QB,WR,TE)",7.241171847551209,0.019331031329007944,2.3943929178547285,-1.0,23.0,0.3226,7.0,,NONE - QB analysis has no archetype row and no hit-rate table,,,,,,,NO base rates available for QB - the analyst supplied no archetype back-test for this position,N,gold,4.0,20.0,3.0,5.0,Sleeper,290.0,259.0,2026-08-29,NFFC,214.51,197.0,132.0,240.0,45.0,True,2026-08-29,-62.0,False,,both,,,,,29.0,ARZ,29.0,200.0,17.0,517.0,327.0,3359.0,15.0,9.0,40.0,47.0,210.0,1.0,,,,2963.8,13.2,185.3,0.9,456.2,288.5,41.5,236.36,208.48,,,12.26,12.352941176470589,197.58823529411765,,,,,,,,,,,,,,,,,,,,,,QB_PLAYER_PRIORS_2026,2026.0,30.0,Jacoby Brissett,Jacoby Brissett,,"factor_score is an ordinal composite of colour-coded judgments measured against ELITE QB benchmarks, NOT fantasy points; not comparable across positions",ARI,,,,True,ARI
Fernando Mendoza,QB,LV,fernando mendoza,,,200.46,projection_propadj,17.0,"Mike Clay / ESPN, 17-game",2026-08-13,"Clay's guidance: minus 3 games (RB) / 2 games (QB,WR,TE)",5.653403116137434,0.026058359570567326,1.8584093458085773,-19.0,31.0,0.0323,-4.0,,NONE - QB analysis has no archetype row and no hit-rate table,,,,,,,NO base rates available for QB - the analyst supplied no archetype back-test for this position,N,red,5.0,17.0,3.0,1.0,Sleeper,179.0,176.0,2026-08-29,NFFC,227.96,213.0,152.0,272.0,28.0,True,2026-08-29,37.0,False,,both,,,,,30.0,LV,30.0,187.0,17.0,448.0,283.0,3052.0,14.0,10.0,36.0,52.0,226.0,2.0,,,,2692.9,12.4,199.4,1.8,395.3,249.7,45.9,226.68,200.46,,,11.79,13.294117647058824,179.52941176470588,,,,,,,,,,,,,,,,,,,,,,QB_PLAYER_PRIORS_2026,2026.0,27.0,Fernando Mendoza,Fernando Mendoza,,"factor_score is an ordinal composite of colour-coded judgments measured against ELITE QB benchmarks, NOT fantasy points; not comparable across positions",LV,,,,True,LV
Deshaun Watson,QB,CLE,deshaun watson,,,131.59,projection_propadj,17.0,"Mike Clay / ESPN, 17-game",2026-08-13,"Clay's guidance: minus 3 games (RB) / 2 games (QB,WR,TE)",1.5874035241269704,0.01971281507846507,0.5094216929638584,,,,,,,,,,,,,,,,,31.0,4.0,2.0,,,,,NFFC,249.07,327.0,191.0,353.0,27.0,True,2026-08-29,,False,,props_only,,,,,31.0,CLV,31.0,124.0,17.0,311.0,191.0,2042.0,8.0,7.0,31.0,42.0,211.0,1.0,,,,1801.8,7.1,186.2,0.9,274.4,168.5,37.1,148.78,131.59,,,7.74,12.411764705882353,120.11764705882354,,,,,,,,,,,,,,,,,,,,,,,,,,,,,,,,,,CLE
Tua Tagovailoa,QB,ATL,tua tagovailoa,Alabama,True,124.5,projection_propadj,17.0,"Mike Clay / ESPN, 17-game",2026-08-13,"Clay's guidance: minus 3 games (RB) / 2 games (QB,WR,TE)",1.908294360163274,5.0802653012957954e-06,0.6360930397891233,1.0,22.0,0.3548,9.0,,NONE - QB analysis has no archetype row and no hit-rate table,,,,,,,NO base rates available for QB - the analyst supplied no archetype back-test for this position,N,gold,4.0,11.0,2.0,-8.0,Sleeper,261.0,247.0,2026-08-29,NFFC,234.65,219.0,151.0,352.0,27.0,True,2026-08-29,-28.0,False,,both,,,,,32.0,ATL,32.0,115.0,17.0,302.0,204.0,2171.0,10.0,8.0,20.0,16.0,44.0,0.0,,,,1915.6,8.8,38.8,0.0,266.5,180.0,14.1,141.24,124.5,,,7.32,2.588235294117647,127.70588235294117,,,,,,,,,,,,,,,,,,,,,,QB_PLAYER_PRIORS_2026,2026.0,31.0,Tua Tagovailoa,Tua Tagovailoa,,"factor_score is an ordinal composite of colour-coded judgments measured against ELITE QB benchmarks, NOT fantasy points; not comparable across positions",ATL,,,,True,ATL
Michael Penix Jr.,QB,ATL,michael penix,,,122.75,projection_propadj,17.0,"Mike Clay / ESPN, 17-game",2026-08-13,"Clay's guidance: minus 3 games (RB) / 2 games (QB,WR,TE)",1.1306962608604647,0.00014777746840625885,0.37675097615174863,,,,,,,,,,,,,,,,,11.0,2.0,-8.0,Sleeper,240.0,230.0,2026-08-29,NFFC,242.79,263.0,195.0,324.0,26.0,True,2026-08-29,33.0,False,,props_only,,,,,33.0,ATL,33.0,114.0,17.0,265.0,168.0,1886.0,10.0,5.0,16.0,19.0,77.0,1.0,,,,1664.1,8.8,67.9,0.9,233.8,148.2,16.8,139.14,122.75,,,7.22,4.529411764705882,110.94117647058823,,,,,,,,,,,,,,,,,,,,,,,,,,,,,ATL,,,,True,ATL
Shedeur Sanders,QB,CLE,shedeur sanders,,,104.18,projection_propadj,17.0,"Mike Clay / ESPN, 17-game",2026-08-13,"Clay's guidance: minus 3 games (RB) / 2 games (QB,WR,TE)",0.6169776416221766,0.001470244582917109,0.20418896929114178,-15.0,29.0,0.0968,3.0,,NONE - QB analysis has no archetype row and no hit-rate table,,,,,,,NO base rates available for QB - the analyst supplied no archetype back-test for this position,N,red,5.0,31.0,4.0,2.0,Sleeper,260.0,246.0,2026-08-29,NFFC,244.05,289.0,159.0,320.0,26.0,True,2026-08-29,43.0,False,,both,,,,,34.0,CLV,34.0,96.0,17.0,232.0,147.0,1623.0,7.0,6.0,18.0,21.0,119.0,1.0,,,,1432.1,6.2,105.0,0.9,204.7,129.7,18.5,117.82,104.18,,,6.13,7.0,95.47058823529412,,,,,,,,,,,,,,,,,,,,,,QB_PLAYER_PRIORS_2026,2026.0,32.0,Shedeur Sanders,Shedeur Sanders,,"factor_score is an ordinal composite of colour-coded judgments measured against ELITE QB benchmarks, NOT fantasy points; not comparable across positions",CLE,,,,True,CLE
Kirk Cousins,QB,LV,kirk cousins,,,47.87,projection_propadj,17.0,"Mike Clay / ESPN, 17-game",2026-08-13,"Clay's guidance: minus 3 games (RB) / 2 games (QB,WR,TE)",0.020258500273181736,1.5566312737293157e-10,0.006752833268730785,,,,,,,,,,,,,,,,,17.0,3.0,1.0,,,,,NFFC,239.43,223.0,156.0,315.0,26.0,True,2026-08-29,,False,,props_only,,,,,35.0,LV,35.0,46.0,17.0,118.0,78.0,833.0,4.0,3.0,7.0,6.0,11.0,0.0,,,,735.0,3.5,9.7,0.0,104.1,68.8,5.3,54.42,47.87,,,2.82,0.6470588235294118,49.0,,,,,,,,,,,,,,,,,,,,,,,,,,,,,,,,,,LV
J.J. McCarthy,QB,MIN,jj mccarthy,,,43.42,projection_propadj,17.0,"Mike Clay / ESPN, 17-game",2026-08-13,"Clay's guidance: minus 3 games (RB) / 2 games (QB,WR,TE)",0.002468489446747468,5.0802653012957954e-06,0.0008177495502811935,,,,,,,,,,,,,,,,,12.0,2.0,-5.0,,,,,NFFC,252.25,347.0,221.0,356.0,13.0,False,2026-08-29,,False,,props_only,,,,,36.0,MIN,36.0,40.0,17.0,86.0,55.0,599.0,3.0,2.0,6.0,10.0,44.0,1.0,,,,528.5,2.6,38.8,0.9,75.9,48.5,8.8,49.36,43.42,,,2.55,2.588235294117647,35.23529411764706,,,,,,,,,,,,,,,,,,,,,,,,,,,,,,,,,,MIN
Jarrett Stidham,QB,DEN,jarrett stidham,,,10.8,projection_propadj,17.0,"Mike Clay / ESPN, 17-game",2026-08-13,"Clay's guidance: minus 3 games (RB) / 2 games (QB,WR,TE)",3.076562646026163e-08,2.7855659794979876e-12,1.0252423254107711e-08,,,,,,,,,,,,,,,,,1.0,1.0,0.0,,,,,NFFC,244.36,295.0,345.0,355.0,3.0,False,2026-08-29,,False,,props_only,,,,,37.0,DEN,40.0,10.0,17.0,22.0,14.0,161.0,1.0,1.0,2.0,2.0,7.0,0.0,,,,142.1,0.9,6.2,0.0,19.4,12.4,1.8,12.14,10.8,,,0.64,0.4117647058823529,9.470588235294118,,,,,,,,,,,,,,,,,,,,,,,,,,,,,,,,,,DEN
Justin Fields,QB,KC,justin fields,Ohio State,True,10.76,projection_propadj,17.0,"Mike Clay / ESPN, 17-game",2026-08-13,"Clay's guidance: minus 3 games (RB) / 2 games (QB,WR,TE)",1.3200987854053563e-08,2.053687306397736e-09,2.346641978286785e-09,,,,,,,,,,,,,,,,,10.0,2.0,-9.0,,,,,NFFC,254.32,362.0,253.0,359.0,19.0,True,2026-08-29,,False,,props_only,,,,,38.0,KC,38.0,11.0,17.0,21.0,13.0,140.0,1.0,0.0,3.0,3.0,15.0,0.0,,,,123.5,0.9,13.2,0.0,18.5,11.5,2.6,12.1,10.76,,,0.63,0.8823529411764706,8.235294117647058,,,,,,,,,,,,,,,,,,,,,,,,,,,,,,,,,,KC
Joe Flacco,QB,CIN,joe flacco,,,10.38,projection_propadj,17.0,"Mike Clay / ESPN, 17-game",2026-08-13,"Clay's guidance: minus 3 games (RB) / 2 games (QB,WR,TE)",3.722360774262164e-08,2.306462584467218e-21,1.2407869247538238e-08,,,,,,,,,,,,,,,,,27.0,4.0,-9.0,,,,,NFFC,256.9,371.0,277.0,358.0,17.0,True,2026-08-29,,False,,props_only,,,,,39.0,CIN,39.0,11.0,17.0,25.0,15.0,164.0,1.0,1.0,1.0,0.0,1.0,0.0,,,,144.7,0.9,0.9,0.0,22.1,13.2,0.0,11.66,10.38,,,0.61,0.058823529411764705,9.647058823529411,,,,,,,,,,,,,,,,,,,,,,,,,,,,,,,,,,CIN
Carson Beck,QB,ARI,carson beck,,,0.0,projection_propadj,2.0,"Mike Clay / ESPN, 17-game",2026-08-13,"Clay's guidance: minus 3 games (RB) / 2 games (QB,WR,TE)",0.0,0.0,0.0,,,,,,,,,,,,,,,,,20.0,3.0,5.0,,,,,NFFC,258.47,380.0,249.0,356.0,25.0,True,2026-08-29,,False,,props_only,,,,,40.0,ARZ,37.0,29.0,2.0,66.0,41.0,448.0,3.0,2.0,5.0,7.0,29.0,0.0,,,,0.0,0.0,0.0,0.0,0.0,0.0,0.0,35.82,0.0,,,0.0,14.5,224.0,,,,,,,,,,,,,,,,,,,,,,,,,,,,,,,,,,ARI
Jahmyr Gibbs,RB,DET,jahmyr gibbs,,,298.11,projection_propadj,17.0,"Mike Clay / ESPN, 17-game",2026-08-13,"Clay's guidance: minus 3 games (RB) / 2 games (QB,WR,TE)",28.189469590274037,9.396489863424678,0.0,54.0,1.0,1.0,0.0,Prime Multi Time RB1,ASSUMED - no published base rate for this archetype; nearest cohort substituted,Minimal Concerns,0.4615,0.1538,0.2788,0.2019,0.1827,"archetype-level base rate, 2015+ top-20-RB ADP cohort (n=104)",N,,,18.0,3.0,2.0,Sleeper,1.0,1.0,2026-08-29,NFFC,1.09,1.0,1.0,3.0,97.0,True,2026-08-29,0.0,False,,both,,,,,1.0,DET,1.0,365.0,17.0,,,,,,,283.0,1374.0,14.0,,,2026-06-06,,,1131.5,11.5,,,233.1,362.0,298.11,,,17.54,112.94117647058823,0.0,86.0,68.0,546.0,3.0,61.0,16.0,,425.5,,Caesars,70.8,56.0,449.6,2.5,,,,,,,,RB_PLAYER_PRIORS_2026,2026.0,1.0,Jahmyr Gibbs,Jahmyr Gibbs,RB1s In Their Prime,"factor_score is an ordinal composite of colour-coded judgments, NOT fantasy points; RB and WR scores are NOT comparable (different factor counts and cell totals)",DET,,,,True,DET
Bijan Robinson,RB,ATL,bijan robinson,,,288.57,projection_propadj,17.0,"Mike Clay / ESPN, 17-game",2026-08-13,"Clay's guidance: minus 3 games (RB) / 2 games (QB,WR,TE)",33.21339426614795,11.071131422049318,0.0,44.0,2.0,0.8765,0.0,Prime Multi Time RB1,ASSUMED - no published base rate for this archetype; nearest cohort substituted,Minimal Concerns,0.4615,0.1538,0.2788,0.2019,0.1827,"archetype-level base rate, 2015+ top-20-RB ADP cohort (n=104)",N,,,11.0,2.0,-8.0,Sleeper,2.0,2.0,2026-08-29,NFFC,2.02,2.0,1.0,3.0,97.0,True,2026-08-29,0.0,False,,both,,,,,2.0,ATL,2.0,353.0,17.0,,,,,,,287.0,1374.0,8.0,,,2026-06-06,,,1131.5,6.6,,,236.4,350.1,288.57,,,16.97,122.41176470588235,0.0,99.0,76.0,707.0,3.0,66.0,18.0,1125.5,600.5,,Caesars,81.5,62.6,582.2,2.5,-248.5,-6.0,,,,,,RB_PLAYER_PRIORS_2026,2026.0,2.0,Bijan Robinson,Bijan Robinson,RB1s In Their Prime,"factor_score is an ordinal composite of colour-coded judgments, NOT fantasy points; RB and WR scores are NOT comparable (different factor counts and cell totals)",ATL,,,,True,ATL
Christian McCaffrey,RB,SF,christian mccaffrey,,,283.65,projection_propadj,17.0,"Mike Clay / ESPN, 17-game",2026-08-13,"Clay's guidance: minus 3 games (RB) / 2 games (QB,WR,TE)",24.16510882927989,8.05503627642663,0.0,25.0,6.0,0.642,-3.0,Trusty Veteran,exact,Concerned,0.3333,0.2167,0.2,0.1667,0.2833,"archetype-level base rate, 2015+ top-20-RB ADP cohort (n=60)",N,,,7.0,1.0,5.0,Sleeper,6.0,6.0,2026-08-29,NFFC,8.06,7.0,3.0,18.0,97.0,True,2026-08-29,1.0,False,,both,5,2.0,target,Only elite RB1 realistically reachable,3.0,SF,3.0,343.0,17.0,,,,,,,274.0,1131.0,9.0,,,2026-06-06,,,931.4,7.4,,,225.6,344.6,283.65,,,16.69,106.82352941176471,0.0,100.0,79.0,685.0,5.0,62.0,19.0,925.5,575.5,,Caesars,82.4,65.1,564.1,4.1,-205.5,-5.9,,,,,,RB_PLAYER_PRIORS_2026,2026.0,3.0,Christian McCaffrey,Christian McCaffrey,Trusty Veteran,"factor_score is an ordinal composite of colour-coded judgments, NOT fantasy points; RB and WR scores are NOT comparable (different factor counts and cell totals)",SF,,,,True,SF
Jonathan Taylor,RB,IND,jonathan taylor,,,261.84,projection_propadj,17.0,"Mike Clay / ESPN, 17-game",2026-08-13,"Clay's guidance: minus 3 games (RB) / 2 games (QB,WR,TE)",27.085752290919864,9.028584096973288,0.0,13.0,14.0,0.4938,-10.0,Trusty Veteran,exact,Some Concern,0.3333,0.2167,0.2,0.1667,0.2833,"archetype-level base rate, 2015+ top-20-RB ADP cohort (n=60)",N,,,9.0,2.0,-13.0,Sleeper,7.0,7.0,2026-08-29,NFFC,8.59,8.0,4.0,16.0,97.0,True,2026-08-29,1.0,False,,both,,,,,4.0,IND,4.0,317.0,17.0,,,,,,,327.0,1510.0,12.0,,,2026-06-06,,,1243.5,9.9,,,269.3,318.0,261.84,,,15.4,111.17647058823529,0.0,63.0,51.0,380.0,1.0,78.0,12.0,1250.5,,11.5,Caesars,51.9,42.0,312.9,0.8,-259.5,7.0,,,,,,RB_PLAYER_PRIORS_2026,2026.0,4.0,Jonathan Taylor,Jonathan Taylor,Trusty Veteran,"factor_score is an ordinal composite of colour-coded judgments, NOT fantasy points; RB and WR scores are NOT comparable (different factor counts and cell totals)",IND,,,,True,IND
De'Von Achane,RB,MIA,devon achane,,,242.73,projection_propadj,17.0,"Mike Clay / ESPN, 17-game",2026-08-13,"Clay's guidance: minus 3 games (RB) / 2 games (QB,WR,TE)",24.206276429138423,8.068758809712808,0.0,16.0,11.0,0.5309,1.0,Prime Multi Time RB1,ASSUMED - no published base rate for this archetype; nearest cohort substituted,Minimal Concerns,0.4615,0.1538,0.2788,0.2019,0.1827,"archetype-level base rate, 2015+ top-20-RB ADP cohort (n=104)",N,,,28.0,4.0,-4.0,Sleeper,12.0,12.0,2026-08-29,NFFC,16.22,17.0,7.0,23.0,97.0,True,2026-08-29,5.0,False,,both,,,,,5.0,MIA,5.0,293.0,17.0,,,,,,,258.0,1305.0,5.0,,,2026-06-06,,,1074.7,4.1,,,212.5,294.7,242.73,,,14.28,106.88235294117646,0.0,80.0,65.0,512.0,3.0,60.0,16.0,975.5,,,Caesars,65.9,53.5,421.6,2.5,-329.5,-99.2,,,,,,RB_PLAYER_PRIORS_2026,2026.0,12.0,De'Von Achane,Devon Achane,RB1s In Their Prime,"factor_score is an ordinal composite of colour-coded judgments, NOT fantasy points; RB and WR scores are NOT comparable (different factor counts and cell totals)",MIA,,,,True,MIA
James Cook,RB,BUF,james cook,,,233.96,projection_propadj,17.0,"Mike Clay / ESPN, 17-game",2026-08-13,"Clay's guidance: minus 3 games (RB) / 2 games (QB,WR,TE)",19.249631824000893,6.4165439413336305,0.0,38.0,3.0,0.8025,2.0,Prime Multi Time RB1,ASSUMED - no published base rate for this archetype; nearest cohort substituted,Minimal Concerns,0.4615,0.1538,0.2788,0.2019,0.1827,"archetype-level base rate, 2015+ top-20-RB ADP cohort (n=104)",N,,,5.0,1.0,1.0,Sleeper,10.0,10.0,2026-08-29,NFFC,8.71,9.0,2.0,14.0,97.0,True,2026-08-29,-1.0,False,,both,,,,,6.0,BUF,7.0,279.0,17.0,,,,,,,300.0,1400.0,11.0,,,2026-06-06,,,1152.9,9.1,,,247.1,284.2,233.96,,,13.76,100.11764705882354,0.0,46.0,36.0,302.0,2.0,65.0,9.0,1200.5,,10.5,Caesars,37.9,29.6,248.7,1.6,-199.5,47.6,,,,,,RB_PLAYER_PRIORS_2026,2026.0,5.0,James Cook,James Cook,RB1s In Their Prime,"factor_score is an ordinal composite of colour-coded judgments, NOT fantasy points; RB and WR scores are NOT comparable (different factor counts and cell totals)",BUF,,,,True,BUF
Ashton Jeanty,RB,LV,ashton jeanty,,,232.21,projection_propadj,17.0,"Mike Clay / ESPN, 17-game",2026-08-13,"Clay's guidance: minus 3 games (RB) / 2 games (QB,WR,TE)",16.07430795409071,5.35810265136357,0.0,13.0,15.0,0.4938,-9.0,Breakout Candidate,exact,Minimal Concerns,0.4286,0.1786,0.1964,0.1964,0.1964,"archetype-level base rate, 2015+ top-20-RB ADP cohort (n=56)",N,,,17.0,3.0,1.0,Sleeper,14.0,14.0,2026-08-29,NFFC,21.85,22.0,2.0,131.0,96.0,True,2026-08-29,8.0,False,,both,,,,,7.0,LV,6.0,281.0,17.0,,,,,,,281.0,1136.0,7.0,,,,,,935.5,5.8,,,231.4,282.1,232.21,,,13.66,95.94117647058823,0.0,87.0,65.0,495.0,2.0,67.0,16.0,,,,,71.6,53.5,407.6,1.6,,,,,,,,RB_PLAYER_PRIORS_2026,2026.0,6.0,Ashton Jeanty,Ashton Jeanty,Breakout Candidate,"factor_score is an ordinal composite of colour-coded judgments, NOT fantasy points; RB and WR scores are NOT comparable (different factor counts and cell totals)",LV,,,,True,LV
Jeremiyah Love,RB,ARI,jeremiyah love,,,231.15,projection_propadj,17.0,"Mike Clay / ESPN, 17-game",2026-08-13,"Clay's guidance: minus 3 games (RB) / 2 games (QB,WR,TE)",15.494632251765204,5.1648774172550675,0.0,5.0,22.0,0.3951,-9.0,Breakout Candidate,exact,Minimal Concerns,0.4286,0.1786,0.1964,0.1964,0.1964,"archetype-level base rate, 2015+ top-20-RB ADP cohort (n=56)",N,,,20.0,3.0,5.0,Sleeper,26.0,26.0,2026-08-29,NFFC,36.99,36.0,19.0,54.0,97.0,True,2026-08-29,10.0,False,,both,,,,,8.0,ARZ,8.0,279.0,17.0,,,,,,,255.0,1129.0,7.0,,,,,,929.8,5.8,,,210.0,280.8,231.15,,,13.6,95.17647058823529,0.0,86.0,65.0,489.0,2.0,68.0,15.0,,,,,70.8,53.5,402.7,1.6,,,,,,,,RB_PLAYER_PRIORS_2026,2026.0,13.0,Jeremiyah Love,Jeremiyah Love,Breakout Candidate,"factor_score is an ordinal composite of colour-coded judgments, NOT fantasy points; RB and WR scores are NOT comparable (different factor counts and cell totals)",ARI,,,,True,ARI
Breece Hall,RB,NYJ,breece hall,Iowa State,True,229.09,projection_propadj,17.0,"Mike Clay / ESPN, 17-game",2026-08-13,"Clay's guidance: minus 3 games (RB) / 2 games (QB,WR,TE)",14.651992582374266,4.883997527458089,0.0,21.0,9.0,0.5926,5.0,RB1s In Their Prime,exact,Minimal Concerns,0.4615,0.1538,0.2788,0.2019,0.1827,"archetype-level base rate, 2015+ top-20-RB ADP cohort (n=104)",N,,,19.0,3.0,4.0,Sleeper,33.0,33.0,2026-08-29,NFFC,39.96,40.0,21.0,69.0,97.0,True,2026-08-29,7.0,False,,both,,,,,9.0,NYJ,11.0,273.0,17.0,,,,,,,265.0,1163.0,8.0,,,,,,957.8,6.6,,,218.2,277.9,229.09,,,13.48,94.05882352941177,0.0,64.0,52.0,436.0,3.0,61.0,12.0,,,,,52.7,42.8,359.1,2.5,,,,,,,,RB_PLAYER_PRIORS_2026,2026.0,14.0,Breece Hall,Breece Hall,RB1s In Their Prime,"factor_score is an ordinal composite of colour-coded judgments, NOT fantasy points; RB and WR scores are NOT comparable (different factor counts and cell totals)",NYJ,,,,True,NYJ
Saquon Barkley,RB,PHI,saquon barkley,,,225.94,projection_propadj,17.0,"Mike Clay / ESPN, 17-game",2026-08-13,"Clay's guidance: minus 3 games (RB) / 2 games (QB,WR,TE)",17.28264266943531,5.76088088981177,0.0,15.0,12.0,0.5185,-5.0,Trusty Veteran,exact,Concerned,0.3333,0.2167,0.2,0.1667,0.2833,"archetype-level base rate, 2015+ top-20-RB ADP cohort (n=60)",N,,,2.0,1.0,-3.0,Sleeper,13.0,13.0,2026-08-29,NFFC,16.08,16.0,6.0,22.0,97.0,True,2026-08-29,3.0,False,,both,,,,,10.0,PHI,10.0,274.0,17.0,,,,,,,301.0,1287.0,9.0,,,2026-06-06,,,1059.9,7.4,,,247.9,274.8,225.94,,,13.29,97.52941176470588,0.0,59.0,43.0,371.0,2.0,65.0,12.0,1075.5,,,Caesars,48.6,35.4,305.5,1.6,-211.5,15.6,,,,,,RB_PLAYER_PRIORS_2026,2026.0,7.0,Saquon Barkley,Saquon Barkley,Trusty Veteran,"factor_score is an ordinal composite of colour-coded judgments, NOT fantasy points; RB and WR scores are NOT comparable (different factor counts and cell totals)",PHI,,,,True,PHI
Ken Walker III,RB,KC,ken walker,,,225.92,projection_propadj,17.0,"Mike Clay / ESPN, 17-game",2026-08-13,"Clay's guidance: minus 3 games (RB) / 2 games (QB,WR,TE)",15.050336903480538,5.016778967826846,0.0,21.0,8.0,0.5926,1.0,RB1s In Their Prime,exact,Some Concern,0.4615,0.1538,0.2788,0.2019,0.1827,"archetype-level base rate, 2015+ top-20-RB ADP cohort (n=104)",N,,,10.0,2.0,-9.0,Sleeper,19.0,19.0,2026-08-29,NFFC,15.54,14.0,8.0,22.0,97.0,True,2026-08-29,-5.0,False,,both,20,3.0,target,**Nickname alias needed — no ADP joined from either source**,11.0,KC,12.0,273.0,17.0,,,,,,,276.0,1233.0,9.0,,,,,,1015.4,7.4,,,227.3,274.8,225.92,,,13.29,94.58823529411765,0.0,60.0,48.0,375.0,2.0,67.0,11.0,,,,,49.4,39.5,308.8,1.6,,,,,,,,RB_PLAYER_PRIORS_2026,2026.0,9.0,Kenneth Walker III,Ken Walker,RB1s In Their Prime,"factor_score is an ordinal composite of colour-coded judgments, NOT fantasy points; RB and WR scores are NOT comparable (different factor counts and cell totals)",KC,,,,True,KC
Derrick Henry,RB,BAL,derrick henry,,,225.64,projection_propadj,17.0,"Mike Clay / ESPN, 17-game",2026-08-13,"Clay's guidance: minus 3 games (RB) / 2 games (QB,WR,TE)",18.80395786470516,6.267985954901721,0.0,-1.0,26.0,0.321,-15.0,Trusty Veteran,exact,Concerned,0.3333,0.2167,0.2,0.1667,0.2833,"archetype-level base rate, 2015+ top-20-RB ADP cohort (n=60)",N,,,22.0,3.0,7.0,Sleeper,20.0,20.0,2026-08-29,NFFC,21.58,20.0,13.0,34.0,97.0,True,2026-08-29,0.0,False,,both,,,,,12.0,BLT,9.0,274.0,17.0,,,,,,,317.0,1482.0,13.0,,,2026-06-06,,,1220.5,10.7,,,261.1,274.2,225.64,,,13.27,99.52941176470588,0.0,28.0,21.0,210.0,1.0,65.0,6.0,1120.5,,12.5,Caesars,23.1,17.3,172.9,0.8,-361.5,-100.0,,,,,,RB_PLAYER_PRIORS_2026,2026.0,11.0,Derrick Henry,Derrick Henry,Trusty Veteran,"factor_score is an ordinal composite of colour-coded judgments, NOT fantasy points; RB and WR scores are NOT comparable (different factor counts and cell totals)",BAL,,,,True,BAL
Chase Brown,RB,CIN,chase brown,Illinois,True,224.38,projection_propadj,17.0,"Mike Clay / ESPN, 17-game",2026-08-13,"Clay's guidance: minus 3 games (RB) / 2 games (QB,WR,TE)",9.64610131888713,3.21536710629571,0.0,37.0,4.0,0.7901,6.0,RB1s In Their Prime,exact,Minimal Concerns,0.4615,0.1538,0.2788,0.2019,0.1827,"archetype-level base rate, 2015+ top-20-RB ADP cohort (n=104)",N,,,27.0,4.0,-9.0,Sleeper,16.0,16.0,2026-08-29,NFFC,11.77,12.0,7.0,16.0,97.0,True,2026-08-29,-4.0,False,,both,20,1.0,target,Doubted to last to 20,13.0,CIN,13.0,272.0,17.0,,,,,,,240.0,1046.0,7.0,,,,,,861.4,5.8,,,197.6,272.0,224.38,,,13.2,87.05882352941177,0.0,80.0,64.0,434.0,3.0,59.0,14.0,,,,,65.9,52.7,357.4,2.5,,,,,,,,RB_PLAYER_PRIORS_2026,2026.0,10.0,Chase Brown,Chase Brown,RB1s In Their Prime,"factor_score is an ordinal composite of colour-coded judgments, NOT fantasy points; RB and WR scores are NOT comparable (different factor counts and cell totals)",CIN,,,,True,CIN
Josh Jacobs,RB,GB,josh jacobs,Alabama,True,216.12,projection_propadj,17.0,"Mike Clay / ESPN, 17-game",2026-08-13,"Clay's guidance: minus 3 games (RB) / 2 games (QB,WR,TE)",7.666992331491926,2.555664110497309,0.0,-7.0,31.0,0.2469,-14.0,Trusty Veteran,exact,Some Concern,0.3333,0.2167,0.2,0.1667,0.2833,"archetype-level base rate, 2015+ top-20-RB ADP cohort (n=60)",N,,,25.0,4.0,11.0,Sleeper,31.0,31.0,2026-08-29,NFFC,49.99,50.0,28.0,71.0,97.0,True,2026-08-29,19.0,False,,both,,,,,14.0,GB,15.0,260.0,17.0,,,,,,,278.0,1146.0,12.0,,,,,,943.8,9.9,,,228.9,262.7,216.12,,,12.71,83.94117647058823,0.0,47.0,36.0,281.0,2.0,62.0,9.0,,,,,38.7,29.6,231.4,1.6,,,,,,,,RB_PLAYER_PRIORS_2026,2026.0,17.0,Josh Jacobs,Josh Jacobs,Trusty Veteran,"factor_score is an ordinal composite of colour-coded judgments, NOT fantasy points; RB and WR scores are NOT comparable (different factor counts and cell totals)",GB,,,,True,GB
Javonte Williams,RB,DAL,javonte williams,,,216.09,projection_propadj,17.0,"Mike Clay / ESPN, 17-game",2026-08-13,"Clay's guidance: minus 3 games (RB) / 2 games (QB,WR,TE)",9.412416591844963,3.1374721972816544,0.0,15.0,13.0,0.5185,3.0,RB1s In Their Prime,exact,Some Concern,0.4615,0.1538,0.2788,0.2019,0.1827,"archetype-level base rate, 2015+ top-20-RB ADP cohort (n=104)",N,,,16.0,2.0,0.0,Sleeper,36.0,36.0,2026-08-29,NFFC,34.82,32.0,20.0,51.0,97.0,True,2026-08-29,-4.0,False,,both,,,,,15.0,DAL,16.0,259.0,17.0,,,,,,,287.0,1256.0,11.0,,,2026-06-06,,,1034.4,9.1,,,236.4,262.4,216.09,,,12.71,86.70588235294117,0.0,51.0,37.0,218.0,2.0,65.0,9.0,1000.5,,9.5,Caesars,42.0,30.5,179.5,1.6,-255.5,-33.9,,,,,,RB_PLAYER_PRIORS_2026,2026.0,16.0,Javonte Williams,Javonte Williams,RB1s In Their Prime,"factor_score is an ordinal composite of colour-coded judgments, NOT fantasy points; RB and WR scores are NOT comparable (different factor counts and cell totals)",DAL,,,,True,DAL
Omarion Hampton,RB,LAC,omarion hampton,,,215.72,projection_propadj,17.0,"Mike Clay / ESPN, 17-game",2026-08-13,"Clay's guidance: minus 3 games (RB) / 2 games (QB,WR,TE)",8.280021269337997,2.7600070897793323,0.0,29.0,5.0,0.6914,3.0,Breakout Candidate,exact,Minimal Concerns,0.4286,0.1786,0.1964,0.1964,0.1964,"archetype-level base rate, 2015+ top-20-RB ADP cohort (n=56)",N,,,6.0,1.0,2.0,Sleeper,15.0,15.0,2026-08-29,NFFC,14.77,13.0,5.0,21.0,97.0,True,2026-08-29,-2.0,False,,both,20,2.0,target,,16.0,LAC,14.0,261.0,17.0,,,,,,,254.0,1082.0,9.0,,,,,,891.1,7.4,,,209.2,262.4,215.72,,,12.69,84.94117647058823,0.0,64.0,52.0,362.0,2.0,61.0,12.0,,,,,52.7,42.8,298.1,1.6,,,,,,,,RB_PLAYER_PRIORS_2026,2026.0,8.0,Omarion Hampton,Omarion Hampton,Breakout Candidate,"factor_score is an ordinal composite of colour-coded judgments, NOT fantasy points; RB and WR scores are NOT comparable (different factor counts and cell totals)",LAC,,,,True,LAC
Cam Skattebo,RB,NYG,cam skattebo,,,201.08,projection_propadj,17.0,"Mike Clay / ESPN, 17-game",2026-08-13,"Clay's guidance: minus 3 games (RB) / 2 games (QB,WR,TE)",7.1446021945780345,2.381534064859345,0.0,5.0,23.0,0.3951,-4.0,Breakout Candidate,exact,Some Concern,0.4286,0.1786,0.1964,0.1964,0.1964,"archetype-level base rate, 2015+ top-20-RB ADP cohort (n=56)",N,,,21.0,3.0,6.0,Sleeper,43.0,43.0,2026-08-29,NFFC,51.22,52.0,34.0,68.0,97.0,True,2026-08-29,9.0,False,,both,44,5.0,target,No Sleeper ADP — verify status,17.0,NYG,17.0,242.0,17.0,,,,,,,249.0,1047.0,7.0,,,,,,862.2,5.8,,,205.1,244.2,201.08,,,11.83,83.05882352941177,0.0,61.0,49.0,365.0,2.0,56.0,12.0,,,,,50.2,40.4,300.6,1.6,,,,,,,,RB_PLAYER_PRIORS_2026,2026.0,19.0,Cam Skattebo,Cam Skattebo,Breakout Candidate,"factor_score is an ordinal composite of colour-coded judgments, NOT fantasy points; RB and WR scores are NOT comparable (different factor counts and cell totals)",NYG,,,,True,NYG
Travis Etienne,RB,NO,travis etienne,,,199.3,projection_propadj,17.0,"Mike Clay / ESPN, 17-game",2026-08-13,"Clay's guidance: minus 3 games (RB) / 2 games (QB,WR,TE)",10.28007426973694,3.4266914232456465,0.0,-9.0,33.0,0.2222,-15.0,Trusty Veteran,exact,Minimal Concerns,0.3333,0.2167,0.2,0.1667,0.2833,"archetype-level base rate, 2015+ top-20-RB ADP cohort (n=60)",N,,,15.0,2.0,-1.0,Sleeper,44.0,44.0,2026-08-29,NFFC,43.09,44.0,25.0,57.0,97.0,True,2026-08-29,0.0,False,,both,,,,,18.0,NO,18.0,242.0,17.0,,,,,,,258.0,1120.0,6.0,,,,,,922.4,4.9,,,212.5,242.6,199.3,,,11.72,88.0,0.0,60.0,45.0,376.0,2.0,60.0,11.0,,,,,49.4,37.1,309.6,1.6,,,,,,,,RB_PLAYER_PRIORS_2026,2026.0,18.0,Travis Etienne Jr.,Travis Etienne,Trusty Veteran,"factor_score is an ordinal composite of colour-coded judgments, NOT fantasy points; RB and WR scores are NOT comparable (different factor counts and cell totals)",NO,,,,True,NO
Kyren Williams,RB,LAR,kyren williams,,,192.65,projection_propadj,17.0,"Mike Clay / ESPN, 17-game",2026-08-13,"Clay's guidance: minus 3 games (RB) / 2 games (QB,WR,TE)",3.7382749268403335,1.2460916422801112,0.0,24.0,7.0,0.6296,8.0,Prime Multi Time RB1,ASSUMED - no published base rate for this archetype; nearest cohort substituted,Minimal Concerns,0.4615,0.1538,0.2788,0.2019,0.1827,"archetype-level base rate, 2015+ top-20-RB ADP cohort (n=104)",N,,,8.0,1.0,6.0,Sleeper,29.0,29.0,2026-08-29,NFFC,37.76,39.0,20.0,52.0,97.0,True,2026-08-29,10.0,False,,both,29,3.0,target,,19.0,LAR,19.0,232.0,17.0,,,,,,,237.0,1071.0,10.0,,,2026-06-06,,,882.0,8.2,,,195.2,234.5,192.65,,,11.33,76.17647058823529,0.0,45.0,33.0,224.0,2.0,52.0,8.0,1000.5,,,Caesars,37.1,27.2,184.5,1.6,-70.5,118.5,,,,,,RB_PLAYER_PRIORS_2026,2026.0,15.0,Kyren Williams,Kyren Williams,RB1s In Their Prime,"factor_score is an ordinal composite of colour-coded judgments, NOT fantasy points; RB and WR scores are NOT comparable (different factor counts and cell totals)",LAR,,,,True,LAR
Quinshon Judkins,RB,CLE,quinshon judkins,,,186.32,projection_propadj,17.0,"Mike Clay / ESPN, 17-game",2026-08-13,"Clay's guidance: minus 3 games (RB) / 2 games (QB,WR,TE)",8.914133114115604,2.9713777047052012,0.0,-1.0,27.0,0.321,-4.0,Breakout Candidate,exact,Some Concern,0.4286,0.1786,0.1964,0.1964,0.1964,"archetype-level base rate, 2015+ top-20-RB ADP cohort (n=56)",N,,,31.0,4.0,2.0,Sleeper,53.0,53.0,2026-08-29,NFFC,58.96,58.0,41.0,79.0,97.0,True,2026-08-29,5.0,False,,both,53,,fade,Explicit dislike,20.0,CLV,20.0,225.0,17.0,,,,,,,316.0,1240.0,7.0,,,,,,1021.2,5.8,,,260.2,226.1,186.32,,,10.96,85.94117647058823,0.0,41.0,32.0,221.0,1.0,74.0,8.0,,,,,33.8,26.4,182.0,0.8,,,,,,,,RB_PLAYER_PRIORS_2026,2026.0,23.0,Quinshon Judkins,Quinshon Judkins,Breakout Candidate,"factor_score is an ordinal composite of colour-coded judgments, NOT fantasy points; RB and WR scores are NOT comparable (different factor counts and cell totals)",CLE,,,,True,CLE
TreVeyon Henderson,RB,NE,treveyon henderson,Ohio State,True,174.84,projection_propadj,17.0,"Mike Clay / ESPN, 17-game",2026-08-13,"Clay's guidance: minus 3 games (RB) / 2 games (QB,WR,TE)",1.2885896390050284,0.4295298796683428,0.0,9.0,17.0,0.4444,7.0,Breakout Candidate,exact,Minimal Concerns,0.4286,0.1786,0.1964,0.1964,0.1964,"archetype-level base rate, 2015+ top-20-RB ADP cohort (n=56)",N,,,13.0,2.0,-4.0,Sleeper,54.0,54.0,2026-08-29,NFFC,64.13,63.0,42.0,84.0,97.0,True,2026-08-29,9.0,False,,both,53,,fade,Vrabel usage doubt,21.0,NE,22.0,208.0,17.0,,,,,,,194.0,854.0,7.0,,,,,,703.3,5.8,,,159.8,212.4,174.84,,,10.28,67.88235294117646,0.0,52.0,43.0,300.0,2.0,47.0,10.0,,,,,42.8,35.4,247.1,1.6,,,,,,,,RB_PLAYER_PRIORS_2026,2026.0,24.0,TreVeyon Henderson,TreVeyon Henderson,Breakout Candidate,"factor_score is an ordinal composite of colour-coded judgments, NOT fantasy points; RB and WR scores are NOT comparable (different factor counts and cell totals)",NE,,,,True,NE
D'Andre Swift,RB,CHI,dandre swift,,,173.28,projection_propadj,17.0,"Mike Clay / ESPN, 17-game",2026-08-13,"Clay's guidance: minus 3 games (RB) / 2 games (QB,WR,TE)",3.0681519481961104,1.0227173160653702,0.0,7.0,19.0,0.4198,2.0,Trusty Veteran,exact,Some Concern,0.3333,0.2167,0.2,0.1667,0.2833,"archetype-level base rate, 2015+ top-20-RB ADP cohort (n=60)",N,,,4.0,1.0,0.0,Sleeper,55.0,55.0,2026-08-29,NFFC,49.41,48.0,33.0,70.0,97.0,True,2026-08-29,-7.0,False,,both,53,3.0,target,Preferred if available,22.0,CHI,21.0,212.0,17.0,,,,,,,219.0,995.0,8.0,,,,,,819.4,6.6,,,180.4,210.5,173.28,,,10.19,74.41176470588235,0.0,41.0,30.0,270.0,1.0,48.0,8.0,,,,,33.8,24.7,222.4,0.8,,,,,,,,RB_PLAYER_PRIORS_2026,2026.0,21.0,D'Andre Swift,D'Andre Swift,Trusty Veteran,"factor_score is an ordinal composite of colour-coded judgments, NOT fantasy points; RB and WR scores are NOT comparable (different factor counts and cell totals)",CHI,,,,True,CHI
Bucky Irving,RB,TB,bucky irving,,,170.77,projection_propadj,17.0,"Mike Clay / ESPN, 17-game",2026-08-13,"Clay's guidance: minus 3 games (RB) / 2 games (QB,WR,TE)",3.574375331755556,1.1914584439185187,0.0,19.0,10.0,0.5679,15.0,Breakout Candidate,exact,Concerned,0.4286,0.1786,0.1964,0.1964,0.1964,"archetype-level base rate, 2015+ top-20-RB ADP cohort (n=56)",N,,,3.0,1.0,-2.0,Sleeper,42.0,42.0,2026-08-29,NFFC,60.24,59.0,41.0,83.0,97.0,True,2026-08-29,17.0,False,,both,,,,,23.0,TB,23.0,208.0,17.0,,,,,,,244.0,994.0,5.0,,,,,,818.6,4.1,,,200.9,207.8,170.77,,,10.05,75.76470588235294,0.0,45.0,37.0,294.0,2.0,56.0,9.0,,,,,37.1,30.5,242.1,1.6,,,,,,,,RB_PLAYER_PRIORS_2026,2026.0,25.0,Bucky Irving,Bucky Irving,Breakout Candidate,"factor_score is an ordinal composite of colour-coded judgments, NOT fantasy points; RB and WR scores are NOT comparable (different factor counts and cell totals)",TB,,,,True,TB
Bhayshul Tuten,RB,JAX,bhayshul tuten,,,169.8,projection_propadj,17.0,"Mike Clay / ESPN, 17-game",2026-08-13,"Clay's guidance: minus 3 games (RB) / 2 games (QB,WR,TE)",2.5921916616588234,0.8640638872196078,0.0,5.0,24.0,0.3951,-2.0,Breakout Candidate,exact,Minimal Concerns,0.4286,0.1786,0.1964,0.1964,0.1964,"archetype-level base rate, 2015+ top-20-RB ADP cohort (n=56)",N,,,26.0,4.0,13.0,Sleeper,62.0,62.0,2026-08-29,NFFC,58.73,57.0,46.0,81.0,97.0,True,2026-08-29,-5.0,False,,both,53,,fade,Workload uncertainty,24.0,JAX,24.0,205.0,17.0,,,,,,,237.0,991.0,7.0,,,,,,816.1,5.8,,,195.2,206.1,169.8,,,9.99,73.0,0.0,45.0,34.0,250.0,1.0,59.0,8.0,,,,,37.1,28.0,205.9,0.8,,,,,,,,RB_PLAYER_PRIORS_2026,2026.0,22.0,Bhayshul Tuten,Bhayshul Tuten,Breakout Candidate,"factor_score is an ordinal composite of colour-coded judgments, NOT fantasy points; RB and WR scores are NOT comparable (different factor counts and cell totals)",JAX,,,,True,JAX
Rhamondre Stevenson,RB,NE,rhamondre stevenson,,,160.94,projection_propadj,17.0,"Mike Clay / ESPN, 17-game",2026-08-13,"Clay's guidance: minus 3 games (RB) / 2 games (QB,WR,TE)",0.3780425240097772,0.12601417466992573,0.0,-3.0,29.0,0.2963,-1.0,Trusty Veteran,exact,Minimal Concerns,0.3333,0.2167,0.2,0.1667,0.2833,"archetype-level base rate, 2015+ top-20-RB ADP cohort (n=60)",N,,,13.0,2.0,-4.0,Sleeper,81.0,81.0,2026-08-29,NFFC,71.8,71.0,49.0,111.0,97.0,True,2026-08-29,-10.0,False,,both,,,,,25.0,NE,28.0,191.0,17.0,,,,,,,169.0,722.0,7.0,,,,,,594.6,5.8,,,139.2,195.5,160.94,,,9.47,60.88235294117647,0.0,47.0,38.0,313.0,2.0,41.0,9.0,,,,,38.7,31.3,257.8,1.6,,,,,,,,RB_PLAYER_PRIORS_2026,2026.0,28.0,Rhamondre Stevenson,Rhamondre Stevenson,Trusty Veteran,"factor_score is an ordinal composite of colour-coded judgments, NOT fantasy points; RB and WR scores are NOT comparable (different factor counts and cell totals)",NE,,,,True,NE
David Montgomery,RB,HOU,david montgomery,,,160.71,projection_propadj,17.0,"Mike Clay / ESPN, 17-game",2026-08-13,"Clay's guidance: minus 3 games (RB) / 2 games (QB,WR,TE)",1.3707034485659522,0.456901149521984,0.0,-3.0,28.0,0.2963,-8.0,Trusty Veteran,exact,Some Concern,0.3333,0.2167,0.2,0.1667,0.2833,"archetype-level base rate, 2015+ top-20-RB ADP cohort (n=60)",N,,,29.0,4.0,-2.0,Sleeper,49.0,49.0,2026-08-29,NFFC,51.66,53.0,26.0,62.0,97.0,True,2026-08-29,4.0,False,,both,,,,,26.0,HST,26.0,192.0,17.0,,,,,,,214.0,930.0,7.0,,,,,,765.9,5.8,,,176.2,195.1,160.71,,,9.45,68.29411764705883,0.0,38.0,31.0,231.0,1.0,51.0,7.0,,,,,31.3,25.5,190.2,0.8,,,,,,,,RB_PLAYER_PRIORS_2026,2026.0,20.0,David Montgomery,David Montgomery,Trusty Veteran,"factor_score is an ordinal composite of colour-coded judgments, NOT fantasy points; RB and WR scores are NOT comparable (different factor counts and cell totals)",HOU,,,,True,HOU
Jadarian Price,RB,SEA,jadarian price,,,160.07,projection_propadj,17.0,"Mike Clay / ESPN, 17-game",2026-08-13,"Clay's guidance: minus 3 games (RB) / 2 games (QB,WR,TE)",1.0838829778282486,0.3612943259427496,0.0,3.0,25.0,0.3704,1.0,Breakout Candidate,exact,Minimal Concerns,0.4286,0.1786,0.1964,0.1964,0.1964,"archetype-level base rate, 2015+ top-20-RB ADP cohort (n=56)",N,,,14.0,2.0,-2.0,Sleeper,67.0,67.0,2026-08-29,NFFC,62.29,61.0,48.0,90.0,97.0,True,2026-08-29,-6.0,False,,both,68,1.0,target,If RB2 still empty,27.0,SEA,25.0,194.0,17.0,,,,,,,223.0,923.0,8.0,,,,,,760.1,6.6,,,183.6,194.5,160.07,,,9.42,66.76470588235294,0.0,35.0,27.0,212.0,1.0,48.0,7.0,,,,,28.8,22.2,174.6,0.8,,,,,,,,RB_PLAYER_PRIORS_2026,2026.0,26.0,Jadarian Price,Jadarian Price,Breakout Candidate,"factor_score is an ordinal composite of colour-coded judgments, NOT fantasy points; RB and WR scores are NOT comparable (different factor counts and cell totals)",SEA,,,,True,SEA
Tony Pollard,RB,TEN,tony pollard,,,157.62,projection_propadj,17.0,"Mike Clay / ESPN, 17-game",2026-08-13,"Clay's guidance: minus 3 games (RB) / 2 games (QB,WR,TE)",2.9036144207849794,0.9678714735949931,0.0,-27.0,36.0,0.0,-7.0,Trusty Veteran,exact,Some Concern,0.3333,0.2167,0.2,0.1667,0.2833,"archetype-level base rate, 2015+ top-20-RB ADP cohort (n=60)",N,,,30.0,4.0,0.0,Sleeper,84.0,84.0,2026-08-29,NFFC,80.91,77.0,50.0,115.0,97.0,True,2026-08-29,-7.0,False,,both,,,,,28.0,TEN,29.0,190.0,17.0,,,,,,,247.0,1076.0,6.0,,,,,,886.1,4.9,,,203.4,191.7,157.62,,,9.27,73.94117647058823,0.0,39.0,30.0,181.0,0.0,61.0,7.0,,,,,32.1,24.7,149.1,0.0,,,,,,,,RB_PLAYER_PRIORS_2026,2026.0,29.0,Tony Pollard,Tony Pollard,Trusty Veteran,"factor_score is an ordinal composite of colour-coded judgments, NOT fantasy points; RB and WR scores are NOT comparable (different factor counts and cell totals)",TEN,,,,True,TEN
Aaron Jones,RB,MIN,aaron jones,,,157.37,projection_propadj,17.0,"Mike Clay / ESPN, 17-game",2026-08-13,"Clay's guidance: minus 3 games (RB) / 2 games (QB,WR,TE)",0.6538732252958939,0.21795774176529795,0.0,,,,,,,,,,,,,,,,,12.0,2.0,-5.0,Sleeper,124.0,124.0,2026-08-29,NFFC,136.93,135.0,98.0,167.0,93.0,True,2026-08-29,11.0,False,,props_only,,,,,29.0,MIN,30.0,189.0,17.0,,,,,,,170.0,740.0,4.0,,,,,,609.4,3.3,,,140.0,191.4,157.37,,,9.26,63.76470588235294,0.0,61.0,47.0,344.0,2.0,42.0,11.0,,,,,50.2,38.7,283.3,1.6,,,,,,,,,,,,,,,MIN,,,,True,MIN
Jaylen Warren,RB,PIT,jaylen warren,,,153.91,projection_propadj,17.0,"Mike Clay / ESPN, 17-game",2026-08-13,"Clay's guidance: minus 3 games (RB) / 2 games (QB,WR,TE)",0.8526186334510877,0.28420621115036254,0.0,7.0,20.0,0.4198,7.0,Trusty Veteran,exact,Minimal Concerns,0.3333,0.2167,0.2,0.1667,0.2833,"archetype-level base rate, 2015+ top-20-RB ADP cohort (n=60)",N,,,23.0,3.0,-15.0,Sleeper,72.0,72.0,2026-08-29,NFFC,73.56,73.0,55.0,89.0,97.0,True,2026-08-29,1.0,False,,both,,,,,30.0,PIT,27.0,191.0,17.0,,,,,,,180.0,790.0,4.0,,,,,,650.6,3.3,,,148.2,187.0,153.91,,,9.05,65.29411764705883,0.0,57.0,46.0,320.0,1.0,42.0,10.0,,,,,46.9,37.9,263.5,0.8,,,,,,,,RB_PLAYER_PRIORS_2026,2026.0,27.0,Jaylen Warren,Jaylen Warren,Trusty Veteran,"factor_score is an ordinal composite of colour-coded judgments, NOT fantasy points; RB and WR scores are NOT comparable (different factor counts and cell totals)",PIT,,,,True,PIT
Rico Dowdle,RB,PIT,rico dowdle,,,150.81,projection_propadj,17.0,"Mike Clay / ESPN, 17-game",2026-08-13,"Clay's guidance: minus 3 games (RB) / 2 games (QB,WR,TE)",1.6672276743039913,0.5557425581013304,0.0,-11.0,34.0,0.1975,-2.0,Trusty Veteran,exact,Minimal Concerns,0.3333,0.2167,0.2,0.1667,0.2833,"archetype-level base rate, 2015+ top-20-RB ADP cohort (n=60)",N,,,23.0,3.0,-15.0,Sleeper,85.0,85.0,2026-08-29,NFFC,90.8,86.0,69.0,120.0,97.0,True,2026-08-29,1.0,False,,both,,,,,31.0,PIT,31.0,186.0,17.0,,,,,,,223.0,973.0,5.0,,,,,,801.3,4.1,,,183.6,183.4,150.81,,,8.87,69.6470588235294,0.0,40.0,29.0,211.0,1.0,52.0,7.0,,,,,32.9,23.9,173.8,0.8,,,,,,,,RB_PLAYER_PRIORS_2026,2026.0,32.0,Rico Dowdle,Rico Dowdle,Trusty Veteran,"factor_score is an ordinal composite of colour-coded judgments, NOT fantasy points; RB and WR scores are NOT comparable (different factor counts and cell totals)",PIT,,,,True,PIT
Kenneth Gainwell,RB,TB,kenneth gainwell,,,148.15,projection_propadj,17.0,"Mike Clay / ESPN, 17-game",2026-08-13,"Clay's guidance: minus 3 games (RB) / 2 games (QB,WR,TE)",0.030250295847998786,0.010083431949332929,0.0,,,,,,,,,,,,,,,,,3.0,1.0,-2.0,Sleeper,111.0,111.0,2026-08-29,NFFC,85.75,81.0,61.0,115.0,97.0,True,2026-08-29,-30.0,False,,props_only,,,,,32.0,TB,33.0,178.0,17.0,,,,,,,118.0,522.0,5.0,,,,,,429.9,4.1,,,97.2,180.4,148.15,,,8.71,50.8235294117647,0.0,64.0,52.0,342.0,2.0,27.0,12.0,,,,,52.7,42.8,281.6,1.6,,,,,,,,,,,,,,,TB,,,,True,TB
Chuba Hubbard,RB,CAR,chuba hubbard,,,146.93,projection_propadj,17.0,"Mike Clay / ESPN, 17-game",2026-08-13,"Clay's guidance: minus 3 games (RB) / 2 games (QB,WR,TE)",0.5941277487131238,0.1980425829043746,0.0,-13.0,35.0,0.1728,-5.0,Trusty Veteran,exact,Minimal Concerns,0.3333,0.2167,0.2,0.1667,0.2833,"archetype-level base rate, 2015+ top-20-RB ADP cohort (n=60)",N,,,23.0,3.0,9.0,Sleeper,77.0,77.0,2026-08-29,NFFC,109.9,107.0,72.0,148.0,96.0,True,2026-08-29,30.0,False,,both,,,,,33.0,CAR,32.0,182.0,17.0,,,,,,,193.0,776.0,4.0,,,,,,639.1,3.3,,,158.9,178.5,146.93,,,8.64,63.23529411764706,0.0,52.0,41.0,299.0,1.0,47.0,10.0,,,,,42.8,33.8,246.2,0.8,,,,,,,,RB_PLAYER_PRIORS_2026,2026.0,30.0,Chuba Hubbard,Chuba Hubbard,Trusty Veteran,"factor_score is an ordinal composite of colour-coded judgments, NOT fantasy points; RB and WR scores are NOT comparable (different factor counts and cell totals)",CAR,,,,True,CAR
J.K. Dobbins,RB,DEN,jk dobbins,Ohio State,True,144.11,projection_propadj,17.0,"Mike Clay / ESPN, 17-game",2026-08-13,"Clay's guidance: minus 3 games (RB) / 2 games (QB,WR,TE)",0.763608576419217,0.254536192139739,0.0,-5.0,30.0,0.2716,5.0,Trusty Veteran,exact,Concerned,0.3333,0.2167,0.2,0.1667,0.2833,"archetype-level base rate, 2015+ top-20-RB ADP cohort (n=60)",N,,,1.0,1.0,0.0,Sleeper,94.0,94.0,2026-08-29,NFFC,98.99,99.0,67.0,135.0,96.0,True,2026-08-29,5.0,False,,both,,,,,34.0,DEN,36.0,172.0,17.0,,,,,,,213.0,994.0,7.0,,,,,,818.6,5.8,,,175.4,174.9,144.11,,,8.48,64.6470588235294,0.0,23.0,17.0,105.0,1.0,52.0,4.0,,,,,18.9,14.0,86.5,0.8,,,,,,,,RB_PLAYER_PRIORS_2026,2026.0,35.0,J.K. Dobbins,JK Dobbins,Trusty Veteran,"factor_score is an ordinal composite of colour-coded judgments, NOT fantasy points; RB and WR scores are NOT comparable (different factor counts and cell totals)",DEN,,,,True,DEN
Rachaad White,RB,WAS,rachaad white,,,142.53,projection_propadj,17.0,"Mike Clay / ESPN, 17-game",2026-08-13,"Clay's guidance: minus 3 games (RB) / 2 games (QB,WR,TE)",0.03080475309278248,0.010268251030927494,0.0,,,,,,,,,,,,,,,,,32.0,4.0,3.0,Sleeper,131.0,130.0,2026-08-29,NFFC,113.47,111.0,82.0,144.0,94.0,True,2026-08-29,-19.0,False,,props_only,116,3.0,target,⚠ −0.6 composite,35.0,WAS,35.0,173.0,17.0,,,,,,,135.0,567.0,5.0,,,,,,466.9,4.1,,,111.2,173.5,142.53,,,8.38,50.88235294117647,0.0,52.0,45.0,298.0,2.0,33.0,10.0,,,,,42.8,37.1,245.4,1.6,,,,,,,,,,,,,,,WAS,,,,True,WAS
Kyle Monangai,RB,CHI,kyle monangai,,,141.33,projection_propadj,17.0,"Mike Clay / ESPN, 17-game",2026-08-13,"Clay's guidance: minus 3 games (RB) / 2 games (QB,WR,TE)",0.4057158889969532,0.13523862966565106,0.0,9.0,18.0,0.4444,18.0,Breakout Candidate,exact,Minimal Concerns,0.4286,0.1786,0.1964,0.1964,0.1964,"archetype-level base rate, 2015+ top-20-RB ADP cohort (n=56)",N,,,4.0,1.0,0.0,Sleeper,99.0,99.0,2026-08-29,NFFC,118.54,117.0,83.0,149.0,95.0,True,2026-08-29,18.0,False,,both,,,,,36.0,CHI,34.0,176.0,17.0,,,,,,,192.0,826.0,6.0,,,,,,680.2,4.9,,,158.1,172.1,141.33,,,8.31,61.23529411764706,0.0,36.0,26.0,215.0,1.0,42.0,7.0,,,,,29.6,21.4,177.1,0.8,,,,,,,,RB_PLAYER_PRIORS_2026,2026.0,36.0,Kyle Monangai,Kyle Monangai,Breakout Candidate,"factor_score is an ordinal composite of colour-coded judgments, NOT fantasy points; RB and WR scores are NOT comparable (different factor counts and cell totals)",CHI,,,,True,CHI
RJ Harvey,RB,DEN,rj harvey,,,140.83,projection_propadj,17.0,"Mike Clay / ESPN, 17-game",2026-08-13,"Clay's guidance: minus 3 games (RB) / 2 games (QB,WR,TE)",0.007988643735752952,0.002662881245250984,0.0,7.0,21.0,0.4198,10.0,Breakout Candidate,exact,Minimal Concerns,0.4286,0.1786,0.1964,0.1964,0.1964,"archetype-level base rate, 2015+ top-20-RB ADP cohort (n=56)",N,,,1.0,1.0,0.0,Sleeper,79.0,79.0,2026-08-29,NFFC,86.74,83.0,66.0,115.0,97.0,True,2026-08-29,4.0,False,,both,77,1.0,target,If RB2 still empty,37.0,DEN,37.0,167.0,17.0,,,,,,,106.0,431.0,4.0,,,,,,354.9,3.3,,,87.3,170.7,140.83,,,8.28,46.88235294117647,0.0,62.0,49.0,366.0,3.0,26.0,11.0,,,,,51.1,40.4,301.4,2.5,,,,,,,,RB_PLAYER_PRIORS_2026,2026.0,31.0,R.J. Harvey,RJ Harvey,Breakout Candidate,"factor_score is an ordinal composite of colour-coded judgments, NOT fantasy points; RB and WR scores are NOT comparable (different factor counts and cell totals)",DEN,,,,True,DEN
Jonathon Brooks,RB,CAR,jonathon brooks,,,133.17,projection_propadj,17.0,"Mike Clay / ESPN, 17-game",2026-08-13,"Clay's guidance: minus 3 games (RB) / 2 games (QB,WR,TE)",0.20939791773800226,0.06979930591266742,0.0,-7.0,32.0,0.2469,1.0,Breakout Candidate,exact,Concerned,0.4286,0.1786,0.1964,0.1964,0.1964,"archetype-level base rate, 2015+ top-20-RB ADP cohort (n=56)",N,,,23.0,3.0,9.0,Sleeper,106.0,106.0,2026-08-29,NFFC,68.54,65.0,51.0,94.0,97.0,True,2026-08-29,-41.0,False,,both,116,2.0,target,⚠ −2.1 composite; Warren/Stevenson better at same cost,38.0,CAR,38.0,162.0,17.0,,,,,,,177.0,742.0,4.0,,,,,,611.1,3.3,,,145.8,161.8,133.17,,,7.83,58.11764705882353,0.0,42.0,33.0,246.0,1.0,43.0,8.0,,,,,34.6,27.2,202.6,0.8,,,,,,,,RB_PLAYER_PRIORS_2026,2026.0,33.0,Jonathon Brooks,Jonathon Brooks,Breakout Candidate,"factor_score is an ordinal composite of colour-coded judgments, NOT fantasy points; RB and WR scores are NOT comparable (different factor counts and cell totals)",CAR,,,,True,CAR
Blake Corum,RB,LAR,blake corum,,,132.25,projection_propadj,17.0,"Mike Clay / ESPN, 17-game",2026-08-13,"Clay's guidance: minus 3 games (RB) / 2 games (QB,WR,TE)",0.1325037753428861,0.04416792511429536,0.0,13.0,16.0,0.4938,18.0,Breakout Candidate,exact,Minimal Concerns,0.4286,0.1786,0.1964,0.1964,0.1964,"archetype-level base rate, 2015+ top-20-RB ADP cohort (n=56)",N,,,8.0,1.0,6.0,Sleeper,103.0,103.0,2026-08-29,NFFC,82.96,79.0,61.0,118.0,97.0,True,2026-08-29,-24.0,False,,both,,,,,39.0,LAR,39.0,159.0,17.0,,,,,,,182.0,838.0,7.0,,,,,,690.1,5.8,,,149.9,160.5,132.25,,,7.78,56.1764705882353,0.0,22.0,17.0,117.0,1.0,40.0,4.0,,,,,18.1,14.0,96.4,0.8,,,,,,,,RB_PLAYER_PRIORS_2026,2026.0,34.0,Blake Corum,Blake Corum,Breakout Candidate,"factor_score is an ordinal composite of colour-coded judgments, NOT fantasy points; RB and WR scores are NOT comparable (different factor counts and cell totals)",LAR,,,,True,LAR
Tyjae Spears,RB,TEN,tyjae spears,,,127.07,projection_propadj,17.0,"Mike Clay / ESPN, 17-game",2026-08-13,"Clay's guidance: minus 3 games (RB) / 2 games (QB,WR,TE)",0.002322360337936291,0.0007741201126454302,0.0,,,,,,,,,,,,,,,,,30.0,4.0,0.0,Sleeper,165.0,164.0,2026-08-29,NFFC,149.08,141.0,116.0,179.0,93.0,True,2026-08-29,-23.0,False,,props_only,140,1.0,target,⚠ −10.0 composite,40.0,TEN,41.0,149.0,17.0,,,,,,,97.0,411.0,3.0,,,,,,338.5,2.5,,,79.9,154.4,127.07,,,7.47,43.76470588235294,0.0,61.0,50.0,333.0,2.0,24.0,11.0,,,,,50.2,41.2,274.2,1.6,,,,,,,,,,,,,,,TEN,,,,True,TEN
Jacory Croskey-Merritt,RB,WAS,jacory croskey merritt,,,126.5,projection_propadj,17.0,"Mike Clay / ESPN, 17-game",2026-08-13,"Clay's guidance: minus 3 games (RB) / 2 games (QB,WR,TE)",0.09853551482326045,0.032845171607753486,0.0,,,,,,,,,,,,,,,,,32.0,4.0,3.0,Sleeper,113.0,113.0,2026-08-29,NFFC,107.67,104.0,80.0,163.0,96.0,True,2026-08-29,-9.0,False,,props_only,,,,,41.0,WAS,40.0,151.0,17.0,,,,,,,196.0,846.0,7.0,,,,,,696.7,5.8,,,161.4,153.5,126.5,,,7.44,55.0,0.0,15.0,12.0,89.0,1.0,48.0,3.0,,,,,12.4,9.9,73.3,0.8,,,,,,,,,,,,,,,WAS,,,,True,WAS
Isiah Pacheco,RB,DET,isiah pacheco,,,105.5,projection_propadj,17.0,"Mike Clay / ESPN, 17-game",2026-08-13,"Clay's guidance: minus 3 games (RB) / 2 games (QB,WR,TE)",0.0029729066767605764,0.0009909688922535255,0.0,,,,,,,,,,,,,,,,,18.0,3.0,2.0,Sleeper,184.0,181.0,2026-08-29,NFFC,178.39,171.0,130.0,230.0,92.0,True,2026-08-29,-10.0,False,,props_only,,,,,42.0,DET,46.0,124.0,17.0,,,,,,,149.0,640.0,5.0,,,,,,527.1,4.1,,,122.7,128.4,105.5,,,6.21,44.35294117647059,0.0,21.0,17.0,114.0,1.0,32.0,4.0,,,,,17.3,14.0,93.9,0.8,,,,,,,,,,,,,,,DET,,,,True,DET
Woody Marks,RB,HOU,woody marks,,,103.83,projection_propadj,17.0,"Mike Clay / ESPN, 17-game",2026-08-13,"Clay's guidance: minus 3 games (RB) / 2 games (QB,WR,TE)",0.005478890964265211,0.0018262969880884039,0.0,,,,,,,,,,,,,,,,,29.0,4.0,-2.0,Sleeper,160.0,159.0,2026-08-29,NFFC,130.09,131.0,97.0,159.0,94.0,True,2026-08-29,-28.0,False,,props_only,,,,,43.0,HST,44.0,128.0,17.0,,,,,,,143.0,579.0,3.0,,,,,,476.8,2.5,,,117.8,126.0,103.83,,,6.11,45.88235294117647,0.0,33.0,24.0,201.0,1.0,34.0,6.0,,,,,27.2,19.8,165.5,0.8,,,,,,,,,,,,,,,HOU,,,,True,HOU
Jordan Mason,RB,MIN,jordan mason,,,103.82,projection_propadj,17.0,"Mike Clay / ESPN, 17-game",2026-08-13,"Clay's guidance: minus 3 games (RB) / 2 games (QB,WR,TE)",0.016489224743353313,0.005496408247784438,0.0,,,,,,,,,,,,,,,,,12.0,2.0,-5.0,Sleeper,117.0,117.0,2026-08-29,NFFC,93.44,90.0,64.0,118.0,97.0,True,2026-08-29,-27.0,False,,props_only,,,,,44.0,MIN,43.0,130.0,17.0,,,,,,,162.0,749.0,5.0,,,,,,616.8,4.1,,,133.4,126.2,103.82,,,6.11,48.94117647058823,0.0,17.0,13.0,83.0,0.0,40.0,3.0,,,,,14.0,10.7,68.4,0.0,,,,,,,,,,,,,,,MIN,,,,True,MIN
Alvin Kamara,RB,NO,alvin kamara,,,103.49,projection_propadj,17.0,"Mike Clay / ESPN, 17-game",2026-08-13,"Clay's guidance: minus 3 games (RB) / 2 games (QB,WR,TE)",0.0017110160089167923,0.0005703386696389308,0.0,,,,,,,,,,,,,,,,,15.0,2.0,-1.0,Sleeper,161.0,160.0,2026-08-29,NFFC,196.13,182.0,137.0,293.0,90.0,True,2026-08-29,22.0,False,,props_only,,,,,45.0,NO,45.0,127.0,17.0,,,,,,,125.0,500.0,2.0,,,,,,411.8,1.6,,,102.9,126.2,103.49,,,6.09,43.05882352941177,0.0,44.0,35.0,232.0,1.0,29.0,8.0,,,,,36.2,28.8,191.1,0.8,,,,,,,,,,,,,,,NO,,,,True,NO
Zach Charbonnet,RB,SEA,zach charbonnet,,,96.01,projection_propadj,11.0,"Mike Clay / ESPN, 17-game",2026-08-13,"Clay's guidance: minus 3 games (RB) / 2 games (QB,WR,TE)",0.3651323505771325,0.12171078352571084,0.0,,,,,,,,,,,,,,,,,14.0,2.0,-2.0,Sleeper,148.0,147.0,2026-08-29,NFFC,153.15,144.0,115.0,197.0,92.0,True,2026-08-29,-3.0,False,,props_only,,,,,46.0,SEA,42.0,134.0,11.0,,,,,,,137.0,555.0,7.0,,,,,,403.6,5.1,,,99.6,132.0,96.01,,,8.73,63.63636363636363,0.0,26.0,20.0,145.0,0.0,30.0,5.0,,,,,18.9,14.5,105.5,0.0,,,,,,,,,,,,,,,SEA,,,,True,SEA
Justice Hill,RB,BAL,justice hill,,,93.6,projection_propadj,17.0,"Mike Clay / ESPN, 17-game",2026-08-13,"Clay's guidance: minus 3 games (RB) / 2 games (QB,WR,TE)",8.753204625302456e-06,2.9177348751008185e-06,0.0,,,,,,,,,,,,,,,,,22.0,3.0,7.0,,,,,NFFC,224.92,206.0,176.0,283.0,78.0,True,2026-08-29,,False,,props_only,,,,,47.0,BLT,47.0,114.0,17.0,,,,,,,49.0,223.0,1.0,,,,,,183.6,0.8,,,40.4,114.2,93.6,,,5.51,33.64705882352941,0.0,51.0,39.0,349.0,2.0,10.0,11.0,,,,,42.0,32.1,287.4,1.6,,,,,,,,,,,,,,,,,,,,BAL
Samaje Perine,RB,CIN,samaje perine,,,83.41,projection_propadj,17.0,"Mike Clay / ESPN, 17-game",2026-08-13,"Clay's guidance: minus 3 games (RB) / 2 games (QB,WR,TE)",1.3735370951093837e-05,4.578456983697946e-06,0.0,,,,,,,,,,,,,,,,,27.0,4.0,-9.0,,,,,NFFC,239.78,225.0,170.0,311.0,62.0,True,2026-08-29,,False,,props_only,,,,,48.0,CIN,48.0,101.0,17.0,,,,,,,102.0,444.0,3.0,,,,,,365.6,2.5,,,84.0,101.3,83.41,,,4.91,34.294117647058826,0.0,23.0,19.0,139.0,1.0,25.0,4.0,,,,,18.9,15.6,114.5,0.8,,,,,,,,,,,,,,,,,,,,CIN
Brian Robinson Jr.,RB,ATL,brian robinson,Alabama,True,78.26,projection_propadj,17.0,"Mike Clay / ESPN, 17-game",2026-08-13,"Clay's guidance: minus 3 games (RB) / 2 games (QB,WR,TE)",5.603218297627509e-05,1.867739432542503e-05,0.0,,,,,,,,,,,,,,,,,11.0,2.0,-8.0,Sleeper,155.0,154.0,2026-08-29,NFFC,173.98,165.0,131.0,209.0,92.0,True,2026-08-29,11.0,False,,props_only,,,,,49.0,ATL,49.0,94.0,17.0,,,,,,,135.0,561.0,4.0,,,,,,462.0,3.3,,,111.2,95.0,78.26,,,4.6,36.470588235294116,0.0,11.0,9.0,59.0,0.0,31.0,2.0,,,,,9.1,7.4,48.6,0.0,,,,,,,,,,,,,,,ATL,,,,True,ATL
Tyrone Tracy Jr.,RB,NYG,tyrone tracy,,,76.28,projection_propadj,17.0,"Mike Clay / ESPN, 17-game",2026-08-13,"Clay's guidance: minus 3 games (RB) / 2 games (QB,WR,TE)",1.8876032810233812e-05,6.292010936744604e-06,0.0,,,,,,,,,,,,,,,,,21.0,3.0,6.0,Sleeper,163.0,162.0,2026-08-29,NFFC,157.06,150.0,110.0,210.0,93.0,True,2026-08-29,-12.0,False,,props_only,,,,,50.0,NYG,52.0,87.0,17.0,,,,,,,111.0,474.0,2.0,,,,,,390.4,1.6,,,91.4,93.1,76.28,,,4.49,34.76470588235294,0.0,20.0,16.0,117.0,1.0,25.0,4.0,,,,,16.5,13.2,96.4,0.8,,,,,,,,,,,,,,,NYG,,,,True,NYG
Keaton Mitchell,RB,LAC,keaton mitchell,,,76.03,projection_propadj,17.0,"Mike Clay / ESPN, 17-game",2026-08-13,"Clay's guidance: minus 3 games (RB) / 2 games (QB,WR,TE)",3.0925660883587515e-06,1.0308553627862505e-06,0.0,,,,,,,,,,,,,,,,,6.0,1.0,2.0,Sleeper,181.0,178.0,2026-08-29,NFFC,129.97,130.0,96.0,164.0,93.0,True,2026-08-29,-48.0,False,,props_only,,,,,51.0,LAC,50.0,94.0,17.0,,,,,,,83.0,392.0,2.0,,,,,,322.8,1.6,,,68.4,92.8,76.03,,,4.47,32.23529411764706,0.0,27.0,20.0,156.0,1.0,20.0,5.0,,,,,22.2,16.5,128.5,0.8,,,,,,,,,,,,,,,LAC,,,,True,LAC
Tyler Allgeier,RB,ARI,tyler allgeier,,,71.89,projection_propadj,17.0,"Mike Clay / ESPN, 17-game",2026-08-13,"Clay's guidance: minus 3 games (RB) / 2 games (QB,WR,TE)",5.237094185718587e-07,1.7456980619061957e-07,0.0,,,,,,,,,,,,,,,,,20.0,3.0,5.0,Sleeper,146.0,145.0,2026-08-29,NFFC,128.24,129.0,87.0,167.0,97.0,True,2026-08-29,-16.0,False,,props_only,164,1.0,target,"⚠ −33.4 composite, worst on list",52.0,ARZ,51.0,91.0,17.0,,,,,,,97.0,385.0,3.0,,,,,,317.1,2.5,,,79.9,87.1,71.89,,,4.23,30.058823529411764,0.0,23.0,18.0,126.0,0.0,26.0,4.0,,,,,18.9,14.8,103.8,0.0,,,,,,,,,,,,,,,ARI,,,,True,ARI
Dylan Sampson,RB,CLE,dylan sampson,,,70.04,projection_propadj,17.0,"Mike Clay / ESPN, 17-game",2026-08-13,"Clay's guidance: minus 3 games (RB) / 2 games (QB,WR,TE)",5.633674168047187e-09,1.8778913893490624e-09,0.0,,,,,,,,,,,,,,,,,31.0,4.0,2.0,Sleeper,188.0,185.0,2026-08-29,NFFC,156.19,147.0,118.0,189.0,92.0,True,2026-08-29,-38.0,False,,props_only,,,,,53.0,CLV,53.0,87.0,17.0,,,,,,,55.0,227.0,1.0,,,,,,186.9,0.8,,,45.3,85.4,70.04,,,4.12,25.529411764705884,0.0,36.0,30.0,207.0,1.0,13.0,7.0,,,,,29.6,24.7,170.5,0.8,,,,,,,,,,,,,,,CLE,,,,True,CLE
MarShawn Lloyd,RB,GB,marshawn lloyd,,,68.16,projection_propadj,17.0,"Mike Clay / ESPN, 17-game",2026-08-13,"Clay's guidance: minus 3 games (RB) / 2 games (QB,WR,TE)",4.6010957891654885e-08,1.5336985963884963e-08,0.0,,,,,,,,,,,,,,,,,25.0,4.0,11.0,Sleeper,197.0,194.0,2026-08-29,NFFC,127.1,126.0,89.0,189.0,94.0,True,2026-08-29,-68.0,False,,props_only,,,,,54.0,GB,55.0,79.0,17.0,,,,,,,90.0,382.0,3.0,,,,,,314.6,2.5,,,74.1,82.7,68.16,,,4.01,27.470588235294116,0.0,16.0,12.0,85.0,1.0,20.0,3.0,,,,,13.2,9.9,70.0,0.8,,,,,,,,,,,,,,,GB,,,,True,GB
Ty Johnson,RB,BUF,ty johnson,,,67.67,projection_propadj,17.0,"Mike Clay / ESPN, 17-game",2026-08-13,"Clay's guidance: minus 3 games (RB) / 2 games (QB,WR,TE)",3.4836508862700856e-09,1.1612169620900285e-09,0.0,,,,,,,,,,,,,,,,,5.0,1.0,1.0,,,,,NFFC,263.3,394.0,236.0,360.0,26.0,True,2026-08-29,,False,,props_only,,,,,55.0,BUF,54.0,85.0,17.0,,,,,,,51.0,219.0,2.0,,,,,,180.4,1.6,,,42.0,82.7,67.67,,,3.98,25.11764705882353,0.0,31.0,22.0,208.0,1.0,11.0,6.0,,,,,25.5,18.1,171.3,0.8,,,,,,,,,,,,,,,,,,,,BUF
Braelon Allen,RB,NYJ,braelon allen,,,61.77,projection_propadj,17.0,"Mike Clay / ESPN, 17-game",2026-08-13,"Clay's guidance: minus 3 games (RB) / 2 games (QB,WR,TE)",7.371415447696364e-09,2.4571384825654547e-09,0.0,,,,,,,,,,,,,,,,,19.0,3.0,4.0,Sleeper,204.0,201.0,2026-08-29,NFFC,176.05,168.0,121.0,224.0,92.0,True,2026-08-29,-33.0,False,,props_only,,,,,56.0,NYJ,56.0,76.0,17.0,,,,,,,83.0,348.0,3.0,,,,,,286.6,2.5,,,68.4,74.8,61.77,,,3.63,25.764705882352942,0.0,16.0,13.0,90.0,0.0,19.0,3.0,,,,,13.2,10.7,74.1,0.0,,,,,,,,,,,,,,,NYJ,,,,True,NYJ
Chris Rodriguez,RB,JAX,chris rodriguez,,,56.18,projection_propadj,17.0,"Mike Clay / ESPN, 17-game",2026-08-13,"Clay's guidance: minus 3 games (RB) / 2 games (QB,WR,TE)",3.011270101712014e-08,1.0037567005706712e-08,0.0,,,,,,,,,,,,,,,,,26.0,4.0,13.0,Sleeper,142.0,141.0,2026-08-29,NFFC,127.43,127.0,95.0,152.0,95.0,True,2026-08-29,-14.0,False,,props_only,,,,,57.0,JAX,57.0,71.0,17.0,,,,,,,100.0,431.0,3.0,,,,,,354.9,2.5,,,82.4,68.0,56.18,,,3.3,27.058823529411764,0.0,6.0,4.0,29.0,0.0,25.0,1.0,,,,,4.9,3.3,23.9,0.0,,,,,,,,,,,,,,,JAX,,,,True,JAX
Emari Demercado,RB,KC,emari demercado,,,52.69,projection_propadj,17.0,"Mike Clay / ESPN, 17-game",2026-08-13,"Clay's guidance: minus 3 games (RB) / 2 games (QB,WR,TE)",2.137132582061868e-11,7.12377527353956e-12,0.0,,,,,,,,,,,,,,,,,10.0,2.0,-9.0,,,,,NFFC,243.88,285.0,169.0,339.0,53.0,True,2026-08-29,,False,,props_only,,,,,58.0,KC,60.0,63.0,17.0,,,,,,,54.0,255.0,1.0,,,,,,210.0,0.8,,,44.5,64.3,52.69,,,3.1,21.352941176470587,0.0,22.0,16.0,108.0,1.0,13.0,4.0,,,,,18.1,13.2,88.9,0.8,,,,,,,,,,,,,,,,,,,,KC
Tank Bigsby,RB,PHI,tank bigsby,,,51.41,projection_propadj,17.0,"Mike Clay / ESPN, 17-game",2026-08-13,"Clay's guidance: minus 3 games (RB) / 2 games (QB,WR,TE)",5.587041672724615e-10,1.8623472242415383e-10,0.0,,,,,,,,,,,,,,,,,2.0,1.0,-3.0,Sleeper,177.0,174.0,2026-08-29,NFFC,153.73,145.0,100.0,197.0,92.0,True,2026-08-29,-29.0,False,,props_only,,,,,59.0,PHI,59.0,64.0,17.0,,,,,,,83.0,373.0,3.0,,,,,,307.2,2.5,,,68.4,62.2,51.41,,,3.02,23.647058823529413,0.0,5.0,4.0,29.0,0.0,18.0,1.0,,,,,4.1,3.3,23.9,0.0,,,,,,,,,,,,,,,PHI,,,,True,PHI
Mike Washington Jr.,RB,LV,mike washington,,,51.2,projection_propadj,17.0,"Mike Clay / ESPN, 17-game",2026-08-13,"Clay's guidance: minus 3 games (RB) / 2 games (QB,WR,TE)",3.02920762358249e-09,1.0097358745274966e-09,0.0,,,,,,,,,,,,,,,,,17.0,3.0,1.0,Sleeper,171.0,170.0,2026-08-29,NFFC,117.58,114.0,50.0,191.0,95.0,True,2026-08-29,-56.0,False,,props_only,,,,,60.0,LV,58.0,65.0,17.0,,,,,,,89.0,365.0,2.0,,,,,,300.6,1.6,,,73.3,62.5,51.2,,,3.01,25.0,0.0,11.0,8.0,60.0,0.0,21.0,2.0,,,,,9.1,6.6,49.4,0.0,,,,,,,,,,,,,,,LV,,,,True,LV
Jordan James,RB,SF,jordan james,,,47.83,projection_propadj,17.0,"Mike Clay / ESPN, 17-game",2026-08-13,"Clay's guidance: minus 3 games (RB) / 2 games (QB,WR,TE)",1.3251950464595182e-10,4.417316821531727e-11,0.0,,,,,,,,,,,,,,,,,7.0,1.0,5.0,,,,,NFFC,225.98,210.0,163.0,307.0,85.0,True,2026-08-29,,False,,props_only,,,,,61.0,SF,61.0,61.0,17.0,,,,,,,75.0,321.0,2.0,,,,,,264.4,1.6,,,61.8,58.4,47.83,,,2.81,22.58823529411765,0.0,11.0,8.0,63.0,0.0,17.0,2.0,,,,,9.1,6.6,51.9,0.0,,,,,,,,,,,,,,,,,,,,SF
Chris Brooks,RB,GB,chris brooks,,,40.09,projection_propadj,17.0,"Mike Clay / ESPN, 17-game",2026-08-13,"Clay's guidance: minus 3 games (RB) / 2 games (QB,WR,TE)",1.4400580456632727e-20,4.8001934855442425e-21,0.0,,,,,,,,,,,,,,,,,25.0,4.0,11.0,,,,,NFFC,257.47,374.0,220.0,359.0,30.0,True,2026-08-29,,False,,props_only,,,,,62.0,GB,67.0,44.0,17.0,,,,,,,22.0,99.0,1.0,,,,,,81.5,0.8,,,18.1,49.0,40.09,,,2.36,12.352941176470589,0.0,21.0,16.0,111.0,1.0,5.0,4.0,,,,,17.3,13.2,91.4,0.8,,,,,,,,,,,,,,,,,,,,GB
Jaydon Blue,RB,DAL,jaydon blue,,,38.99,projection_propadj,17.0,"Mike Clay / ESPN, 17-game",2026-08-13,"Clay's guidance: minus 3 games (RB) / 2 games (QB,WR,TE)",3.2298816944939326e-16,1.0766272314979775e-16,0.0,,,,,,,,,,,,,,,,,16.0,2.0,0.0,Sleeper,247.0,234.0,2026-08-29,NFFC,183.04,172.0,135.0,232.0,92.0,True,2026-08-29,-62.0,False,,props_only,,,,,63.0,DAL,63.0,47.0,17.0,,,,,,,49.0,205.0,2.0,,,,,,168.8,1.6,,,40.4,47.7,38.99,,,2.29,15.705882352941176,0.0,11.0,9.0,62.0,0.0,11.0,2.0,,,,,9.1,7.4,51.1,0.0,,,,,,,,,,,,,,,DAL,,,,True,DAL
Isaiah Davis,RB,NYJ,isaiah davis,,,37.98,projection_propadj,17.0,"Mike Clay / ESPN, 17-game",2026-08-13,"Clay's guidance: minus 3 games (RB) / 2 games (QB,WR,TE)",7.690795706972165e-16,2.5635985689907215e-16,0.0,,,,,,,,,,,,,,,,,19.0,3.0,4.0,,,,,NFFC,259.75,387.0,210.0,358.0,31.0,True,2026-08-29,,False,,props_only,,,,,64.0,NYJ,62.0,51.0,17.0,,,,,,,39.0,178.0,1.0,,,,,,146.6,0.8,,,32.1,46.3,37.98,,,2.23,16.058823529411764,0.0,16.0,13.0,95.0,0.0,9.0,3.0,,,,,13.2,10.7,78.2,0.0,,,,,,,,,,,,,,,,,,,,NYJ
Emmett Johnson,RB,KC,emmett johnson,,,37.94,projection_propadj,17.0,"Mike Clay / ESPN, 17-game",2026-08-13,"Clay's guidance: minus 3 games (RB) / 2 games (QB,WR,TE)",2.0698044576682746e-16,6.899348192227582e-17,0.0,,,,,,,,,,,,,,,,,10.0,2.0,-9.0,Sleeper,207.0,203.0,2026-08-29,NFFC,163.14,156.0,134.0,202.0,92.0,True,2026-08-29,-47.0,False,,props_only,149,1.0,target,,65.0,KC,65.0,46.0,17.0,,,,,,,49.0,205.0,2.0,,,,,,168.8,1.6,,,40.4,46.4,37.94,,,2.23,15.529411764705882,0.0,11.0,8.0,59.0,0.0,12.0,2.0,,,,,9.1,6.6,48.6,0.0,,,,,,,,,,,,,,,KC,,,,True,KC
LeQuint Allen,RB,JAX,lequint allen,,,37.89,projection_propadj,17.0,"Mike Clay / ESPN, 17-game",2026-08-13,"Clay's guidance: minus 3 games (RB) / 2 games (QB,WR,TE)",2.1001782429426098e-23,7.000594143142033e-24,0.0,,,,,,,,,,,,,,,,,26.0,4.0,13.0,,,,,NFFC,253.98,361.0,177.0,353.0,36.0,True,2026-08-29,,False,,props_only,,,,,66.0,JAX,64.0,46.0,17.0,,,,,,,8.0,34.0,0.0,,,,,,28.0,0.0,,,6.6,46.2,37.89,,,2.23,10.705882352941176,0.0,28.0,22.0,148.0,1.0,2.0,5.0,,,,,23.1,18.1,121.9,0.8,,,,,,,,,,,,,,,,,,,,JAX
Jonah Coleman,RB,DEN,jonah coleman,,,36.44,projection_propadj,17.0,"Mike Clay / ESPN, 17-game",2026-08-13,"Clay's guidance: minus 3 games (RB) / 2 games (QB,WR,TE)",6.512176075095207e-22,2.170725358365069e-22,0.0,,,,,,,,,,,,,,,,,1.0,1.0,0.0,Sleeper,169.0,168.0,2026-08-29,NFFC,132.57,134.0,98.0,173.0,93.0,True,2026-08-29,-34.0,False,,props_only,,,,,67.0,DEN,70.0,41.0,17.0,,,,,,,25.0,102.0,1.0,,,,,,84.0,0.8,,,20.6,44.6,36.44,,,2.14,11.529411764705882,0.0,17.0,13.0,94.0,1.0,6.0,3.0,,,,,14.0,10.7,77.4,0.8,,,,,,,,,,,,,,,DEN,,,,True,DEN
Kyle Juszczyk,RB,SF,kyle juszczyk,,,36.2,projection_propadj,17.0,"Mike Clay / ESPN, 17-game",2026-08-13,"Clay's guidance: minus 3 games (RB) / 2 games (QB,WR,TE)",1.6196485606647846e-23,5.398828535549282e-24,0.0,,,,,,,,,,,,,,,,,7.0,1.0,5.0,,,,,NFFC,244.01,287.0,326.0,354.0,3.0,False,2026-08-29,,False,,props_only,,,,,68.0,SF,66.0,45.0,17.0,,,,,,,4.0,19.0,0.0,,,,,,15.6,0.0,,,3.3,44.1,36.2,,,2.13,10.647058823529411,0.0,26.0,20.0,162.0,1.0,1.0,5.0,,,,,21.4,16.5,133.4,0.8,,,,,,,,,,,,,,,,,,,,SF
George Holani,RB,SEA,george holani,,,34.82,projection_propadj,17.0,"Mike Clay / ESPN, 17-game",2026-08-13,"Clay's guidance: minus 3 games (RB) / 2 games (QB,WR,TE)",3.4915887151381e-19,1.1638629050460334e-19,0.0,,,,,,,,,,,,,,,,,14.0,2.0,-2.0,,,,,NFFC,208.13,192.0,131.0,296.0,90.0,True,2026-08-29,,False,,props_only,,,,,69.0,SEA,69.0,41.0,17.0,,,,,,,39.0,164.0,2.0,,,,,,135.1,1.6,,,32.1,42.6,34.82,,,2.05,13.294117647058824,0.0,11.0,8.0,62.0,0.0,8.0,2.0,,,,,9.1,6.6,51.1,0.0,,,,,,,,,,,,,,,,,,,,SEA
Jaylen Wright,RB,MIA,jaylen wright,,,34.4,projection_propadj,17.0,"Mike Clay / ESPN, 17-game",2026-08-13,"Clay's guidance: minus 3 games (RB) / 2 games (QB,WR,TE)",6.7866235920749455e-15,2.262207864024982e-15,0.0,,,,,,,,,,,,,,,,,28.0,4.0,-4.0,,,,,NFFC,226.35,211.0,166.0,312.0,75.0,True,2026-08-29,,False,,props_only,,,,,70.0,MIA,68.0,43.0,17.0,,,,,,,56.0,233.0,1.0,,,,,,191.9,0.8,,,46.1,41.9,34.4,,,2.02,17.0,0.0,10.0,7.0,56.0,0.0,13.0,2.0,,,,,8.2,5.8,46.1,0.0,,,,,,,,,,,,,,,,,,,,MIA
DJ Giddens,RB,IND,dj giddens,,,28.5,projection_propadj,17.0,"Mike Clay / ESPN, 17-game",2026-08-13,"Clay's guidance: minus 3 games (RB) / 2 games (QB,WR,TE)",1.0333493702748306e-21,3.444497900916102e-22,0.0,,,,,,,,,,,,,,,,,9.0,2.0,-13.0,,,,,NFFC,252.12,346.0,200.0,351.0,26.0,True,2026-08-29,,False,,props_only,,,,,71.0,IND,74.0,36.0,17.0,,,,,,,34.0,141.0,1.0,,,,,,116.1,0.8,,,28.0,34.8,28.5,,,1.68,11.647058823529411,0.0,10.0,9.0,57.0,0.0,8.0,2.0,,,,,8.2,7.4,46.9,0.0,,,,,,,,,,,,,,,,,,,,IND
Kimani Vidal,RB,LAC,kimani vidal,,,27.79,projection_propadj,17.0,"Mike Clay / ESPN, 17-game",2026-08-13,"Clay's guidance: minus 3 games (RB) / 2 games (QB,WR,TE)",1.298402675738566e-21,4.328008919128553e-22,0.0,,,,,,,,,,,,,,,,,6.0,1.0,2.0,Sleeper,265.0,249.0,2026-08-29,NFFC,191.77,180.0,119.0,254.0,91.0,True,2026-08-29,-69.0,False,,props_only,,,,,72.0,LAC,73.0,36.0,17.0,,,,,,,33.0,136.0,1.0,,,,,,112.0,0.8,,,27.2,33.9,27.79,,,1.63,11.705882352941176,0.0,11.0,8.0,63.0,0.0,8.0,2.0,,,,,9.1,6.6,51.9,0.0,,,,,,,,,,,,,,,LAC,,,,True,LAC
Ray Davis,RB,BUF,ray davis,,,27.7,projection_propadj,17.0,"Mike Clay / ESPN, 17-game",2026-08-13,"Clay's guidance: minus 3 games (RB) / 2 games (QB,WR,TE)",1.0333493702748306e-21,3.444497900916102e-22,0.0,,,,,,,,,,,,,,,,,5.0,1.0,1.0,Sleeper,233.0,224.0,2026-08-29,NFFC,170.93,160.0,129.0,209.0,92.0,True,2026-08-29,-64.0,False,,props_only,,,,,73.0,BUF,71.0,38.0,17.0,,,,,,,32.0,138.0,1.0,,,,,,113.6,0.8,,,26.4,33.8,27.7,,,1.63,11.647058823529411,0.0,10.0,8.0,60.0,0.0,7.0,2.0,,,,,8.2,6.6,49.4,0.0,,,,,,,,,,,,,,,BUF,,,,True,BUF
Sean Tucker,RB,TB,sean tucker,,,27.42,projection_propadj,17.0,"Mike Clay / ESPN, 17-game",2026-08-13,"Clay's guidance: minus 3 games (RB) / 2 games (QB,WR,TE)",8.210235620842445e-22,2.7367452069474815e-22,0.0,,,,,,,,,,,,,,,,,3.0,1.0,-2.0,Sleeper,292.0,260.0,2026-08-29,NFFC,219.3,202.0,115.0,309.0,82.0,True,2026-08-29,-58.0,False,,props_only,,,,,74.0,TB,72.0,37.0,17.0,,,,,,,44.0,183.0,2.0,,,,,,150.7,1.6,,,36.2,33.7,27.42,,,1.61,11.588235294117647,0.0,3.0,2.0,14.0,0.0,10.0,1.0,,,,,2.5,1.6,11.5,0.0,,,,,,,,,,,,,,,TB,,,,True,TB
Ollie Gordon II,RB,MIA,ollie gordon,,,27.13,projection_propadj,17.0,"Mike Clay / ESPN, 17-game",2026-08-13,"Clay's guidance: minus 3 games (RB) / 2 games (QB,WR,TE)",8.839232976532124e-19,2.9464109921773748e-19,0.0,,,,,,,,,,,,,,,,,28.0,4.0,-4.0,,,,,NFFC,249.82,330.0,194.0,346.0,46.0,True,2026-08-29,,False,,props_only,,,,,75.0,MIA,76.0,35.0,17.0,,,,,,,49.0,203.0,1.0,,,,,,167.2,0.8,,,40.4,33.1,27.13,,,1.6,13.588235294117647,0.0,5.0,4.0,28.0,0.0,12.0,1.0,,,,,4.1,3.3,23.1,0.0,,,,,,,,,,,,,,,,,,,,MIA
Malik Davis,RB,DAL,malik davis,Florida,True,26.38,projection_propadj,17.0,"Mike Clay / ESPN, 17-game",2026-08-13,"Clay's guidance: minus 3 games (RB) / 2 games (QB,WR,TE)",1.624358581717998e-19,5.41452860572666e-20,0.0,,,,,,,,,,,,,,,,,16.0,2.0,0.0,,,,,NFFC,244.56,298.0,169.0,350.0,64.0,True,2026-08-29,,False,,props_only,,,,,76.0,DAL,75.0,36.0,17.0,,,,,,,44.0,192.0,1.0,,,,,,158.1,0.8,,,36.2,32.2,26.38,,,1.55,13.058823529411764,0.0,6.0,4.0,30.0,0.0,10.0,1.0,,,,,4.9,3.3,24.7,0.0,,,,,,,,,,,,,,,,,,,,DAL
Kaelon Black,RB,SF,kaelon black,,,22.76,projection_propadj,17.0,"Mike Clay / ESPN, 17-game",2026-08-13,"Clay's guidance: minus 3 games (RB) / 2 games (QB,WR,TE)",7.336423407153859e-24,2.4454744690512864e-24,0.0,,,,,,,,,,,,,,,,,7.0,1.0,5.0,Sleeper,216.0,212.0,2026-08-29,NFFC,172.74,163.0,114.0,245.0,92.0,True,2026-08-29,-49.0,False,,props_only,,,,,77.0,SF,77.0,29.0,17.0,,,,,,,35.0,147.0,1.0,,,,,,121.1,0.8,,,28.8,27.8,22.76,,,1.34,10.470588235294118,0.0,5.0,4.0,31.0,0.0,8.0,1.0,,,,,4.1,3.3,25.5,0.0,,,,,,,,,,,,,,,SF,,,,True,SF
Adam Randall,RB,BAL,adam randall,,,20.45,projection_propadj,17.0,"Mike Clay / ESPN, 17-game",2026-08-13,"Clay's guidance: minus 3 games (RB) / 2 games (QB,WR,TE)",1.5867172849638448e-27,5.289057616546149e-28,0.0,,,,,,,,,,,,,,,,,22.0,3.0,7.0,,,,,NFFC,254.48,364.0,190.0,352.0,31.0,True,2026-08-29,,False,,props_only,,,,,78.0,BLT,79.0,25.0,17.0,,,,,,,29.0,121.0,1.0,,,,,,99.6,0.8,,,23.9,25.0,20.45,,,1.2,8.823529411764707,0.0,5.0,4.0,29.0,0.0,6.0,1.0,,,,,4.1,3.3,23.9,0.0,,,,,,,,,,,,,,,,,,,,BAL
Demond Claiborne,RB,MIN,demond claiborne,,,20.35,projection_propadj,17.0,"Mike Clay / ESPN, 17-game",2026-08-13,"Clay's guidance: minus 3 games (RB) / 2 games (QB,WR,TE)",3.060090102505238e-29,1.0200300341684125e-29,0.0,,,,,,,,,,,,,,,,,12.0,2.0,-5.0,Sleeper,287.0,258.0,2026-08-29,NFFC,206.02,189.0,156.0,296.0,90.0,True,2026-08-29,-69.0,False,,props_only,,,,,79.0,MIN,81.0,24.0,17.0,,,,,,,26.0,110.0,1.0,,,,,,90.6,0.8,,,21.4,24.9,20.35,,,1.2,8.176470588235293,0.0,6.0,5.0,29.0,0.0,7.0,1.0,,,,,4.9,4.1,23.9,0.0,,,,,,,,,,,,,,,MIN,,,,True,MIN
Will Shipley,RB,PHI,will shipley,,,19.23,projection_propadj,17.0,"Mike Clay / ESPN, 17-game",2026-08-13,"Clay's guidance: minus 3 games (RB) / 2 games (QB,WR,TE)",4.210140242448056e-32,1.4033800808160186e-32,0.0,,,,,,,,,,,,,,,,,2.0,1.0,-3.0,,,,,NFFC,243.38,281.0,289.0,333.0,3.0,False,2026-08-29,,False,,props_only,,,,,80.0,PHI,78.0,28.0,17.0,,,,,,,9.0,40.0,0.0,,,,,,32.9,0.0,,,7.4,23.3,19.23,,,1.13,7.235294117647059,0.0,15.0,11.0,83.0,0.0,2.0,3.0,,,,,12.4,9.1,68.4,0.0,,,,,,,,,,,,,,,,,,,,PHI
Devin Singletary,RB,NYG,devin singletary,,,17.57,projection_propadj,17.0,"Mike Clay / ESPN, 17-game",2026-08-13,"Clay's guidance: minus 3 games (RB) / 2 games (QB,WR,TE)",9.85971768493381e-34,3.2865725616446032e-34,0.0,,,,,,,,,,,,,,,,,21.0,3.0,6.0,,,,,NFFC,253.87,358.0,162.0,349.0,27.0,True,2026-08-29,,False,,props_only,,,,,81.0,NYG,82.0,20.0,17.0,,,,,,,22.0,89.0,1.0,,,,,,73.3,0.8,,,18.1,21.5,17.57,,,1.03,6.764705882352941,0.0,5.0,4.0,26.0,0.0,5.0,1.0,,,,,4.1,3.3,21.4,0.0,,,,,,,,,,,,,,,,,,,,NYG
Nicholas Singleton,RB,TEN,nicholas singleton,,,17.41,projection_propadj,17.0,"Mike Clay / ESPN, 17-game",2026-08-13,"Clay's guidance: minus 3 games (RB) / 2 games (QB,WR,TE)",3.646668971422774e-34,1.2155563238075912e-34,0.0,,,,,,,,,,,,,,,,,30.0,4.0,0.0,Sleeper,208.0,204.0,2026-08-29,NFFC,206.99,190.0,139.0,262.0,87.0,True,2026-08-29,-14.0,False,,props_only,,,,,82.0,TEN,83.0,20.0,17.0,,,,,,,20.0,83.0,1.0,,,,,,68.4,0.8,,,16.5,21.3,17.41,,,1.02,6.647058823529412,0.0,6.0,4.0,30.0,0.0,5.0,1.0,,,,,4.9,3.3,24.7,0.0,,,,,,,,,,,,,,,TEN,,,,True,TEN
Hunter Luepke,RB,DAL,hunter luepke,,,17.12,projection_propadj,17.0,"Mike Clay / ESPN, 17-game",2026-08-13,"Clay's guidance: minus 3 games (RB) / 2 games (QB,WR,TE)",4.197203883193369e-33,1.3990679610644564e-33,0.0,,,,,,,,,,,,,,,,,16.0,2.0,0.0,,,,,,,,,,,,,,False,,props_only,,,,,83.0,DAL,80.0,25.0,17.0,,,,,,,13.0,56.0,0.0,,,,,,46.1,0.0,,,10.7,20.8,17.12,,,1.01,6.9411764705882355,0.0,11.0,9.0,62.0,0.0,3.0,2.0,,,,,9.1,7.4,51.1,0.0,,,,,,,,,,,,,,,,,,,,
Tahj Brooks,RB,CIN,tahj brooks,,,15.42,projection_propadj,17.0,"Mike Clay / ESPN, 17-game",2026-08-13,"Clay's guidance: minus 3 games (RB) / 2 games (QB,WR,TE)",5.6830675357423716e-31,1.8943558452474571e-31,0.0,,,,,,,,,,,,,,,,,27.0,4.0,-9.0,,,,,NFFC,258.47,380.0,207.0,351.0,28.0,True,2026-08-29,,False,,props_only,,,,,84.0,CIN,85.0,18.0,17.0,,,,,,,31.0,129.0,1.0,,,,,,106.2,0.8,,,25.5,18.9,15.42,,,0.91,7.588235294117647,0.0,0.0,0.0,0.0,0.0,8.0,0.0,,,,,0.0,0.0,0.0,0.0,,,,,,,,,,,,,,,,,,,,CIN
Tyler Badie,RB,DEN,tyler badie,,,13.43,projection_propadj,17.0,"Mike Clay / ESPN, 17-game",2026-08-13,"Clay's guidance: minus 3 games (RB) / 2 games (QB,WR,TE)",3.2825473581978155e-42,1.0941824527326052e-42,0.0,,,,,,,,,,,,,,,,,1.0,1.0,0.0,,,,,,,,,,,,,,False,,props_only,,,,,85.0,DEN,84.0,19.0,17.0,,,,,,,4.0,18.0,0.0,,,,,,14.8,0.0,,,3.3,16.3,13.43,,,0.79,4.882352941176471,0.0,11.0,8.0,65.0,0.0,1.0,2.0,,,,,9.1,6.6,53.5,0.0,,,,,,,,,,,,,,,,,,,,
Alec Ingold,RB,LAC,alec ingold,,,12.12,projection_propadj,17.0,"Mike Clay / ESPN, 17-game",2026-08-13,"Clay's guidance: minus 3 games (RB) / 2 games (QB,WR,TE)",2.7070376278411973e-48,9.023458759470657e-49,0.0,,,,,,,,,,,,,,,,,6.0,1.0,2.0,,,,,,,,,,,,,,False,,props_only,,,,,86.0,LAC,87.0,16.0,17.0,,,,,,,2.0,9.0,0.0,,,,,,7.4,0.0,,,1.6,14.7,12.12,,,0.71,3.9411764705882355,0.0,11.0,8.0,58.0,0.0,1.0,2.0,,,,,9.1,6.6,47.8,0.0,,,,,,,,,,,,,,,,,,,,
Trevor Etienne,RB,CAR,trevor etienne,,,9.97,projection_propadj,17.0,"Mike Clay / ESPN, 17-game",2026-08-13,"Clay's guidance: minus 3 games (RB) / 2 games (QB,WR,TE)",6.981377812403674e-43,2.3271259374678914e-43,0.0,,,,,,,,,,,,,,,,,23.0,3.0,9.0,,,,,NFFC,248.68,320.0,248.0,359.0,8.0,False,2026-08-29,,False,,props_only,,,,,87.0,CAR,86.0,17.0,17.0,,,,,,,12.0,52.0,0.0,,,,,,42.8,0.0,,,9.9,12.1,9.97,,,0.59,4.764705882352941,0.0,5.0,4.0,29.0,0.0,3.0,1.0,,,,,4.1,3.3,23.9,0.0,,,,,,,,,,,,,,,,,,,,CAR
Seth McGowan,RB,IND,seth mcgowan,,,9.97,projection_propadj,17.0,"Mike Clay / ESPN, 17-game",2026-08-13,"Clay's guidance: minus 3 games (RB) / 2 games (QB,WR,TE)",6.981377812403674e-43,2.3271259374678914e-43,0.0,,,,,,,,,,,,,,,,,9.0,2.0,-13.0,,,,,NFFC,231.12,216.0,168.0,355.0,82.0,True,2026-08-29,,False,,props_only,,,,,88.0,IND,89.0,16.0,17.0,,,,,,,13.0,52.0,0.0,,,,,,42.8,0.0,,,10.7,12.1,9.97,,,0.59,4.764705882352941,0.0,5.0,4.0,29.0,0.0,3.0,1.0,,,,,4.1,3.3,23.9,0.0,,,,,,,,,,,,,,,,,,,,IND
Kaytron Allen,RB,WAS,kaytron allen,,,9.89,projection_propadj,17.0,"Mike Clay / ESPN, 17-game",2026-08-13,"Clay's guidance: minus 3 games (RB) / 2 games (QB,WR,TE)",3.1587400026331987e-43,1.0529133342110662e-43,0.0,,,,,,,,,,,,,,,,,32.0,4.0,3.0,Sleeper,272.0,252.0,2026-08-29,NFFC,192.2,181.0,121.0,275.0,92.0,True,2026-08-29,-71.0,False,,props_only,,,,,89.0,WAS,88.0,16.0,17.0,,,,,,,12.0,51.0,0.0,,,,,,42.0,0.0,,,9.9,12.0,9.89,,,0.58,4.705882352941177,0.0,5.0,4.0,29.0,0.0,3.0,1.0,,,,,4.1,3.3,23.9,0.0,,,,,,,,,,,,,,,WAS,,,,True,WAS
Adam Prentice,RB,DEN,adam prentice,,,7.17,projection_propadj,17.0,"Mike Clay / ESPN, 17-game",2026-08-13,"Clay's guidance: minus 3 games (RB) / 2 games (QB,WR,TE)",2.8811364750241327e-59,9.603788250080442e-60,0.0,,,,,,,,,,,,,,,,,1.0,1.0,0.0,,,,,,,,,,,,,,False,,props_only,,,,,90.0,DEN,90.0,10.0,17.0,,,,,,,4.0,17.0,0.0,,,,,,14.0,0.0,,,3.3,8.7,7.17,,,0.42,2.764705882352941,0.0,6.0,4.0,30.0,0.0,1.0,1.0,,,,,4.9,3.3,24.7,0.0,,,,,,,,,,,,,,,,,,,,
Connor Heyward,RB,LV,connor heyward,,,7.17,projection_propadj,17.0,"Mike Clay / ESPN, 17-game",2026-08-13,"Clay's guidance: minus 3 games (RB) / 2 games (QB,WR,TE)",2.8811364750241327e-59,9.603788250080442e-60,0.0,,,,,,,,,,,,,,,,,17.0,3.0,1.0,,,,,,,,,,,,,,False,,props_only,,,,,91.0,LV,91.0,10.0,17.0,,,,,,,4.0,18.0,0.0,,,,,,14.8,0.0,,,3.3,8.7,7.17,,,0.42,2.764705882352941,0.0,5.0,4.0,29.0,0.0,1.0,1.0,,,,,4.1,3.3,23.9,0.0,,,,,,,,,,,,,,,,,,,,
Max Bredeson,RB,MIN,max bredeson,,,7.15,projection_propadj,17.0,"Mike Clay / ESPN, 17-game",2026-08-13,"Clay's guidance: minus 3 games (RB) / 2 games (QB,WR,TE)",2.634100231538893e-67,8.780334105129642e-68,0.0,,,,,,,,,,,,,,,,,12.0,2.0,-5.0,,,,,,,,,,,,,,False,,props_only,,,,,92.0,MIN,94.0,10.0,17.0,,,,,,,2.0,8.0,0.0,,,,,,6.6,0.0,,,1.6,8.7,7.15,,,0.42,2.176470588235294,0.0,6.0,5.0,29.0,0.0,1.0,1.0,,,,,4.9,4.1,23.9,0.0,,,,,,,,,,,,,,,,,,,,
Michael Burton,RB,CLE,michael burton,,,6.92,projection_propadj,17.0,"Mike Clay / ESPN, 17-game",2026-08-13,"Clay's guidance: minus 3 games (RB) / 2 games (QB,WR,TE)",1.9690202022448326e-61,6.563400674149442e-62,0.0,,,,,,,,,,,,,,,,,31.0,4.0,2.0,,,,,,,,,,,,,,False,,props_only,,,,,93.0,CLV,92.0,10.0,17.0,,,,,,,4.0,18.0,0.0,,,,,,14.8,0.0,,,3.3,8.4,6.92,,,0.41,2.588235294117647,0.0,5.0,4.0,26.0,0.0,1.0,1.0,,,,,4.1,3.3,21.4,0.0,,,,,,,,,,,,,,,,,,,,
Reggie Gilliam,RB,NE,reggie gilliam,,,5.77,projection_propadj,17.0,"Mike Clay / ESPN, 17-game",2026-08-13,"Clay's guidance: minus 3 games (RB) / 2 games (QB,WR,TE)",8.958726344016741e-75,2.986242114672247e-75,0.0,,,,,,,,,,,,,,,,,13.0,2.0,-4.0,,,,,,,,,,,,,,False,,props_only,,,,,94.0,NE,97.0,8.0,17.0,,,,,,,0.0,0.0,0.0,,,,,,0.0,0.0,,,0.0,7.0,5.77,,,0.34,1.7647058823529411,0.0,5.0,4.0,30.0,0.0,0.0,1.0,,,,,4.1,3.3,24.7,0.0,,,,,,,,,,,,,,,,,,,,
Riley Nowakowski,RB,PIT,riley nowakowski,,,5.69,projection_propadj,17.0,"Mike Clay / ESPN, 17-game",2026-08-13,"Clay's guidance: minus 3 games (RB) / 2 games (QB,WR,TE)",5.1053874846585326e-76,1.701795828219511e-76,0.0,,,,,,,,,,,,,,,,,23.0,3.0,-15.0,,,,,,,,,,,,,,False,,props_only,,,,,95.0,PIT,96.0,8.0,17.0,,,,,,,0.0,0.0,0.0,,,,,,0.0,0.0,,,0.0,6.9,5.69,,,0.33,1.7058823529411764,0.0,6.0,4.0,29.0,0.0,0.0,1.0,,,,,4.9,3.3,23.9,0.0,,,,,,,,,,,,,,,,,,,,
Andrew Beck,RB,NYJ,andrew beck,,,5.61,projection_propadj,17.0,"Mike Clay / ESPN, 17-game",2026-08-13,"Clay's guidance: minus 3 games (RB) / 2 games (QB,WR,TE)",2.566340736542111e-77,8.554469121807037e-78,0.0,,,,,,,,,,,,,,,,,19.0,3.0,4.0,,,,,,,,,,,,,,False,,props_only,,,,,96.0,NYJ,95.0,8.0,17.0,,,,,,,0.0,0.0,0.0,,,,,,0.0,0.0,,,0.0,6.8,5.61,,,0.33,1.6470588235294117,0.0,5.0,4.0,28.0,0.0,0.0,1.0,,,,,4.1,3.3,23.1,0.0,,,,,,,,,,,,,,,,,,,,
Patrick Ricard,RB,NYG,patrick ricard,,,5.52,projection_propadj,17.0,"Mike Clay / ESPN, 17-game",2026-08-13,"Clay's guidance: minus 3 games (RB) / 2 games (QB,WR,TE)",1.1265143244948397e-78,3.755047748316133e-79,0.0,,,,,,,,,,,,,,,,,21.0,3.0,6.0,,,,,,,,,,,,,,False,,props_only,,,,,97.0,NYG,98.0,7.0,17.0,,,,,,,0.0,0.0,0.0,,,,,,0.0,0.0,,,0.0,6.7,5.52,,,0.32,1.588235294117647,0.0,5.0,4.0,27.0,0.0,0.0,1.0,,,,,4.1,3.3,22.2,0.0,,,,,,,,,,,,,,,,,,,,
Kendre Miller,RB,NO,kendre miller,,,4.53,projection_propadj,17.0,"Mike Clay / ESPN, 17-game",2026-08-13,"Clay's guidance: minus 3 games (RB) / 2 games (QB,WR,TE)",2.903870269272447e-54,9.679567564241489e-55,0.0,,,,,,,,,,,,,,,,,15.0,2.0,-1.0,Sleeper,232.0,223.0,2026-08-29,NFFC,251.35,340.0,182.0,356.0,26.0,True,2026-08-29,117.0,False,,props_only,,,,,98.0,NO,99.0,7.0,17.0,,,,,,,13.0,55.0,0.0,,,,,,45.3,0.0,,,10.7,5.5,4.53,,,0.27,3.235294117647059,0.0,0.0,0.0,0.0,0.0,3.0,0.0,,,,,0.0,0.0,0.0,0.0,,,,,,,,,,,,,,,NO,,,,True,NO
Jawhar Jordan,RB,HOU,jawhar jordan,,,4.45,projection_propadj,17.0,"Mike Clay / ESPN, 17-game",2026-08-13,"Clay's guidance: minus 3 games (RB) / 2 games (QB,WR,TE)",7.767601608821576e-55,2.589200536273859e-55,0.0,,,,,,,,,,,,,,,,,29.0,4.0,-2.0,,,,,,,,,,,,,,False,,props_only,,,,,99.0,HST,100.0,7.0,17.0,,,,,,,13.0,54.0,0.0,,,,,,44.5,0.0,,,10.7,5.4,4.45,,,0.26,3.176470588235294,0.0,0.0,0.0,0.0,0.0,3.0,0.0,,,,,0.0,0.0,0.0,0.0,,,,,,,,,,,,,,,,,,,,
Emanuel Wilson,RB,SEA,emanuel wilson,,,3.4,projection_propadj,6.0,"Mike Clay / ESPN, 17-game",2026-08-13,"Clay's guidance: minus 3 games (RB) / 2 games (QB,WR,TE)",3.2977427124233274e-26,1.0992475708077757e-26,0.0,,,,,,,,,,,,,,,,,14.0,2.0,-2.0,,,,,NFFC,244.78,301.0,200.0,337.0,35.0,True,2026-08-29,,False,,props_only,,,,,100.0,SEA,93.0,10.0,6.0,,,,,,,11.0,48.0,0.0,,,,,,24.0,0.0,,,5.5,6.8,3.4,,,0.57,9.666666666666666,0.0,2.0,1.0,10.0,0.0,2.0,0.0,,,,,1.0,0.5,5.0,0.0,,,,,,,,,,,,,,,,,,,,SEA
Kaleb Johnson,RB,PIT,kaleb johnson,,,2.96,projection_propadj,17.0,"Mike Clay / ESPN, 17-game",2026-08-13,"Clay's guidance: minus 3 games (RB) / 2 games (QB,WR,TE)",2.9326945221137062e-68,9.775648407045688e-69,0.0,,,,,,,,,,,,,,,,,23.0,3.0,-15.0,Sleeper,218.0,214.0,2026-08-29,NFFC,250.23,334.0,252.0,353.0,11.0,False,2026-08-29,120.0,False,,props_only,,,,,101.0,PIT,101.0,5.0,17.0,,,,,,,9.0,36.0,0.0,,,,,,29.6,0.0,,,7.4,3.6,2.96,,,0.17,2.1176470588235294,0.0,0.0,0.0,0.0,0.0,2.0,0.0,,,,,0.0,0.0,0.0,0.0,,,,,,,,,,,,,,,PIT,,,,True,PIT
British Brooks,RB,HOU,british brooks,,,1.48,projection_propadj,17.0,"Mike Clay / ESPN, 17-game",2026-08-13,"Clay's guidance: minus 3 games (RB) / 2 games (QB,WR,TE)",1.3012359335349837e-94,4.337453111783279e-95,0.0,,,,,,,,,,,,,,,,,29.0,4.0,-2.0,,,,,,,,,,,,,,False,,props_only,,,,,102.0,HST,102.0,2.0,17.0,,,,,,,4.0,18.0,0.0,,,,,,14.8,0.0,,,3.3,1.8,1.48,,,0.09,1.0588235294117647,0.0,0.0,0.0,0.0,0.0,1.0,0.0,,,,,0.0,0.0,0.0,0.0,,,,,,,,,,,,,,,,,,,,
Kene Nwangwu,RB,NYJ,kene nwangwu,,,0.0,projection_propadj,17.0,"Mike Clay / ESPN, 17-game",2026-08-13,"Clay's guidance: minus 3 games (RB) / 2 games (QB,WR,TE)",0.0,0.0,0.0,,,,,,,,,,,,,,,,,19.0,3.0,4.0,,,,,,,,,,,,,,False,,props_only,,,,,103.0,NYJ,103.0,2.0,17.0,,,,,,,0.0,0.0,0.0,,,,,,0.0,0.0,,,0.0,0.0,0.0,,,0.0,0.0,0.0,0.0,0.0,0.0,0.0,0.0,0.0,,,,,0.0,0.0,0.0,0.0,,,,,,,,,,,,,,,,,,,,
Isaac Guerendo,RB,SF,isaac guerendo,,,0.0,projection_propadj,17.0,"Mike Clay / ESPN, 17-game",2026-08-13,"Clay's guidance: minus 3 games (RB) / 2 games (QB,WR,TE)",0.0,0.0,0.0,,,,,,,,,,,,,,,,,7.0,1.0,5.0,,,,,NFFC,241.94,236.0,222.0,351.0,2.0,False,2026-08-29,,False,,props_only,,,,,104.0,SF,104.0,1.0,17.0,,,,,,,0.0,0.0,0.0,,,,,,0.0,0.0,,,0.0,0.0,0.0,,,0.0,0.0,0.0,0.0,0.0,0.0,0.0,0.0,0.0,,,,,0.0,0.0,0.0,0.0,,,,,,,,,,,,,,,,,,,,SF
Brashard Smith,RB,KC,brashard smith,,,0.0,projection_propadj,17.0,"Mike Clay / ESPN, 17-game",2026-08-13,"Clay's guidance: minus 3 games (RB) / 2 games (QB,WR,TE)",0.0,0.0,0.0,,,,,,,,,,,,,,,,,10.0,2.0,-9.0,Sleeper,234.0,225.0,2026-08-29,NFFC,248.93,324.0,240.0,360.0,10.0,False,2026-08-29,99.0,False,,props_only,,,,,105.0,KC,105.0,1.0,17.0,,,,,,,0.0,0.0,0.0,,,,,,0.0,0.0,,,0.0,0.0,0.0,,,0.0,0.0,0.0,0.0,0.0,0.0,0.0,0.0,0.0,,,,,0.0,0.0,0.0,0.0,,,,,,,,,,,,,,,KC,,,,True,KC
Bam Knight,RB,ARI,bam knight,,,0.0,projection_propadj,17.0,"Mike Clay / ESPN, 17-game",2026-08-13,"Clay's guidance: minus 3 games (RB) / 2 games (QB,WR,TE)",0.0,0.0,0.0,,,,,,,,,,,,,,,,,20.0,3.0,5.0,,,,,,,,,,,,,,False,,props_only,,,,,106.0,ARZ,106.0,1.0,17.0,,,,,,,0.0,0.0,0.0,,,,,,0.0,0.0,,,0.0,0.0,0.0,,,0.0,0.0,0.0,0.0,0.0,0.0,0.0,0.0,0.0,,,,,0.0,0.0,0.0,0.0,,,,,,,,,,,,,,,,,,,,
Dylan Laube,RB,LV,dylan laube,,,0.0,projection_propadj,17.0,"Mike Clay / ESPN, 17-game",2026-08-13,"Clay's guidance: minus 3 games (RB) / 2 games (QB,WR,TE)",0.0,0.0,0.0,,,,,,,,,,,,,,,,,17.0,3.0,1.0,,,,,,,,,,,,,,False,,props_only,,,,,107.0,LV,107.0,1.0,17.0,,,,,,,0.0,0.0,0.0,,,,,,0.0,0.0,,,0.0,0.0,0.0,,,0.0,0.0,0.0,0.0,0.0,0.0,0.0,0.0,0.0,,,,,0.0,0.0,0.0,0.0,,,,,,,,,,,,,,,,,,,,
Rasheen Ali,RB,BAL,rasheen ali,,,0.0,projection_propadj,17.0,"Mike Clay / ESPN, 17-game",2026-08-13,"Clay's guidance: minus 3 games (RB) / 2 games (QB,WR,TE)",0.0,0.0,0.0,,,,,,,,,,,,,,,,,22.0,3.0,7.0,,,,,NFFC,243.28,276.0,348.0,355.0,2.0,False,2026-08-29,,False,,props_only,,,,,108.0,BLT,108.0,0.0,17.0,,,,,,,0.0,0.0,0.0,,,,,,0.0,0.0,,,0.0,0.0,0.0,,,0.0,0.0,0.0,0.0,0.0,0.0,0.0,0.0,0.0,,,,,0.0,0.0,0.0,0.0,,,,,,,,,,,,,,,,,,,,BAL
Jacob Saylors,RB,DET,jacob saylors,,,0.0,projection_propadj,17.0,"Mike Clay / ESPN, 17-game",2026-08-13,"Clay's guidance: minus 3 games (RB) / 2 games (QB,WR,TE)",0.0,0.0,0.0,,,,,,,,,,,,,,,,,18.0,3.0,2.0,,,,,,,,,,,,,,False,,props_only,,,,,109.0,DET,109.0,0.0,17.0,,,,,,,0.0,0.0,0.0,,,,,,0.0,0.0,,,0.0,0.0,0.0,,,0.0,0.0,0.0,0.0,0.0,0.0,0.0,0.0,0.0,,,,,0.0,0.0,0.0,0.0,,,,,,,,,,,,,,,,,,,,
DeeJay Dallas,RB,JAX,deejay dallas,,,0.0,projection_propadj,17.0,"Mike Clay / ESPN, 17-game",2026-08-13,"Clay's guidance: minus 3 games (RB) / 2 games (QB,WR,TE)",0.0,0.0,0.0,,,,,,,,,,,,,,,,,26.0,4.0,13.0,,,,,,,,,,,,,,False,,props_only,,,,,110.0,JAX,110.0,0.0,17.0,,,,,,,0.0,0.0,0.0,,,,,,0.0,0.0,,,0.0,0.0,0.0,,,0.0,0.0,0.0,0.0,0.0,0.0,0.0,0.0,0.0,,,,,0.0,0.0,0.0,0.0,,,,,,,,,,,,,,,,,,,,
Josh Williams,RB,TB,josh williams,,,0.0,projection_propadj,17.0,"Mike Clay / ESPN, 17-game",2026-08-13,"Clay's guidance: minus 3 games (RB) / 2 games (QB,WR,TE)",0.0,0.0,0.0,,,,,,,,,,,,,,,,,3.0,1.0,-2.0,,,,,,,,,,,,,,False,,props_only,,,,,111.0,TB,111.0,0.0,17.0,,,,,,,0.0,0.0,0.0,,,,,,0.0,0.0,,,0.0,0.0,0.0,,,0.0,0.0,0.0,0.0,0.0,0.0,0.0,0.0,0.0,,,,,0.0,0.0,0.0,0.0,,,,,,,,,,,,,,,,,,,,
Puka Nacua,WR,LAR,puka nacua,,,292.55,market,17.0,"Mike Clay / ESPN, 17-game",2026-08-13,"Clay's guidance: minus 3 games (RB) / 2 games (QB,WR,TE)",18.829741411685095,6.276580470561698,0.0,42.0,2.0,1.0,0.0,Prime WR1,,Some Concern,0.5352,0.1127,0.338,0.1268,0.2254,"archetype-level base rate, 2020+ top-36-WR ADP cohort (n=71 in this archetype)",N,,,8.0,1.0,6.0,Sleeper,4.0,4.0,2026-08-29,NFFC,5.01,4.0,3.0,12.0,97.0,True,2026-08-29,0.0,False,,both,5,1.0,target,Top 4 (Bijan/Gibbs/Chase/JSN) expected gone in some order,1.0,LAR,1.0,357.0,17.0,,,,,,,16.0,106.0,1.0,,,2026-08-14,,,93.5,0.9,,,,358.6,316.34,,,18.61,99.76470588235294,0.0,174.0,123.0,1590.0,10.0,4.0,31.0,,1350.5,,DraftKings/BetMGM/Caesars,153.5,108.5,1402.9,8.8,,,106.5,8.5,292.55,-66.05,-23.79,WR_PLAYER_PRIORS_2026,2026.0,2.0,Puka Nacua,Puka Nacua,,"factor_score is an ordinal composite of colour-coded judgments, NOT fantasy points; do not blend with ppr_* columns",LAR,,,,True,LAR
Ja'Marr Chase,WR,CIN,jamarr chase,,,303.95,market,17.0,"Mike Clay / ESPN, 17-game",2026-08-13,"Clay's guidance: minus 3 games (RB) / 2 games (QB,WR,TE)",14.337524682515731,4.77917489417191,0.0,42.0,1.0,1.0,0.0,Prime WR1,,Minimal Concern,0.5352,0.1127,0.338,0.1268,0.2254,"archetype-level base rate, 2020+ top-36-WR ADP cohort (n=71 in this archetype)",N,,,27.0,4.0,-9.0,Sleeper,3.0,3.0,2026-08-29,NFFC,3.12,3.0,2.0,5.0,97.0,True,2026-08-29,0.0,False,,both,,,,,2.0,CIN,2.0,336.0,17.0,,,,,,,4.0,21.0,0.0,,,2026-08-14,,,18.5,0.0,,,,337.5,297.76,,,17.52,89.70588235294117,0.0,172.0,119.0,1504.0,11.0,1.0,30.0,,1324.5,,DraftKings/BetMGM/Caesars,151.8,105.0,1327.1,9.7,,,108.5,10.5,303.95,-33.55,6.19,WR_PLAYER_PRIORS_2026,2026.0,1.0,Ja'Marr Chase,Ja'Marr Chase,,"factor_score is an ordinal composite of colour-coded judgments, NOT fantasy points; do not blend with ppr_* columns",CIN,,,,True,CIN
Jaxon Smith-Njigba,WR,SEA,jaxon smith njigba,Ohio State,True,284.95,market,17.0,"Mike Clay / ESPN, 17-game",2026-08-13,"Clay's guidance: minus 3 games (RB) / 2 games (QB,WR,TE)",16.15800830874413,5.386002769581376,0.0,38.0,3.0,0.9259,0.0,Prime WR1,,Minimal Concern,0.5352,0.1127,0.338,0.1268,0.2254,"archetype-level base rate, 2020+ top-36-WR ADP cohort (n=71 in this archetype)",N,,,14.0,2.0,-2.0,Sleeper,5.0,5.0,2026-08-29,NFFC,5.52,5.0,1.0,10.0,97.0,True,2026-08-29,0.0,False,,both,,,,,3.0,SEA,3.0,327.0,17.0,,,,,,,5.0,25.0,0.0,,,2026-08-14,,,22.1,0.0,,,,330.4,291.25,,,17.13,93.76470588235294,0.0,166.0,117.0,1569.0,9.0,1.0,33.0,,1324.5,,DraftKings/BetMGM/Caesars,146.5,103.2,1384.4,7.9,,,101.5,8.5,284.95,-45.45,-6.3,WR_PLAYER_PRIORS_2026,2026.0,3.0,Jaxon Smith-Njigba,Jaxon Smith-Njigba,,"factor_score is an ordinal composite of colour-coded judgments, NOT fantasy points; do not blend with ppr_* columns",SEA,,,,True,SEA
Amon-Ra St. Brown,WR,DET,amon ra st brown,,,285.45,market,17.0,"Mike Clay / ESPN, 17-game",2026-08-13,"Clay's guidance: minus 3 games (RB) / 2 games (QB,WR,TE)",12.092240540129353,4.030746846709785,0.0,38.0,4.0,0.9259,0.0,Prime WR1,,Minimal Concern,0.5352,0.1127,0.338,0.1268,0.2254,"archetype-level base rate, 2020+ top-36-WR ADP cohort (n=71 in this archetype)",N,,,18.0,3.0,2.0,Sleeper,8.0,8.0,2026-08-29,NFFC,6.14,6.0,4.0,13.0,97.0,True,2026-08-29,-2.0,False,,both,5,3.0,target,,4.0,DET,4.0,324.0,17.0,,,,,,,2.0,13.0,0.0,,,2026-08-14,,,11.5,0.0,,,,321.9,283.87,,,16.7,84.6470588235294,0.0,167.0,118.0,1426.0,10.0,1.0,31.0,,1249.5,,DraftKings/BetMGM/Caesars,147.4,104.1,1258.2,8.8,,,103.5,9.5,285.45,-36.45,1.58,WR_PLAYER_PRIORS_2026,2026.0,4.0,Amon-Ra St. Brown,Amon-Ra St. Brown,,"factor_score is an ordinal composite of colour-coded judgments, NOT fantasy points; do not blend with ppr_* columns",DET,,,,True,DET
CeeDee Lamb,WR,DAL,ceedee lamb,,,254.05,market,17.0,"Mike Clay / ESPN, 17-game",2026-08-13,"Clay's guidance: minus 3 games (RB) / 2 games (QB,WR,TE)",10.89234519250573,3.6307817308352432,0.0,34.0,7.0,0.8519,-2.0,Prime WR1,,Some Concern,0.5352,0.1127,0.338,0.1268,0.2254,"archetype-level base rate, 2020+ top-36-WR ADP cohort (n=71 in this archetype)",N,,,16.0,2.0,0.0,Sleeper,9.0,9.0,2026-08-29,NFFC,11.05,10.0,7.0,18.0,97.0,True,2026-08-29,1.0,False,,both,,,,,5.0,DAL,5.0,294.0,17.0,,,,,,,2.0,13.0,0.0,,,2026-08-14,,,11.5,0.0,,,,297.2,262.03,,,15.41,81.88235294117646,0.0,158.0,104.0,1379.0,9.0,1.0,28.0,,1175.5,,DraftKings/BetMGM/Caesars,139.4,91.8,1216.8,7.9,,,91.5,7.5,254.05,-43.15,-7.98,WR_PLAYER_PRIORS_2026,2026.0,5.0,CeeDee Lamb,CeeDee Lamb,,"factor_score is an ordinal composite of colour-coded judgments, NOT fantasy points; do not blend with ppr_* columns",DAL,,,,True,DAL
Justin Jefferson,WR,MIN,justin jefferson,,,252.45,market,17.0,"Mike Clay / ESPN, 17-game",2026-08-13,"Clay's guidance: minus 3 games (RB) / 2 games (QB,WR,TE)",10.766311559005933,3.5887705196686444,0.0,38.0,5.0,0.9259,1.0,Prime WR1,,Minimal Concern,0.5352,0.1127,0.338,0.1268,0.2254,"archetype-level base rate, 2020+ top-36-WR ADP cohort (n=71 in this archetype)",N,,,12.0,2.0,-5.0,Sleeper,11.0,11.0,2026-08-29,NFFC,11.63,11.0,7.0,19.0,97.0,True,2026-08-29,0.0,False,,both,,,,,6.0,MIN,6.0,294.0,17.0,,,,,,,2.0,11.0,0.0,,,2026-08-14,,,9.7,0.0,,,,291.7,257.48,,,15.15,81.58823529411765,0.0,166.0,111.0,1376.0,7.0,1.0,30.0,,1149.5,,DraftKings/BetMGM/Caesars,146.5,97.9,1214.1,6.2,,,92.5,7.5,252.45,-39.25,-5.03,WR_PLAYER_PRIORS_2026,2026.0,6.0,Justin Jefferson,Justin Jefferson,,"factor_score is an ordinal composite of colour-coded judgments, NOT fantasy points; do not blend with ppr_* columns",MIN,,,,True,MIN
Rashee Rice,WR,KC,rashee rice,,,249.45,market,17.0,"Mike Clay / ESPN, 17-game",2026-08-13,"Clay's guidance: minus 3 games (RB) / 2 games (QB,WR,TE)",5.878519650313626,1.9595065501045419,0.0,24.0,17.0,0.6667,-6.0,Breakout Candidate,,Some Concern,0.2727,0.1591,0.1818,0.2955,0.2727,"archetype-level base rate, 2020+ top-36-WR ADP cohort (n=44 in this archetype)",N,,,10.0,2.0,-9.0,Sleeper,28.0,28.0,2026-08-29,NFFC,28.54,27.0,14.0,48.0,97.0,True,2026-08-29,-1.0,False,,both,,,,,7.0,KC,7.0,270.0,17.0,,,,,,,8.0,43.0,1.0,,,2026-08-14,,,37.9,0.9,,,,273.5,241.17,,,14.19,69.11764705882354,0.0,136.0,96.0,1132.0,9.0,2.0,25.0,,1049.5,,DraftKings/BetMGM/Caesars,120.0,84.7,998.8,7.9,,,99.5,7.5,249.45,-24.05,8.28,WR_PLAYER_PRIORS_2026,2026.0,11.0,Rashee Rice,Rashee Rice,,"factor_score is an ordinal composite of colour-coded judgments, NOT fantasy points; do not blend with ppr_* columns",KC,,,,True,KC
Drake London,WR,ATL,drake london,,,244.45,market,17.0,"Mike Clay / ESPN, 17-game",2026-08-13,"Clay's guidance: minus 3 games (RB) / 2 games (QB,WR,TE)",7.463057414535369,2.487685804845123,0.0,30.0,10.0,0.7778,-2.0,Prime WR1,,Minimal Concern,0.5352,0.1127,0.338,0.1268,0.2254,"archetype-level base rate, 2020+ top-36-WR ADP cohort (n=71 in this archetype)",N,,,11.0,2.0,-8.0,Sleeper,17.0,17.0,2026-08-29,NFFC,20.43,18.0,8.0,30.0,97.0,True,2026-08-29,1.0,False,,both,,,,,8.0,ATL,8.0,270.0,17.0,,,,,,,0.0,0.0,0.0,,,2026-08-14,,,0.0,0.0,,,,268.9,237.41,,,13.97,73.47058823529412,0.0,159.0,102.0,1249.0,7.0,0.0,29.0,,1099.5,,DraftKings/BetMGM/Caesars,140.3,90.0,1102.1,6.2,,,89.5,7.5,244.45,-24.45,7.04,WR_PLAYER_PRIORS_2026,2026.0,8.0,Drake London,Drake London,,"factor_score is an ordinal composite of colour-coded judgments, NOT fantasy points; do not blend with ppr_* columns",ATL,,,,True,ATL
Nico Collins,WR,HOU,nico collins,,,216.95,market,17.0,"Mike Clay / ESPN, 17-game",2026-08-13,"Clay's guidance: minus 3 games (RB) / 2 games (QB,WR,TE)",6.888698462051751,2.296232820683917,0.0,32.0,8.0,0.8148,1.0,Prime WR1,,Some Concern,0.5352,0.1127,0.338,0.1268,0.2254,"archetype-level base rate, 2020+ top-36-WR ADP cohort (n=71 in this archetype)",N,,,29.0,4.0,-2.0,Sleeper,25.0,25.0,2026-08-29,NFFC,22.75,23.0,12.0,30.0,97.0,True,2026-08-29,-2.0,False,,both,"20, 29",2.0,target,,9.0,HST,9.0,249.0,17.0,,,,,,,2.0,12.0,0.0,,,2026-08-14,,,10.6,0.0,,,,250.3,221.01,,,13.0,71.94117647058823,0.0,137.0,86.0,1211.0,7.0,1.0,25.0,,1074.5,,DraftKings/BetMGM/Caesars,120.9,75.9,1068.5,6.2,,,70.5,6.5,216.95,-33.35,-4.06,WR_PLAYER_PRIORS_2026,2026.0,9.0,Nico Collins,Nico Collins,,"factor_score is an ordinal composite of colour-coded judgments, NOT fantasy points; do not blend with ppr_* columns",HOU,,,,True,HOU
A.J. Brown,WR,NE,aj brown,,,235.95,market,17.0,"Mike Clay / ESPN, 17-game",2026-08-13,"Clay's guidance: minus 3 games (RB) / 2 games (QB,WR,TE)",6.7156751423225725,2.2385583807741907,0.0,24.0,16.0,0.6667,-9.0,Trusty Veteran,,Some Concern,0.2778,0.3056,0.0833,0.1667,0.25,"archetype-level base rate, 2020+ top-36-WR ADP cohort (n=36 in this archetype)",N,,,13.0,2.0,-4.0,Sleeper,18.0,18.0,2026-08-29,NFFC,15.88,15.0,9.0,26.0,97.0,True,2026-08-29,-3.0,False,,both,"20, 29",1.0,target,Hoped fallback if he slides,10.0,NE,10.0,248.0,17.0,,,,,,,0.0,0.0,0.0,,,2026-08-14,,,0.0,0.0,,,,249.5,220.31,,,12.96,71.47058823529412,0.0,130.0,86.0,1215.0,7.0,0.0,25.0,,1124.5,,DraftKings/BetMGM/Caesars,114.7,75.9,1072.1,6.2,,,78.5,7.5,235.95,-13.55,15.64,WR_PLAYER_PRIORS_2026,2026.0,7.0,A.J. Brown,AJ Brown,,"factor_score is an ordinal composite of colour-coded judgments, NOT fantasy points; do not blend with ppr_* columns",NE,,,,True,NE
Garrett Wilson,WR,NYJ,garrett wilson,Ohio State,True,211.45,market,17.0,"Mike Clay / ESPN, 17-game",2026-08-13,"Clay's guidance: minus 3 games (RB) / 2 games (QB,WR,TE)",5.878519650313626,1.9595065501045419,0.0,20.0,20.0,0.5926,0.0,Prime WR1,,Minimal Concern,0.5352,0.1127,0.338,0.1268,0.2254,"archetype-level base rate, 2020+ top-36-WR ADP cohort (n=71 in this archetype)",N,,,19.0,3.0,4.0,Sleeper,45.0,45.0,2026-08-29,NFFC,35.14,33.0,28.0,55.0,97.0,True,2026-08-29,-12.0,False,,both,44,6.0,target,,11.0,NYJ,11.0,248.0,17.0,,,,,,,2.0,11.0,0.0,,,2026-08-14,,,9.7,0.0,,,,247.5,218.28,,,12.84,69.11764705882354,0.0,149.0,100.0,1164.0,5.0,1.0,28.0,,999.5,,DraftKings/BetMGM/Caesars,131.5,88.2,1027.1,4.4,,,84.5,4.5,211.45,-36.05,-6.83,WR_PLAYER_PRIORS_2026,2026.0,20.0,Garrett Wilson,Garrett Wilson,,"factor_score is an ordinal composite of colour-coded judgments, NOT fantasy points; do not blend with ppr_* columns",NYJ,,,,True,NYJ
Malik Nabers,WR,NYG,malik nabers,,,216.35,projection_propadj,17.0,"Mike Clay / ESPN, 17-game",2026-08-13,"Clay's guidance: minus 3 games (RB) / 2 games (QB,WR,TE)",5.577239152811805,1.8590797176039349,0.0,26.0,14.0,0.7037,1.0,Prime WR1,,Concerned,0.5352,0.1127,0.338,0.1268,0.2254,"archetype-level base rate, 2020+ top-36-WR ADP cohort (n=71 in this archetype)",N,,,21.0,3.0,6.0,Sleeper,27.0,27.0,2026-08-29,NFFC,24.21,25.0,13.0,35.0,97.0,True,2026-08-29,-2.0,False,,both,,,,,12.0,NYG,12.0,247.0,17.0,,,,,,,4.0,23.0,0.0,,,,,,20.3,0.0,,,,245.0,216.35,,,12.73,68.23529411764706,0.0,137.0,87.0,1137.0,7.0,1.0,27.0,,,,,120.9,76.8,1003.2,6.2,,,,,,,,WR_PLAYER_PRIORS_2026,2026.0,15.0,Malik Nabers,Malik Nabers,,"factor_score is an ordinal composite of colour-coded judgments, NOT fantasy points; do not blend with ppr_* columns",NYG,,,,True,NYG
Chris Olave,WR,NO,chris olave,Ohio State,True,217.95,market,17.0,"Mike Clay / ESPN, 17-game",2026-08-13,"Clay's guidance: minus 3 games (RB) / 2 games (QB,WR,TE)",5.636920967882656,1.8789736559608852,0.0,18.0,21.0,0.5556,-8.0,Prime WR1,,Some Concern,0.5352,0.1127,0.338,0.1268,0.2254,"archetype-level base rate, 2020+ top-36-WR ADP cohort (n=71 in this archetype)",N,,,15.0,2.0,-1.0,Sleeper,30.0,30.0,2026-08-29,NFFC,22.95,24.0,14.0,41.0,97.0,True,2026-08-29,-6.0,False,,both,29,4.0,target,ADP above factors per grid divergence,13.0,NO,13.0,245.0,17.0,,,,,,,0.0,0.0,0.0,,,2026-08-14,,,0.0,0.0,,,,243.3,214.72,,,12.63,68.41176470588235,0.0,142.0,91.0,1163.0,6.0,0.0,26.0,,1024.5,,DraftKings/BetMGM/Caesars,125.3,80.3,1026.2,5.3,,,82.5,5.5,217.95,-25.35,3.23,WR_PLAYER_PRIORS_2026,2026.0,13.0,Chris Olave,Chris Olave,,"factor_score is an ordinal composite of colour-coded judgments, NOT fantasy points; do not blend with ppr_* columns",NO,,,,True,NO
Zay Flowers,WR,BAL,zay flowers,,,207.45,market,17.0,"Mike Clay / ESPN, 17-game",2026-08-13,"Clay's guidance: minus 3 games (RB) / 2 games (QB,WR,TE)",6.997740777240374,2.3325802590801246,0.0,30.0,12.0,0.7778,2.0,Prime WR1,,Minimal Concern,0.5352,0.1127,0.338,0.1268,0.2254,"archetype-level base rate, 2020+ top-36-WR ADP cohort (n=71 in this archetype)",N,,,22.0,3.0,7.0,Sleeper,41.0,41.0,2026-08-29,NFFC,29.78,29.0,23.0,40.0,97.0,True,2026-08-29,-12.0,False,,both,44,7.0,target,,14.0,BLT,16.0,239.0,17.0,,,,,,,10.0,57.0,0.0,,,2026-08-14,,,50.3,0.0,,,,240.8,212.55,,,12.5,72.23529411764706,0.0,117.0,82.0,1171.0,6.0,2.0,25.0,,999.5,,DraftKings/BetMGM/Caesars,103.2,72.4,1033.2,5.3,,,74.5,5.5,207.45,-33.35,-5.1,WR_PLAYER_PRIORS_2026,2026.0,14.0,Zay Flowers,Zay Flowers,,"factor_score is an ordinal composite of colour-coded judgments, NOT fantasy points; do not blend with ppr_* columns",BAL,,,,True,BAL
DeVonta Smith,WR,PHI,devonta smith,Alabama,True,217.45,market,17.0,"Mike Clay / ESPN, 17-game",2026-08-13,"Clay's guidance: minus 3 games (RB) / 2 games (QB,WR,TE)",4.977879611982083,1.6592932039940278,0.0,32.0,9.0,0.8148,3.0,Prime WR1,,Minimal Concern,0.5352,0.1127,0.338,0.1268,0.2254,"archetype-level base rate, 2020+ top-36-WR ADP cohort (n=71 in this archetype)",N,,,2.0,1.0,-3.0,Sleeper,35.0,35.0,2026-08-29,NFFC,28.14,26.0,18.0,43.0,97.0,True,2026-08-29,-9.0,False,,both,44,4.0,target,,15.0,PHI,14.0,239.0,17.0,,,,,,,0.0,0.0,0.0,,,2026-08-14,,,0.0,0.0,,,,239.9,211.72,,,12.45,66.41176470588235,0.0,128.0,91.0,1129.0,6.0,0.0,26.0,,1049.5,,DraftKings/BetMGM/Caesars,112.9,80.3,996.2,5.3,,,79.5,5.5,217.45,-22.45,5.73,WR_PLAYER_PRIORS_2026,2026.0,12.0,DeVonta Smith,Devonta Smith,,"factor_score is an ordinal composite of colour-coded judgments, NOT fantasy points; do not blend with ppr_* columns",PHI,,,,True,PHI
George Pickens,WR,DAL,george pickens,,,214.45,market,17.0,"Mike Clay / ESPN, 17-game",2026-08-13,"Clay's guidance: minus 3 games (RB) / 2 games (QB,WR,TE)",4.699582638869135,1.5665275462897115,0.0,30.0,11.0,0.7778,-1.0,Prime WR1,,Minimal Concern,0.5352,0.1127,0.338,0.1268,0.2254,"archetype-level base rate, 2020+ top-36-WR ADP cohort (n=71 in this archetype)",N,,,16.0,2.0,0.0,Sleeper,23.0,23.0,2026-08-29,NFFC,21.6,21.0,1.0,31.0,97.0,True,2026-08-29,-2.0,False,,both,,,,,16.0,DAL,15.0,239.0,17.0,,,,,,,0.0,0.0,0.0,,,2026-08-14,,,0.0,0.0,,,,239.4,211.49,,,12.44,65.52941176470588,0.0,124.0,80.0,1114.0,8.0,0.0,22.0,,999.5,,DraftKings/BetMGM/Caesars,109.4,70.6,982.9,7.1,,,75.5,6.5,214.45,-24.95,2.96,WR_PLAYER_PRIORS_2026,2026.0,10.0,George Pickens,George Pickens,,"factor_score is an ordinal composite of colour-coded judgments, NOT fantasy points; do not blend with ppr_* columns",DAL,,,,True,DAL
Tetairoa McMillan,WR,CAR,tetairoa mcmillan,,,206.45,market,17.0,"Mike Clay / ESPN, 17-game",2026-08-13,"Clay's guidance: minus 3 games (RB) / 2 games (QB,WR,TE)",6.0010155997862995,2.0003385332621,0.0,4.0,35.0,0.2963,-16.0,Breakout Candidate,,Minimal Concern,0.2727,0.1591,0.1818,0.2955,0.2727,"archetype-level base rate, 2020+ top-36-WR ADP cohort (n=44 in this archetype)",N,,,23.0,3.0,9.0,Sleeper,37.0,37.0,2026-08-29,NFFC,37.11,37.0,29.0,51.0,97.0,True,2026-08-29,0.0,False,,both,,,,,17.0,CAR,17.0,236.0,17.0,,,,,,,0.0,0.0,0.0,,,2026-08-14,,,0.0,0.0,,,,238.1,210.11,,,12.36,69.47058823529412,0.0,141.0,84.0,1181.0,6.0,0.0,27.0,,949.5,,DraftKings/BetMGM/Caesars,124.4,74.1,1042.1,5.3,,,72.5,6.5,206.45,-31.65,-3.66,WR_PLAYER_PRIORS_2026,2026.0,19.0,Tetairoa McMillan,Tetairoa McMillan,,"factor_score is an ordinal composite of colour-coded judgments, NOT fantasy points; do not blend with ppr_* columns",CAR,,,,True,CAR
Davante Adams,WR,LAR,davante adams,,,194.95,market,17.0,"Mike Clay / ESPN, 17-game",2026-08-13,"Clay's guidance: minus 3 games (RB) / 2 games (QB,WR,TE)",3.083503297420861,1.0278344324736204,0.0,12.0,24.0,0.4444,1.0,Trusty Veteran,,Some Concern,0.2778,0.3056,0.0833,0.1667,0.25,"archetype-level base rate, 2020+ top-36-WR ADP cohort (n=36 in this archetype)",N,,,8.0,1.0,6.0,Sleeper,50.0,50.0,2026-08-29,NFFC,50.23,51.0,32.0,80.0,97.0,True,2026-08-29,1.0,False,,both,53,,watch,"VORP 37.51, second highest in the band, but sharp -1 so no market edge. Same age question as McLaurin",18.0,LAR,18.0,233.0,17.0,,,,,,,0.0,0.0,0.0,,,2026-08-14,,,0.0,0.0,,,,235.6,207.85,,,12.23,59.76470588235294,0.0,124.0,68.0,1016.0,11.0,0.0,22.0,,774.5,,DraftKings/BetMGM/Caesars,109.4,60.0,896.5,9.7,,,60.5,9.5,194.95,-40.65,-12.9,WR_PLAYER_PRIORS_2026,2026.0,25.0,Davante Adams,Davante Adams,,"factor_score is an ordinal composite of colour-coded judgments, NOT fantasy points; do not blend with ppr_* columns",LAR,,,,True,LAR
Emeka Egbuka,WR,TB,emeka egbuka,Ohio State,True,201.95,market,17.0,"Mike Clay / ESPN, 17-game",2026-08-13,"Clay's guidance: minus 3 games (RB) / 2 games (QB,WR,TE)",5.186879024237533,1.7289596747458444,0.0,26.0,15.0,0.7037,1.0,Breakout Candidate,,Minimal Concern,0.2727,0.1591,0.1818,0.2955,0.2727,"archetype-level base rate, 2020+ top-36-WR ADP cohort (n=44 in this archetype)",N,,,3.0,1.0,-2.0,Sleeper,39.0,39.0,2026-08-29,NFFC,36.01,35.0,22.0,52.0,97.0,True,2026-08-29,-4.0,False,,both,44,2.0,target,,19.0,TB,19.0,229.0,17.0,,,,,,,2.0,12.0,0.0,,,2026-08-14,,,10.6,0.0,,,,226.0,199.59,,,11.74,67.05882352941177,0.0,128.0,70.0,1128.0,7.0,1.0,24.0,,924.5,,DraftKings/BetMGM/Caesars,112.9,61.8,995.3,6.2,,,70.5,6.5,201.95,-24.05,2.36,WR_PLAYER_PRIORS_2026,2026.0,16.0,Emeka Egbuka,Emeka Egbuka,,"factor_score is an ordinal composite of colour-coded judgments, NOT fantasy points; do not blend with ppr_* columns",TB,,,,True,TB
Ladd McConkey,WR,LAC,ladd mcconkey,,,194.45,market,17.0,"Mike Clay / ESPN, 17-game",2026-08-13,"Clay's guidance: minus 3 games (RB) / 2 games (QB,WR,TE)",3.38379104712377,1.1279303490412567,0.0,28.0,13.0,0.7407,5.0,Breakout Candidate,,Minimal Concern,0.2727,0.1591,0.1818,0.2955,0.2727,"archetype-level base rate, 2020+ top-36-WR ADP cohort (n=44 in this archetype)",N,,,6.0,1.0,2.0,Sleeper,38.0,38.0,2026-08-29,NFFC,33.33,30.0,21.0,47.0,97.0,True,2026-08-29,-8.0,False,,both,44,1.0,target,,20.0,LAC,20.0,221.0,17.0,,,,,,,0.0,0.0,0.0,,,2026-08-14,,,0.0,0.0,,,,218.6,192.91,,,11.35,60.94117647058823,0.0,122.0,79.0,1036.0,6.0,0.0,23.0,,899.5,,DraftKings/BetMGM/Caesars,107.6,69.7,914.1,5.3,,,71.5,5.5,194.45,-24.15,1.54,WR_PLAYER_PRIORS_2026,2026.0,18.0,Ladd McConkey,Ladd McConkey,,"factor_score is an ordinal composite of colour-coded judgments, NOT fantasy points; do not blend with ppr_* columns",LAC,,,,True,LAC
Terry McLaurin,WR,WAS,terry mclaurin,Ohio State,True,196.95,market,17.0,"Mike Clay / ESPN, 17-game",2026-08-13,"Clay's guidance: minus 3 games (RB) / 2 games (QB,WR,TE)",3.667249156302275,1.2224163854340917,0.0,10.0,29.0,0.4074,-7.0,Trusty Veteran,,Some Concern,0.2778,0.3056,0.0833,0.1667,0.25,"archetype-level base rate, 2020+ top-36-WR ADP cohort (n=36 in this archetype)",N,,,32.0,4.0,3.0,Sleeper,56.0,56.0,2026-08-29,NFFC,48.56,47.0,33.0,69.0,97.0,True,2026-08-29,-9.0,False,,both,53,,watch,"**Highest VORP in the whole 48-72 band: 39.51, sharp +12.** Faded for age. Owner will reconsider. If the age fade is a reflex rather than a read, he is the pick at 53",21.0,WAS,21.0,219.0,17.0,,,,,,,0.0,0.0,0.0,,,2026-08-14,,,0.0,0.0,,,,218.4,192.7,,,11.34,62.0,0.0,119.0,77.0,1054.0,6.0,0.0,23.0,,924.5,,DraftKings/BetMGM/Caesars,105.0,67.9,930.0,5.3,,,71.5,5.5,196.95,-21.45,4.25,WR_PLAYER_PRIORS_2026,2026.0,22.0,Terry McLaurin,Terry McLaurin,,"factor_score is an ordinal composite of colour-coded judgments, NOT fantasy points; do not blend with ppr_* columns",WAS,,,,True,WAS
Tee Higgins,WR,CIN,tee higgins,,,203.05,market,17.0,"Mike Clay / ESPN, 17-game",2026-08-13,"Clay's guidance: minus 3 games (RB) / 2 games (QB,WR,TE)",2.2404187914105345,0.7468062638035114,0.0,20.0,19.0,0.5926,-2.0,Prime WR1,,Some Concern,0.5352,0.1127,0.338,0.1268,0.2254,"archetype-level base rate, 2020+ top-36-WR ADP cohort (n=71 in this archetype)",N,,,27.0,4.0,-9.0,Sleeper,34.0,34.0,2026-08-29,NFFC,37.42,38.0,25.0,53.0,97.0,True,2026-08-29,4.0,False,,both,,,,,22.0,CIN,22.0,218.0,17.0,,,,,,,0.0,0.0,0.0,,,2026-08-14,,,0.0,0.0,,,,216.3,191.09,,,11.24,56.05882352941177,0.0,114.0,73.0,953.0,8.0,0.0,20.0,,875.5,,DraftKings/BetMGM/Caesars,100.6,64.4,840.9,7.1,,,64.5,8.5,203.05,-13.25,11.96,WR_PLAYER_PRIORS_2026,2026.0,17.0,Tee Higgins,Tee Higgins,,"factor_score is an ordinal composite of colour-coded judgments, NOT fantasy points; do not blend with ppr_* columns",CIN,,,,True,CIN
Carnell Tate,WR,TEN,carnell tate,,,168.45,market,17.0,"Mike Clay / ESPN, 17-game",2026-08-13,"Clay's guidance: minus 3 games (RB) / 2 games (QB,WR,TE)",3.8962333258523456,1.2987444419507819,0.0,2.0,36.0,0.2593,-7.0,Breakout Candidate,,Minimal Concern,0.2727,0.1591,0.1818,0.2955,0.2727,"archetype-level base rate, 2020+ top-36-WR ADP cohort (n=44 in this archetype)",N,,,30.0,4.0,0.0,Sleeper,66.0,66.0,2026-08-29,NFFC,62.84,62.0,43.0,89.0,97.0,True,2026-08-29,-4.0,False,,both,53,,fade,,23.0,TEN,25.0,211.0,17.0,,,,,,,0.0,0.0,0.0,,,2026-08-14,,,0.0,0.0,,,,214.8,189.44,,,11.14,62.8235294117647,0.0,127.0,78.0,1068.0,5.0,0.0,23.0,,799.5,,DraftKings/BetMGM/Caesars,112.1,68.8,942.4,4.4,,,61.5,4.5,168.45,-46.35,-20.99,WR_PLAYER_PRIORS_2026,2026.0,29.0,Carnell Tate,Carnell Tate,,"factor_score is an ordinal composite of colour-coded judgments, NOT fantasy points; do not blend with ppr_* columns",TEN,,,,True,TEN
Jameson Williams,WR,DET,jameson williams,Alabama,True,179.45,market,17.0,"Mike Clay / ESPN, 17-game",2026-08-13,"Clay's guidance: minus 3 games (RB) / 2 games (QB,WR,TE)",3.9630096599217355,1.321003219973912,0.0,12.0,25.0,0.4444,1.0,Prime WR2,,Minimal Concern,0.379,0.138,0.31,0.31,0.172,"archetype-level base rate, 2020+ top-36-WR ADP cohort (n=29 in this archetype)",N,,,18.0,3.0,2.0,Sleeper,58.0,58.0,2026-08-29,NFFC,47.42,45.0,37.0,69.0,97.0,True,2026-08-29,-13.0,False,,both,53,,fade,,24.0,DET,27.0,209.0,17.0,,,,,,,7.0,45.0,1.0,,,2026-08-14,,,39.7,0.9,,,,213.2,188.29,,,11.08,63.05882352941177,0.0,102.0,64.0,1027.0,6.0,2.0,19.0,,899.5,,DraftKings/BetMGM/Caesars,90.0,56.5,906.2,5.3,,,56.5,5.5,179.45,-33.75,-8.84,WR_PLAYER_PRIORS_2026,2026.0,26.0,Jameson Williams,Jameson Williams,,"factor_score is an ordinal composite of colour-coded judgments, NOT fantasy points; do not blend with ppr_* columns",DET,,,,True,DET
Jaylen Waddle,WR,DEN,jaylen waddle,Alabama,True,193.55,market,17.0,"Mike Clay / ESPN, 17-game",2026-08-13,"Clay's guidance: minus 3 games (RB) / 2 games (QB,WR,TE)",2.896692600694147,0.9655642002313823,0.0,36.0,6.0,0.8889,15.0,Prime WR1,,Some Concern,0.5352,0.1127,0.338,0.1268,0.2254,"archetype-level base rate, 2020+ top-36-WR ADP cohort (n=71 in this archetype)",N,,,1.0,1.0,0.0,Sleeper,46.0,46.0,2026-08-29,NFFC,33.91,31.0,25.0,47.0,97.0,True,2026-08-29,-15.0,False,,both,44,3.0,target,Largest positive factor-grid divergence at WR,25.0,DEN,23.0,213.0,17.0,,,,,,,2.0,12.0,0.0,,,2026-08-14,,,10.6,0.0,,,,213.3,188.2,,,11.07,59.0,0.0,119.0,77.0,991.0,6.0,1.0,21.0,,920.5,,DraftKings/BetMGM/Caesars,105.0,67.9,874.4,5.3,,,68.5,5.5,193.55,-19.75,5.35,WR_PLAYER_PRIORS_2026,2026.0,21.0,Jaylen Waddle,Jaylen Waddle,,"factor_score is an ordinal composite of colour-coded judgments, NOT fantasy points; do not blend with ppr_* columns",DEN,,,,True,DEN
Rome Odunze,WR,CHI,rome odunze,,,179.95,market,17.0,"Mike Clay / ESPN, 17-game",2026-08-13,"Clay's guidance: minus 3 games (RB) / 2 games (QB,WR,TE)",3.2769231657692757,1.092307721923092,0.0,16.0,22.0,0.5185,8.0,Breakout Candidate,,Some Concern,0.2727,0.1591,0.1818,0.2955,0.2727,"archetype-level base rate, 2020+ top-36-WR ADP cohort (n=44 in this archetype)",N,,,4.0,1.0,0.0,Sleeper,65.0,65.0,2026-08-29,NFFC,52.25,54.0,40.0,78.0,97.0,True,2026-08-29,-11.0,False,,both,"53, 77",1.0,target,"VORP 22.51, sharp +13, Breakout Candidate. Best combined VORP-plus-sharp play in the band that is not age-faded",26.0,CHI,24.0,213.0,17.0,,,,,,,0.0,0.0,0.0,,,2026-08-14,,,0.0,0.0,,,,209.9,185.49,,,10.91,60.529411764705884,0.0,118.0,59.0,1029.0,8.0,0.0,23.0,,824.5,,DraftKings/BetMGM/Caesars,104.1,52.1,907.9,7.1,,,58.5,6.5,179.95,-29.95,-5.54,WR_PLAYER_PRIORS_2026,2026.0,30.0,Rome Odunze,Rome Odunze,,"factor_score is an ordinal composite of colour-coded judgments, NOT fantasy points; do not blend with ppr_* columns",CHI,,,,True,CHI
DJ Moore,WR,BUF,dj moore,,,178.55,market,17.0,"Mike Clay / ESPN, 17-game",2026-08-13,"Clay's guidance: minus 3 games (RB) / 2 games (QB,WR,TE)",2.6089888737807634,0.869662957926921,0.0,12.0,26.0,0.4444,1.0,Trusty Veteran,,Minimal Concern,0.2778,0.3056,0.0833,0.1667,0.25,"archetype-level base rate, 2020+ top-36-WR ADP cohort (n=36 in this archetype)",N,,,5.0,1.0,1.0,Sleeper,57.0,57.0,2026-08-29,NFFC,41.32,41.0,29.0,55.0,97.0,True,2026-08-29,-16.0,False,,both,53,2.0,target,"VORP 21.11, sharp +13. Best of the WR options once age fades are respected",27.0,BUF,26.0,210.0,17.0,,,,,,,7.0,36.0,0.0,,,2026-08-14,,,31.8,0.0,,,,207.2,182.95,,,10.76,57.76470588235294,0.0,107.0,67.0,946.0,7.0,2.0,21.0,,800.5,,DraftKings/BetMGM/Caesars,94.4,59.1,834.7,6.2,,,59.5,6.5,178.55,-28.65,-4.4,WR_PLAYER_PRIORS_2026,2026.0,27.0,D.J. Moore,DJ Moore,,"factor_score is an ordinal composite of colour-coded judgments, NOT fantasy points; do not blend with ppr_* columns",BUF,,,,True,BUF
Courtland Sutton,WR,DEN,courtland sutton,,,168.45,market,17.0,"Mike Clay / ESPN, 17-game",2026-08-13,"Clay's guidance: minus 3 games (RB) / 2 games (QB,WR,TE)",1.5834272401736977,0.5278090800578993,0.0,2.0,37.0,0.2593,2.0,Trusty Veteran,,Some Concern,0.2778,0.3056,0.0833,0.1667,0.25,"archetype-level base rate, 2020+ top-36-WR ADP cohort (n=36 in this archetype)",N,,,1.0,1.0,0.0,Sleeper,80.0,80.0,2026-08-29,NFFC,71.59,70.0,42.0,98.0,97.0,True,2026-08-29,-10.0,False,,both,,,,,28.0,DEN,29.0,204.0,17.0,,,,,,,0.0,0.0,0.0,,,2026-08-14,,,0.0,0.0,,,,206.3,182.29,,,10.72,52.529411764705884,0.0,119.0,69.0,893.0,8.0,0.0,21.0,,699.5,,DraftKings/BetMGM/Caesars,105.0,60.9,787.9,7.1,,,59.5,6.5,168.45,-37.85,-13.84,WR_PLAYER_PRIORS_2026,2026.0,39.0,Courtland Sutton,Courtland Sutton,,"factor_score is an ordinal composite of colour-coded judgments, NOT fantasy points; do not blend with ppr_* columns",DEN,,,,True,DEN
Alec Pierce,WR,IND,alec pierce,,,181.43,projection_propadj,17.0,"Mike Clay / ESPN, 17-game",2026-08-13,"Clay's guidance: minus 3 games (RB) / 2 games (QB,WR,TE)",3.2317038934319906,1.0772346311439969,0.0,-12.0,44.0,0.0,-6.0,Prime WR2,,Concerned,0.379,0.138,0.31,0.31,0.172,"archetype-level base rate, 2020+ top-36-WR ADP cohort (n=29 in this archetype)",N,,,9.0,2.0,-13.0,Sleeper,102.0,102.0,2026-08-29,NFFC,91.78,88.0,71.0,154.0,97.0,True,2026-08-29,-14.0,False,,both,,,,,29.0,IND,30.0,203.0,17.0,,,,,,,0.0,0.0,0.0,,,,,,0.0,0.0,,,,205.6,181.43,,,10.67,60.35294117647059,0.0,115.0,67.0,1026.0,6.0,0.0,22.0,,,,,101.5,59.1,905.3,5.3,,,,,,,,WR_PLAYER_PRIORS_2026,2026.0,38.0,Alec Pierce,Alec Pierce,,"factor_score is an ordinal composite of colour-coded judgments, NOT fantasy points; do not blend with ppr_* columns",IND,,,,True,IND
Luther Burden III,WR,CHI,luther burden,,,176.45,market,17.0,"Mike Clay / ESPN, 17-game",2026-08-13,"Clay's guidance: minus 3 games (RB) / 2 games (QB,WR,TE)",2.6894105612155115,0.8964701870718371,0.0,12.0,23.0,0.4444,0.0,Breakout Candidate,,Minimal Concern,0.2727,0.1591,0.1818,0.2955,0.2727,"archetype-level base rate, 2020+ top-36-WR ADP cohort (n=44 in this archetype)",N,,,4.0,1.0,0.0,Sleeper,52.0,52.0,2026-08-29,NFFC,42.67,42.0,29.0,71.0,97.0,True,2026-08-29,-10.0,False,,both,,,,,30.0,CHI,28.0,206.0,17.0,,,,,,,9.0,50.0,0.0,,,2026-08-14,,,44.1,0.0,,,,203.8,179.77,,,10.57,58.11764705882353,0.0,113.0,75.0,938.0,5.0,2.0,22.0,,849.5,,DraftKings/BetMGM/Caesars,99.7,66.2,827.6,4.4,,,64.5,4.5,176.45,-27.35,-3.32,WR_PLAYER_PRIORS_2026,2026.0,23.0,Luther Burden III,Luther Burden,,"factor_score is an ordinal composite of colour-coded judgments, NOT fantasy points; do not blend with ppr_* columns",CHI,,,,True,CHI
Michael Pittman Jr.,WR,PIT,michael pittman,,,172.45,market,17.0,"Mike Clay / ESPN, 17-game",2026-08-13,"Clay's guidance: minus 3 games (RB) / 2 games (QB,WR,TE)",1.2986935246714912,0.43289784155716377,0.0,10.0,30.0,0.4074,15.0,Prime WR2,,Minimal Concern,0.379,0.138,0.31,0.31,0.172,"archetype-level base rate, 2020+ top-36-WR ADP cohort (n=29 in this archetype)",N,,,23.0,3.0,-15.0,Sleeper,101.0,101.0,2026-08-29,NFFC,86.29,82.0,66.0,121.0,97.0,True,2026-08-29,-19.0,False,,both,92,3.0,target,,31.0,PIT,31.0,197.0,17.0,,,,,,,0.0,0.0,0.0,,,2026-08-14,,,0.0,0.0,,,,198.2,174.66,,,10.27,50.705882352941174,0.0,130.0,88.0,862.0,4.0,0.0,23.0,,749.5,,DraftKings/BetMGM/Caesars,114.7,77.6,760.6,3.5,,,70.5,4.5,172.45,-25.75,-2.21,WR_PLAYER_PRIORS_2026,2026.0,45.0,Michael Pittman Jr.,Michael Pittman Jr.,,"factor_score is an ordinal composite of colour-coded judgments, NOT fantasy points; do not blend with ppr_* columns",PIT,,,,True,PIT
DK Metcalf,WR,PIT,dk metcalf,,,173.95,market,17.0,"Mike Clay / ESPN, 17-game",2026-08-13,"Clay's guidance: minus 3 games (RB) / 2 games (QB,WR,TE)",2.1328229870353286,0.7109409956784428,0.0,0.0,39.0,0.2222,-2.0,Prime WR1,,Minimal Concern,0.5352,0.1127,0.338,0.1268,0.2254,"archetype-level base rate, 2020+ top-36-WR ADP cohort (n=71 in this archetype)",N,,,23.0,3.0,-15.0,Sleeper,74.0,74.0,2026-08-29,NFFC,72.15,72.0,54.0,117.0,97.0,True,2026-08-29,-2.0,False,,both,,,,,32.0,PIT,32.0,196.0,17.0,,,,,,,0.0,0.0,0.0,,,2026-08-14,,,0.0,0.0,,,,195.4,172.49,,,10.15,55.529411764705884,0.0,113.0,65.0,944.0,6.0,0.0,20.0,,824.5,,DraftKings/BetMGM/Caesars,99.7,57.4,832.9,5.3,,,58.5,5.5,173.95,-21.45,1.46,WR_PLAYER_PRIORS_2026,2026.0,37.0,DK Metcalf,DK Metcalf,,"factor_score is an ordinal composite of colour-coded judgments, NOT fantasy points; do not blend with ppr_* columns",PIT,,,,True,PIT
Marvin Harrison Jr.,WR,ARI,marvin harrison,Ohio State,True,172.95,market,17.0,"Mike Clay / ESPN, 17-game",2026-08-13,"Clay's guidance: minus 3 games (RB) / 2 games (QB,WR,TE)",2.2647654075107266,0.7549218025035755,0.0,8.0,33.0,0.3704,1.0,Breakout Candidate,,Minimal Concern,0.2727,0.1591,0.1818,0.2955,0.2727,"archetype-level base rate, 2020+ top-36-WR ADP cohort (n=44 in this archetype)",N,,,20.0,3.0,5.0,Sleeper,75.0,75.0,2026-08-29,NFFC,61.84,60.0,46.0,85.0,97.0,True,2026-08-29,-15.0,False,,both,68,3.0,target,,33.0,ARZ,33.0,194.0,17.0,,,,,,,0.0,0.0,0.0,,,2026-08-14,,,0.0,0.0,,,,194.5,171.56,,,10.09,56.1764705882353,0.0,126.0,69.0,955.0,5.0,0.0,22.0,,824.5,,DraftKings/BetMGM/Caesars,111.2,60.9,842.6,4.4,,,57.5,5.5,172.95,-21.55,1.39,WR_PLAYER_PRIORS_2026,2026.0,34.0,Marvin Harrison Jr.,Marvin Harrison,,"factor_score is an ordinal composite of colour-coded judgments, NOT fantasy points; do not blend with ppr_* columns",ARI,,,,True,ARI
Jordyn Tyson,WR,NO,jordyn tyson,,,159.45,market,17.0,"Mike Clay / ESPN, 17-game",2026-08-13,"Clay's guidance: minus 3 games (RB) / 2 games (QB,WR,TE)",1.8399901383638304,0.6133300461212768,0.0,-2.0,41.0,0.1852,-9.0,Breakout Candidate,,Some Concern,0.2727,0.1591,0.1818,0.2955,0.2727,"archetype-level base rate, 2020+ top-36-WR ADP cohort (n=44 in this archetype)",N,,,15.0,2.0,-1.0,Sleeper,90.0,90.0,2026-08-29,NFFC,122.96,119.0,72.0,187.0,92.0,True,2026-08-29,29.0,False,,both,,,,,34.0,NO,34.0,188.0,17.0,,,,,,,0.0,0.0,0.0,,,2026-08-14,,,0.0,0.0,,,,189.8,167.4,,,9.85,54.0,0.0,109.0,68.0,918.0,5.0,0.0,20.0,,749.5,,DraftKings/BetMGM/Caesars,96.2,60.0,810.0,4.4,,,57.5,4.5,159.45,-30.35,-7.95,WR_PLAYER_PRIORS_2026,2026.0,32.0,Jordyn Tyson,Jordyn Tyson,,"factor_score is an ordinal composite of colour-coded judgments, NOT fantasy points; do not blend with ppr_* columns",NO,,,,True,NO
Matthew Golden,WR,GB,matthew golden,,,164.65,projection_propadj,17.0,"Mike Clay / ESPN, 17-game",2026-08-13,"Clay's guidance: minus 3 games (RB) / 2 games (QB,WR,TE)",1.62284498075653,0.5409483269188433,0.0,,,,,,,,,,,,,,,,,25.0,4.0,11.0,Sleeper,127.0,127.0,2026-08-29,NFFC,96.6,98.0,72.0,138.0,97.0,True,2026-08-29,-29.0,False,,props_only,,,,,35.0,GB,37.0,186.0,17.0,,,,,,,4.0,25.0,0.0,,,,,,22.1,0.0,,,,186.7,164.65,,,9.69,52.76470588235294,0.0,105.0,67.0,872.0,5.0,1.0,20.0,,,,,92.6,59.1,769.4,4.4,,,,,,,,,,,,,,,GB,,,,True,GB
Christian Watson,WR,GB,christian watson,,,166.95,market,17.0,"Mike Clay / ESPN, 17-game",2026-08-13,"Clay's guidance: minus 3 games (RB) / 2 games (QB,WR,TE)",1.4688690143590106,0.48962300478633686,0.0,8.0,32.0,0.3704,-4.0,Prime WR2,,Some Concern,0.379,0.138,0.31,0.31,0.172,"archetype-level base rate, 2020+ top-36-WR ADP cohort (n=29 in this archetype)",N,,,25.0,4.0,11.0,Sleeper,70.0,70.0,2026-08-29,NFFC,47.73,46.0,36.0,81.0,97.0,True,2026-08-29,-24.0,False,,both,68,2.0,target,Source arithmetic error — use recomputed score of 8,36.0,GB,36.0,186.0,17.0,,,,,,,2.0,13.0,0.0,,,2026-08-14,,,11.5,0.0,,,,185.1,163.44,,,9.61,51.8235294117647,0.0,94.0,55.0,868.0,7.0,1.0,18.0,,774.5,,DraftKings/BetMGM/Caesars,82.9,48.5,765.9,6.2,,,50.5,6.5,166.95,-18.15,3.51,WR_PLAYER_PRIORS_2026,2026.0,28.0,Christian Watson,Christian Watson,,"factor_score is an ordinal composite of colour-coded judgments, NOT fantasy points; do not blend with ppr_* columns",GB,,,,True,GB
Mike Evans,WR,SF,mike evans,,,183.95,market,17.0,"Mike Clay / ESPN, 17-game",2026-08-13,"Clay's guidance: minus 3 games (RB) / 2 games (QB,WR,TE)",1.7035402244035376,0.5678467414678459,0.0,8.0,31.0,0.3704,-7.0,Trusty Veteran,,Concerned,0.2778,0.3056,0.0833,0.1667,0.25,"archetype-level base rate, 2020+ top-36-WR ADP cohort (n=36 in this archetype)",N,,,7.0,1.0,5.0,Sleeper,61.0,61.0,2026-08-29,NFFC,56.8,55.0,37.0,93.0,97.0,True,2026-08-29,-6.0,False,,both,53,,fade,Age. VORP 26.51 but sharp only +4,37.0,SF,38.0,183.0,17.0,,,,,,,0.0,0.0,0.0,,,2026-08-14,,,0.0,0.0,,,,183.5,161.95,,,9.53,53.23529411764706,0.0,101.0,57.0,905.0,6.0,0.0,19.0,,824.5,,DraftKings/BetMGM/Caesars,89.1,50.3,798.5,5.3,,,62.5,6.5,183.95,0.45,22.0,WR_PLAYER_PRIORS_2026,2026.0,24.0,Mike Evans,Mike Evans,,"factor_score is an ordinal composite of colour-coded judgments, NOT fantasy points; do not blend with ppr_* columns",SF,,,,True,SF
Parker Washington,WR,JAX,parker washington,,,171.95,market,17.0,"Mike Clay / ESPN, 17-game",2026-08-13,"Clay's guidance: minus 3 games (RB) / 2 games (QB,WR,TE)",1.5446267740861133,0.5148755913620378,0.0,-8.0,43.0,0.0741,-10.0,Breakout Candidate,,Minimal Concern,0.2727,0.1591,0.1818,0.2955,0.2727,"archetype-level base rate, 2020+ top-36-WR ADP cohort (n=44 in this archetype)",N,,,26.0,4.0,13.0,Sleeper,76.0,76.0,2026-08-29,NFFC,49.71,49.0,27.0,73.0,97.0,True,2026-08-29,-27.0,False,,both,68,4.0,target,Only if Brian Thomas unavailable at 77,38.0,JAX,35.0,187.0,17.0,,,,,,,8.0,39.0,0.0,,,2026-08-14,,,34.4,0.0,,,,182.9,161.34,,,9.49,52.294117647058826,0.0,108.0,64.0,850.0,5.0,2.0,19.0,,824.5,,DraftKings/BetMGM/Caesars,95.3,56.5,750.0,4.4,,,62.5,4.5,171.95,-10.95,10.61,WR_PLAYER_PRIORS_2026,2026.0,33.0,Parker Washington,Parker Washington,,"factor_score is an ordinal composite of colour-coded judgments, NOT fantasy points; do not blend with ppr_* columns",JAX,,,,True,JAX
Jakobi Meyers,WR,JAX,jakobi meyers,,,162.45,market,17.0,"Mike Clay / ESPN, 17-game",2026-08-13,"Clay's guidance: minus 3 games (RB) / 2 games (QB,WR,TE)",0.8225122805974183,0.27417076019913944,0.0,,,,,,,,,,,,,,,,,26.0,4.0,13.0,Sleeper,115.0,115.0,2026-08-29,NFFC,110.18,108.0,69.0,138.0,97.0,True,2026-08-29,-7.0,False,,props_only,,,,,39.0,JAX,39.0,182.0,17.0,,,,,,,6.0,32.0,0.0,,,2026-08-14,,,28.2,0.0,,,,179.8,158.61,,,9.33,46.94117647058823,0.0,108.0,70.0,766.0,5.0,2.0,19.0,,649.5,,DraftKings/BetMGM/Caesars,95.3,61.8,675.9,4.4,,,64.5,5.5,162.45,-17.35,3.84,,,,,,,,JAX,,,,True,JAX
Xavier Worthy,WR,KC,xavier worthy,,,157.44,projection_propadj,17.0,"Mike Clay / ESPN, 17-game",2026-08-13,"Clay's guidance: minus 3 games (RB) / 2 games (QB,WR,TE)",1.315966418982881,0.4386554729942937,0.0,,,,,,,,,,,,,,,,,10.0,2.0,-9.0,Sleeper,140.0,139.0,2026-08-29,NFFC,117.13,112.0,76.0,173.0,96.0,True,2026-08-29,-27.0,False,,props_only,116,1.0,target,,40.0,KC,44.0,173.0,17.0,,,,,,,12.0,76.0,1.0,,,,,,67.1,0.9,,,,178.4,157.44,,,9.26,50.8235294117647,0.0,92.0,56.0,788.0,5.0,3.0,17.0,,,,,81.2,49.4,695.3,4.4,,,,,,,,,,,,,,,KC,,,,True,KC
Brian Thomas Jr.,WR,JAX,brian thomas,,,161.95,market,17.0,"Mike Clay / ESPN, 17-game",2026-08-13,"Clay's guidance: minus 3 games (RB) / 2 games (QB,WR,TE)",1.4875787659749216,0.4958595886583072,0.0,24.0,18.0,0.6667,13.0,Prime WR1,,Minimal Concern,0.5352,0.1127,0.338,0.1268,0.2254,"archetype-level base rate, 2020+ top-36-WR ADP cohort (n=71 in this archetype)",N,,,26.0,4.0,13.0,Sleeper,73.0,73.0,2026-08-29,NFFC,69.04,66.0,49.0,100.0,97.0,True,2026-08-29,-7.0,False,,both,77,2.0,target,Positive factor divergence,41.0,JAX,41.0,176.0,17.0,,,,,,,4.0,23.0,0.0,,,2026-08-14,,,20.3,0.0,,,,175.3,154.61,,,9.09,51.94117647058823,0.0,102.0,57.0,860.0,5.0,1.0,18.0,,724.5,,DraftKings/BetMGM/Caesars,90.0,50.3,758.8,4.4,,,62.5,4.5,161.95,-13.35,7.34,WR_PLAYER_PRIORS_2026,2026.0,31.0,Brian Thomas Jr.,Brian Thomas,,"factor_score is an ordinal composite of colour-coded judgments, NOT fantasy points; do not blend with ppr_* columns",JAX,,,,True,JAX
Wan'Dale Robinson,WR,TEN,wandale robinson,,,165.45,market,17.0,"Mike Clay / ESPN, 17-game",2026-08-13,"Clay's guidance: minus 3 games (RB) / 2 games (QB,WR,TE)",1.110695670219221,0.37023189007307367,0.0,,,,,,,,,,,,,,,,,30.0,4.0,0.0,Sleeper,116.0,116.0,2026-08-29,NFFC,91.82,89.0,62.0,128.0,97.0,True,2026-08-29,-27.0,False,,props_only,,,,,42.0,TEN,42.0,174.0,17.0,,,,,,,4.0,22.0,0.0,,,2026-08-14,,,19.4,0.0,,,,174.9,154.53,,,9.09,49.35294117647059,0.0,116.0,79.0,817.0,2.0,1.0,21.0,,699.5,,DraftKings/BetMGM/Caesars,102.4,69.7,720.9,1.8,,,74.5,3.5,165.45,-9.45,10.92,,,,,,,,TEN,,,,True,TEN
Michael Wilson,WR,ARI,michael wilson,,,147.95,market,17.0,"Mike Clay / ESPN, 17-game",2026-08-13,"Clay's guidance: minus 3 games (RB) / 2 games (QB,WR,TE)",1.2901131324886341,0.43003771082954473,0.0,12.0,28.0,0.4444,16.0,Prime WR2,,Minimal Concern,0.379,0.138,0.31,0.31,0.172,"archetype-level base rate, 2020+ top-36-WR ADP cohort (n=29 in this archetype)",N,,,20.0,3.0,5.0,Sleeper,83.0,83.0,2026-08-29,NFFC,75.34,74.0,52.0,104.0,97.0,True,2026-08-29,-9.0,False,,both,,,,,43.0,ARZ,40.0,177.0,17.0,,,,,,,0.0,0.0,0.0,,,2026-08-14,,,0.0,0.0,,,,175.1,154.17,,,9.07,50.64705882352941,0.0,115.0,71.0,861.0,3.0,0.0,20.0,,724.5,,DraftKings/BetMGM/Caesars,101.5,62.6,759.7,2.6,,,54.5,3.5,147.95,-27.15,-6.22,WR_PLAYER_PRIORS_2026,2026.0,44.0,Michael Wilson,Michael Wilson,,"factor_score is an ordinal composite of colour-coded judgments, NOT fantasy points; do not blend with ppr_* columns",ARI,,,,True,ARI
Josh Downs,WR,IND,josh downs,,,173.95,market,17.0,"Mike Clay / ESPN, 17-game",2026-08-13,"Clay's guidance: minus 3 games (RB) / 2 games (QB,WR,TE)",0.6637529125063185,0.22125097083543951,0.0,-6.0,42.0,0.1111,1.0,Prime WR2,,Minimal Concern,0.379,0.138,0.31,0.31,0.172,"archetype-level base rate, 2020+ top-36-WR ADP cohort (n=29 in this archetype)",N,,,9.0,2.0,-13.0,Sleeper,108.0,108.0,2026-08-29,NFFC,85.16,80.0,66.0,119.0,97.0,True,2026-08-29,-28.0,False,,both,"92, 101",4.0,target,Wants 5th WR by here,44.0,IND,43.0,173.0,17.0,,,,,,,2.0,11.0,0.0,,,2026-08-14,,,9.7,0.0,,,,174.1,153.33,,,9.02,45.35294117647059,0.0,110.0,79.0,760.0,3.0,1.0,21.0,,824.5,,DraftKings/BetMGM/Caesars,97.1,69.7,670.6,2.6,,,67.5,4.0,173.95,-0.15,20.62,WR_PLAYER_PRIORS_2026,2026.0,43.0,Josh Downs,Josh Downs,,"factor_score is an ordinal composite of colour-coded judgments, NOT fantasy points; do not blend with ppr_* columns",IND,,,,True,IND
Khalil Shakir,WR,BUF,khalil shakir,,,145.95,market,17.0,"Mike Clay / ESPN, 17-game",2026-08-13,"Clay's guidance: minus 3 games (RB) / 2 games (QB,WR,TE)",0.6970001628034604,0.2323333876011535,0.0,,,,,,,,,,,,,,,,,5.0,1.0,1.0,Sleeper,144.0,143.0,2026-08-29,NFFC,126.44,121.0,94.0,162.0,97.0,True,2026-08-29,-22.0,False,,props_only,,,,,45.0,BUF,46.0,171.0,17.0,,,,,,,2.0,12.0,0.0,,,2026-08-14,,,10.6,0.0,,,,171.7,151.36,,,8.9,45.705882352941174,0.0,92.0,70.0,765.0,4.0,1.0,18.0,,624.5,,DraftKings/BetMGM/Caesars,81.2,61.8,675.0,3.5,,,62.5,3.5,145.95,-25.75,-5.41,,,,,,,,BUF,,,,True,BUF
Deebo Samuel,WR,SF,deebo samuel,,,164.95,market,17.0,"Mike Clay / ESPN, 17-game",2026-08-13,"Clay's guidance: minus 3 games (RB) / 2 games (QB,WR,TE)",1.1499145954407153,0.3833048651469051,0.0,,,,,,,,,,,,,,,,,7.0,1.0,5.0,Sleeper,138.0,137.0,2026-08-29,NFFC,130.41,132.0,85.0,168.0,97.0,True,2026-08-29,-5.0,False,,props_only,,,,,46.0,SF,45.0,172.0,17.0,,,,,,,22.0,109.0,1.0,,,2026-08-14,,,96.2,0.9,,,,169.4,149.37,,,8.79,49.64705882352941,0.0,80.0,55.0,735.0,4.0,5.0,15.0,,724.5,,DraftKings/BetMGM/Caesars,70.6,48.5,648.5,3.5,,,65.5,4.5,164.95,-4.45,15.58,,,,,,,,SF,,,,True,SF
Jordan Addison,WR,MIN,jordan addison,,,143.95,market,17.0,"Mike Clay / ESPN, 17-game",2026-08-13,"Clay's guidance: minus 3 games (RB) / 2 games (QB,WR,TE)",0.7372398558632899,0.24574661862109662,0.0,2.0,38.0,0.2593,3.0,Prime WR2,,Minimal Concern,0.379,0.138,0.31,0.31,0.172,"archetype-level base rate, 2020+ top-36-WR ADP cohort (n=29 in this archetype)",N,,,12.0,2.0,-5.0,Sleeper,104.0,104.0,2026-08-29,NFFC,102.97,101.0,78.0,157.0,97.0,True,2026-08-29,-3.0,False,,both,,,,,47.0,MIN,48.0,170.0,17.0,,,,,,,2.0,14.0,0.0,,,2026-08-14,,,12.4,0.0,,,,168.4,148.48,,,8.73,46.11764705882353,0.0,100.0,60.0,770.0,5.0,1.0,18.0,,674.5,,DraftKings/BetMGM/Caesars,88.2,52.9,679.4,4.4,,,49.5,4.5,143.95,-24.45,-4.53,WR_PLAYER_PRIORS_2026,2026.0,41.0,Jordan Addison,Jordan Addison,,"factor_score is an ordinal composite of colour-coded judgments, NOT fantasy points; do not blend with ppr_* columns",MIN,,,,True,MIN
Quentin Johnston,WR,LAC,quentin johnston,,,147.45,market,17.0,"Mike Clay / ESPN, 17-game",2026-08-13,"Clay's guidance: minus 3 games (RB) / 2 games (QB,WR,TE)",0.754970259207172,0.2516567530690573,0.0,12.0,27.0,0.4444,9.0,Prime WR2,,Minimal Concern,0.379,0.138,0.31,0.31,0.172,"archetype-level base rate, 2020+ top-36-WR ADP cohort (n=29 in this archetype)",N,,,6.0,1.0,2.0,Sleeper,114.0,114.0,2026-08-29,NFFC,75.65,75.0,58.0,110.0,97.0,True,2026-08-29,-39.0,False,,both,,,,,48.0,LAC,49.0,165.0,17.0,,,,,,,2.0,11.0,0.0,,,2026-08-14,,,9.7,0.0,,,,167.7,148.04,,,8.71,46.294117647058826,0.0,90.0,53.0,776.0,6.0,1.0,17.0,,649.5,,DraftKings/BetMGM/Caesars,79.4,46.8,684.7,5.3,,,49.5,5.5,147.45,-20.25,-0.59,WR_PLAYER_PRIORS_2026,2026.0,36.0,Quentin Johnston,Quentin Johnston,,"factor_score is an ordinal composite of colour-coded judgments, NOT fantasy points; do not blend with ppr_* columns",LAC,,,,True,LAC
Jayden Reed,WR,GB,jayden reed,,,146.66,projection_propadj,17.0,"Mike Clay / ESPN, 17-game",2026-08-13,"Clay's guidance: minus 3 games (RB) / 2 games (QB,WR,TE)",0.7974878989757077,0.2658292996585692,0.0,-12.0,45.0,0.0,-5.0,Prime WR2,,Some Concern,0.379,0.138,0.31,0.31,0.172,"archetype-level base rate, 2020+ top-36-WR ADP cohort (n=29 in this archetype)",N,,,25.0,4.0,11.0,Sleeper,112.0,112.0,2026-08-29,NFFC,91.0,87.0,47.0,126.0,97.0,True,2026-08-29,-25.0,False,,both,,,,,49.0,GB,47.0,171.0,17.0,,,,,,,9.0,65.0,0.0,,,,,,57.4,0.0,,,,166.4,146.66,,,8.63,46.705882352941174,0.0,89.0,63.0,729.0,4.0,2.0,17.0,,,,,78.5,55.6,643.2,3.5,,,,,,,,WR_PLAYER_PRIORS_2026,2026.0,40.0,Jayden Reed,Jayden Reed,,"factor_score is an ordinal composite of colour-coded judgments, NOT fantasy points; do not blend with ppr_* columns",GB,,,,True,GB
Makai Lemon,WR,PHI,makai lemon,,,145.42,projection_propadj,17.0,"Mike Clay / ESPN, 17-game",2026-08-13,"Clay's guidance: minus 3 games (RB) / 2 games (QB,WR,TE)",0.7669537018539195,0.2556512339513065,0.0,8.0,34.0,0.3704,1.0,Breakout Candidate,,Minimal Concern,0.2727,0.1591,0.1818,0.2955,0.2727,"archetype-level base rate, 2020+ top-36-WR ADP cohort (n=44 in this archetype)",N,,,2.0,1.0,-3.0,Sleeper,86.0,86.0,2026-08-29,NFFC,103.22,102.0,69.0,153.0,96.0,True,2026-08-29,16.0,False,,both,,,,,50.0,PHI,51.0,164.0,17.0,,,,,,,0.0,0.0,0.0,,,,,,0.0,0.0,,,,164.9,145.42,,,8.55,46.411764705882355,0.0,88.0,56.0,789.0,5.0,0.0,18.0,,,,,77.6,49.4,696.2,4.4,,,,,,,,WR_PLAYER_PRIORS_2026,2026.0,35.0,Makai Lemon,Makai Lemon,,"factor_score is an ordinal composite of colour-coded judgments, NOT fantasy points; do not blend with ppr_* columns",PHI,,,,True,PHI
Romeo Doubs,WR,NE,romeo doubs,,,148.45,market,17.0,"Mike Clay / ESPN, 17-game",2026-08-13,"Clay's guidance: minus 3 games (RB) / 2 games (QB,WR,TE)",0.4015855094537709,0.1338618364845903,0.0,,,,,,,,,,,,,,,,,13.0,2.0,-4.0,Sleeper,132.0,131.0,2026-08-29,NFFC,108.78,105.0,89.0,146.0,97.0,True,2026-08-29,-26.0,False,,props_only,,,,,51.0,NE,53.0,160.0,17.0,,,,,,,0.0,0.0,0.0,,,2026-08-14,,,0.0,0.0,,,,163.4,144.2,,,8.48,42.0,0.0,83.0,56.0,714.0,6.0,0.0,16.0,,649.5,,DraftKings/BetMGM/Caesars,73.2,49.4,630.0,5.3,,,56.5,4.5,148.45,-14.95,4.25,,,,,,,,NE,,,,True,NE
Stefon Diggs,WR,WAS,stefon diggs,,,142.35,projection_propadj,17.0,"Mike Clay / ESPN, 17-game",2026-08-13,"Clay's guidance: minus 3 games (RB) / 2 games (QB,WR,TE)",0.4532547500792515,0.15108491669308383,0.0,,,,,,,,,,,,,,,,,32.0,4.0,3.0,Sleeper,110.0,110.0,2026-08-29,NFFC,95.46,96.0,74.0,123.0,97.0,True,2026-08-29,-14.0,False,,props_only,,,,,52.0,WAS,50.0,164.0,17.0,,,,,,,0.0,0.0,0.0,,,,,,0.0,0.0,,,,161.7,142.35,,,8.37,42.76470588235294,0.0,93.0,71.0,727.0,3.0,0.0,18.0,,,,,82.1,62.6,641.5,2.6,,,,,,,,,,,,,,,WAS,,,,True,WAS
Chris Godwin,WR,TB,chris godwin,,,157.45,market,17.0,"Mike Clay / ESPN, 17-game",2026-08-13,"Clay's guidance: minus 3 games (RB) / 2 games (QB,WR,TE)",0.3543445222664827,0.11811484075549425,0.0,0.0,40.0,0.2222,2.0,Trusty Veteran,,Some Concern,0.2778,0.3056,0.0833,0.1667,0.25,"archetype-level base rate, 2020+ top-36-WR ADP cohort (n=36 in this archetype)",N,,,3.0,1.0,-2.0,Sleeper,95.0,95.0,2026-08-29,NFFC,70.77,69.0,46.0,104.0,97.0,True,2026-08-29,-26.0,False,,both,,,,,53.0,TB,54.0,158.0,17.0,,,,,,,0.0,0.0,0.0,,,2026-08-14,,,0.0,0.0,,,,160.1,141.15,,,8.3,41.23529411764706,0.0,91.0,60.0,701.0,5.0,0.0,17.0,,699.5,,DraftKings/BetMGM/Caesars,80.3,52.9,618.5,4.4,,,60.5,4.5,157.45,-2.65,16.3,WR_PLAYER_PRIORS_2026,2026.0,42.0,Chris Godwin,Chris Godwin,,"factor_score is an ordinal composite of colour-coded judgments, NOT fantasy points; do not blend with ppr_* columns",TB,,,,True,TB
KC Concepcion,WR,CLE,kc concepcion,,,140.52,projection_propadj,17.0,"Mike Clay / ESPN, 17-game",2026-08-13,"Clay's guidance: minus 3 games (RB) / 2 games (QB,WR,TE)",0.8741731869536018,0.29139106231786727,0.0,,,,,,,,,,,,,,,,,31.0,4.0,2.0,Sleeper,121.0,121.0,2026-08-29,NFFC,94.21,92.0,61.0,138.0,97.0,True,2026-08-29,-29.0,False,,props_only,,,,,54.0,CLV,52.0,162.0,17.0,,,,,,,6.0,35.0,0.0,,,,,,30.9,0.0,,,,159.6,140.52,,,8.27,47.411764705882355,0.0,98.0,61.0,771.0,3.0,2.0,19.0,,,,,86.5,53.8,680.3,2.6,,,,,,,,,,,,,,,CLE,,,,True,CLE
Jalen Coker,WR,CAR,jalen coker,,,130.83,projection_propadj,17.0,"Mike Clay / ESPN, 17-game",2026-08-13,"Clay's guidance: minus 3 games (RB) / 2 games (QB,WR,TE)",0.3050557102251805,0.10168523674172684,0.0,,,,,,,,,,,,,,,,,23.0,3.0,9.0,Sleeper,145.0,144.0,2026-08-29,NFFC,117.79,115.0,89.0,163.0,97.0,True,2026-08-29,-29.0,False,,props_only,125,2.0,target,,55.0,CAR,55.0,147.0,17.0,,,,,,,0.0,0.0,0.0,,,,,,0.0,0.0,,,,148.6,130.83,,,7.7,40.35294117647059,0.0,89.0,62.0,686.0,3.0,0.0,17.0,,,,,78.5,54.7,605.3,2.6,,,,,,,,,,,,,,,CAR,,,,True,CAR
Calvin Ridley,WR,TEN,calvin ridley,Alabama,True,114.55,market,17.0,"Mike Clay / ESPN, 17-game",2026-08-13,"Clay's guidance: minus 3 games (RB) / 2 games (QB,WR,TE)",0.5756263636007013,0.19187545453356708,0.0,,,,,,,,,,,,,,,,,30.0,4.0,0.0,,,,,NFFC,230.14,214.0,162.0,345.0,66.0,True,2026-08-29,,False,,props_only,,,,,56.0,TEN,57.0,144.0,17.0,,,,,,,6.0,32.0,0.0,,,2026-08-14,,,28.2,0.0,,,,145.4,128.13,,,7.54,44.35294117647059,0.0,88.0,46.0,722.0,4.0,2.0,16.0,,550.5,,DraftKings/BetMGM/Caesars,77.6,40.6,637.1,3.5,,,38.5,3.5,114.55,-30.85,-13.58,,,,,,,,,,,,,TEN
Rashid Shaheed,WR,SEA,rashid shaheed,,,123.67,projection_propadj,17.0,"Mike Clay / ESPN, 17-game",2026-08-13,"Clay's guidance: minus 3 games (RB) / 2 games (QB,WR,TE)",0.4829850331121436,0.1609950110373812,0.0,,,,,,,,,,,,,,,,,14.0,2.0,-2.0,Sleeper,147.0,146.0,2026-08-29,NFFC,126.91,124.0,98.0,160.0,97.0,True,2026-08-29,-22.0,False,,props_only,125,3.0,target,,57.0,SEA,56.0,144.0,17.0,,,,,,,14.0,87.0,1.0,,,,,,76.8,0.9,,,,140.4,123.67,,,7.27,43.1764705882353,0.0,71.0,43.0,647.0,3.0,3.0,14.0,,,,,62.6,37.9,570.9,2.6,,,,,,,,,,,,,,,SEA,,,,True,SEA
Jerry Jeudy,WR,CLE,jerry jeudy,,,125.45,market,17.0,"Mike Clay / ESPN, 17-game",2026-08-13,"Clay's guidance: minus 3 games (RB) / 2 games (QB,WR,TE)",0.38290354899989587,0.12763451633329861,0.0,,,,,,,,,,,,,,,,,31.0,4.0,2.0,Sleeper,189.0,186.0,2026-08-29,NFFC,190.9,178.0,138.0,232.0,93.0,True,2026-08-29,-8.0,False,,props_only,,,,,58.0,CLV,59.0,138.0,17.0,,,,,,,0.0,0.0,0.0,,,2026-08-14,,,0.0,0.0,,,,139.9,123.16,,,7.24,41.705882352941174,0.0,93.0,51.0,709.0,3.0,0.0,18.0,,549.5,,DraftKings/BetMGM/Caesars,82.1,45.0,625.6,2.6,,,49.5,3.5,125.45,-14.45,2.29,,,,,,,,CLE,,,,True,CLE
Jayden Higgins,WR,HOU,jayden higgins,,,124.95,market,17.0,"Mike Clay / ESPN, 17-game",2026-08-13,"Clay's guidance: minus 3 games (RB) / 2 games (QB,WR,TE)",0.2501437489498991,0.08338124964996638,0.0,,,,,,,,,,,,,,,,,29.0,4.0,-2.0,,,,,,,,,,,,,,False,,props_only,,,,,59.0,HST,58.0,141.0,17.0,,,,,,,0.0,0.0,0.0,,,2026-08-14,,,0.0,0.0,,,,139.7,122.95,,,7.23,39.23529411764706,0.0,88.0,55.0,667.0,3.0,0.0,16.0,,574.5,,DraftKings/BetMGM/Caesars,77.6,48.5,588.5,2.6,,,46.5,3.5,124.95,-14.75,2.0,,,,,,,,,,,,,
Tre Tucker,WR,LV,tre tucker,,,122.95,market,17.0,"Mike Clay / ESPN, 17-game",2026-08-13,"Clay's guidance: minus 3 games (RB) / 2 games (QB,WR,TE)",0.4015855094537709,0.1338618364845903,0.0,,,,,,,,,,,,,,,,,17.0,3.0,1.0,Sleeper,201.0,198.0,2026-08-29,NFFC,156.73,149.0,121.0,190.0,95.0,True,2026-08-29,-49.0,False,,props_only,,,,,60.0,LV,60.0,138.0,17.0,,,,,,,10.0,58.0,0.0,,,2026-08-14,,,51.2,0.0,,,,137.4,121.0,,,7.12,42.0,0.0,81.0,48.0,656.0,3.0,3.0,15.0,,574.5,,DraftKings/BetMGM/Caesars,71.5,42.4,578.8,2.6,,,47.5,3.0,122.95,-14.45,1.95,,,,,,,,LV,,,,True,LV
Denzel Boston,WR,CLE,denzel boston,,,117.79,projection_propadj,17.0,"Mike Clay / ESPN, 17-game",2026-08-13,"Clay's guidance: minus 3 games (RB) / 2 games (QB,WR,TE)",0.1810458571694535,0.060348619056484504,0.0,,,,,,,,,,,,,,,,,31.0,4.0,2.0,Sleeper,166.0,165.0,2026-08-29,NFFC,140.46,137.0,98.0,204.0,94.0,True,2026-08-29,-28.0,False,,props_only,,,,,61.0,CLV,62.0,132.0,17.0,,,,,,,0.0,0.0,0.0,,,,,,0.0,0.0,,,,133.8,117.79,,,6.93,37.529411764705884,0.0,83.0,52.0,638.0,3.0,0.0,16.0,,,,,73.2,45.9,562.9,2.6,,,,,,,,,,,,,,,CLE,,,,True,CLE
Jalen McMillan,WR,TB,jalen mcmillan,,,116.68,projection_propadj,17.0,"Mike Clay / ESPN, 17-game",2026-08-13,"Clay's guidance: minus 3 games (RB) / 2 games (QB,WR,TE)",0.13574700804830228,0.04524900268276743,0.0,,,,,,,,,,,,,,,,,3.0,1.0,-2.0,Sleeper,209.0,205.0,2026-08-29,NFFC,159.65,154.0,109.0,247.0,92.0,True,2026-08-29,-51.0,False,,props_only,,,,,62.0,TB,61.0,133.0,17.0,,,,,,,4.0,25.0,0.0,,,,,,22.1,0.0,,,,132.4,116.68,,,6.86,36.11764705882353,0.0,75.0,47.0,589.0,4.0,1.0,14.0,,,,,66.2,41.5,519.7,3.5,,,,,,,,,,,,,,,TB,,,,True,TB
Adonai Mitchell,WR,NYJ,adonai mitchell,,,112.98,projection_propadj,17.0,"Mike Clay / ESPN, 17-game",2026-08-13,"Clay's guidance: minus 3 games (RB) / 2 games (QB,WR,TE)",0.1497481890417477,0.04991606301391589,0.0,,,,,,,,,,,,,,,,,19.0,3.0,4.0,Sleeper,253.0,239.0,2026-08-29,NFFC,170.31,159.0,111.0,216.0,94.0,True,2026-08-29,-80.0,False,,props_only,,,,,63.0,NYJ,63.0,125.0,17.0,,,,,,,2.0,11.0,0.0,,,,,,9.7,0.0,,,,128.2,112.98,,,6.65,36.588235294117645,0.0,74.0,42.0,611.0,4.0,1.0,14.0,,,,,65.3,37.1,539.1,3.5,,,,,,,,,,,,,,,NYJ,,,,True,NYJ
Jalen Nailor,WR,LV,jalen nailor,,,108.84,projection_propadj,17.0,"Mike Clay / ESPN, 17-game",2026-08-13,"Clay's guidance: minus 3 games (RB) / 2 games (QB,WR,TE)",0.14087401164055371,0.04695800388018457,0.0,,,,,,,,,,,,,,,,,17.0,3.0,1.0,Sleeper,182.0,179.0,2026-08-29,NFFC,156.33,148.0,104.0,212.0,95.0,True,2026-08-29,-31.0,False,,props_only,164,2.0,target,,64.0,LV,64.0,124.0,17.0,,,,,,,2.0,11.0,0.0,,,,,,9.7,0.0,,,,123.7,108.84,,,6.4,36.294117647058826,0.0,76.0,44.0,606.0,3.0,1.0,14.0,,,,,67.1,38.8,534.7,2.6,,,,,,,,,,,,,,,LV,,,,True,LV
Rashod Bateman,WR,BAL,rashod bateman,,,108.68,projection_propadj,17.0,"Mike Clay / ESPN, 17-game",2026-08-13,"Clay's guidance: minus 3 games (RB) / 2 games (QB,WR,TE)",0.13574700804830228,0.04524900268276743,0.0,,,,,,,,,,,,,,,,,22.0,3.0,7.0,Sleeper,254.0,240.0,2026-08-29,NFFC,245.02,304.0,160.0,353.0,47.0,True,2026-08-29,64.0,False,,props_only,,,,,65.0,BLT,65.0,122.0,17.0,,,,,,,0.0,0.0,0.0,,,,,,0.0,0.0,,,,123.4,108.68,,,6.39,36.11764705882353,0.0,65.0,38.0,614.0,4.0,0.0,14.0,,,,,57.4,33.5,541.8,3.5,,,,,,,,,,,,,,,BAL,,,,True,BAL
Jauan Jennings,WR,MIN,jauan jennings,,,99.08,projection_propadj,17.0,"Mike Clay / ESPN, 17-game",2026-08-13,"Clay's guidance: minus 3 games (RB) / 2 games (QB,WR,TE)",0.019509682512876343,0.0065032275042921145,0.0,,,,,,,,,,,,,,,,,12.0,2.0,-5.0,Sleeper,195.0,192.0,2026-08-29,NFFC,176.19,169.0,110.0,238.0,93.0,True,2026-08-29,-23.0,False,,props_only,,,,,66.0,MIN,66.0,115.0,17.0,,,,,,,0.0,0.0,0.0,,,,,,0.0,0.0,,,,112.6,99.08,,,5.83,28.58823529411765,0.0,72.0,46.0,486.0,3.0,0.0,13.0,,,,,63.5,40.6,428.8,2.6,,,,,,,,,,,,,,,MIN,,,,True,MIN
Travis Hunter,WR,JAX,travis hunter,,,97.43,projection_propadj,17.0,"Mike Clay / ESPN, 17-game",2026-08-13,"Clay's guidance: minus 3 games (RB) / 2 games (QB,WR,TE)",0.028375417880477552,0.00945847262682585,0.0,,,,,,,,,,,,,,,,,26.0,4.0,13.0,Sleeper,167.0,166.0,2026-08-29,NFFC,211.1,195.0,111.0,282.0,84.0,True,2026-08-29,29.0,False,,props_only,,,,,67.0,JAX,67.0,112.0,17.0,,,,,,,2.0,11.0,0.0,,,,,,9.7,0.0,,,,110.7,97.43,,,5.73,29.823529411764707,0.0,68.0,42.0,496.0,3.0,1.0,12.0,,,,,60.0,37.1,437.6,2.6,,,,,,,,,,,,,,,JAX,,,,True,JAX
Germie Bernard,WR,PIT,germie bernard,,,96.43,projection_propadj,17.0,"Mike Clay / ESPN, 17-game",2026-08-13,"Clay's guidance: minus 3 games (RB) / 2 games (QB,WR,TE)",0.033057852475727886,0.011019284158575962,0.0,,,,,,,,,,,,,,,,,23.0,3.0,-15.0,Sleeper,248.0,235.0,2026-08-29,NFFC,243.22,273.0,154.0,348.0,61.0,True,2026-08-29,38.0,False,,props_only,,,,,68.0,PIT,69.0,109.0,17.0,,,,,,,2.0,12.0,0.0,,,,,,10.6,0.0,,,,109.6,96.43,,,5.67,30.352941176470587,0.0,68.0,40.0,504.0,3.0,1.0,12.0,,,,,60.0,35.3,444.7,2.6,,,,,,,,,,,,,,,PIT,,,,True,PIT
De'Zhaun Stribling,WR,SF,dezhaun stribling,,,95.31,projection_propadj,17.0,"Mike Clay / ESPN, 17-game",2026-08-13,"Clay's guidance: minus 3 games (RB) / 2 games (QB,WR,TE)",0.050945828566972405,0.01698194285565747,0.0,,,,,,,,,,,,,,,,,7.0,1.0,5.0,Sleeper,137.0,136.0,2026-08-29,NFFC,89.41,85.0,46.0,150.0,97.0,True,2026-08-29,-51.0,False,,props_only,,,,,69.0,SF,68.0,110.0,17.0,,,,,,,0.0,0.0,0.0,,,,,,0.0,0.0,,,,108.3,95.31,,,5.61,31.941176470588236,0.0,59.0,36.0,543.0,3.0,0.0,11.0,,,,,52.1,31.8,479.1,2.6,,,,,,,,,,,,,,,SF,,,,True,SF
Omar Cooper Jr.,WR,NYJ,omar cooper,,,94.14,projection_propadj,17.0,"Mike Clay / ESPN, 17-game",2026-08-13,"Clay's guidance: minus 3 games (RB) / 2 games (QB,WR,TE)",0.020995692603076297,0.006998564201025432,0.0,,,,,,,,,,,,,,,,,19.0,3.0,4.0,Sleeper,190.0,187.0,2026-08-29,NFFC,205.1,188.0,141.0,289.0,82.0,True,2026-08-29,1.0,False,,props_only,,,,,70.0,NYJ,72.0,105.0,17.0,,,,,,,2.0,12.0,0.0,,,,,,10.6,0.0,,,,107.0,94.14,,,5.54,28.823529411764707,0.0,58.0,40.0,478.0,3.0,1.0,11.0,,,,,51.2,35.3,421.8,2.6,,,,,,,,,,,,,,,NYJ,,,,True,NYJ
Tank Dell,WR,HOU,tank dell,,,93.83,projection_propadj,17.0,"Mike Clay / ESPN, 17-game",2026-08-13,"Clay's guidance: minus 3 games (RB) / 2 games (QB,WR,TE)",0.028375417880477552,0.00945847262682585,0.0,,,,,,,,,,,,,,,,,29.0,4.0,-2.0,,,,,NFFC,200.8,186.0,119.0,331.0,88.0,True,2026-08-29,,False,,props_only,149,2.0,target,⚠ −28.6; no Sleeper ADP,71.0,HST,71.0,105.0,17.0,,,,,,,8.0,45.0,0.0,,,,,,39.7,0.0,,,,106.7,93.83,,,5.52,29.823529411764707,0.0,60.0,38.0,462.0,3.0,2.0,11.0,,,,,52.9,33.5,407.6,2.6,,,,,,,,,,,,,,,,,,,,HOU
Malik Washington,WR,MIA,malik washington,,,91.91,projection_propadj,17.0,"Mike Clay / ESPN, 17-game",2026-08-13,"Clay's guidance: minus 3 games (RB) / 2 games (QB,WR,TE)",0.02936650524669257,0.009788835082230857,0.0,,,,,,,,,,,,,,,,,28.0,4.0,-4.0,Sleeper,174.0,172.0,2026-08-29,NFFC,173.43,164.0,103.0,222.0,94.0,True,2026-08-29,-8.0,False,,props_only,,,,,72.0,MIA,70.0,106.0,17.0,,,,,,,13.0,77.0,0.0,,,,,,67.9,0.0,,,,103.9,91.91,,,5.41,29.941176470588236,0.0,60.0,41.0,432.0,2.0,3.0,12.0,,,,,52.9,36.2,381.2,1.8,,,,,,,,,,,,,,,MIA,,,,True,MIA
Cooper Kupp,WR,SEA,cooper kupp,,,90.75,projection_propadj,17.0,"Mike Clay / ESPN, 17-game",2026-08-13,"Clay's guidance: minus 3 games (RB) / 2 games (QB,WR,TE)",0.014968270499718245,0.004989423499906082,0.0,,,,,,,,,,,,,,,,,14.0,2.0,-2.0,Sleeper,224.0,219.0,2026-08-29,NFFC,226.78,212.0,149.0,296.0,74.0,True,2026-08-29,-7.0,False,,props_only,,,,,73.0,SEA,73.0,102.0,17.0,,,,,,,0.0,0.0,0.0,,,,,,0.0,0.0,,,,103.2,90.75,,,5.34,27.764705882352942,0.0,57.0,38.0,472.0,3.0,0.0,11.0,,,,,50.3,33.5,416.5,2.6,,,,,,,,,,,,,,,SEA,,,,True,SEA
Ja'Kobi Lane,WR,BAL,jakobi lane,,,86.51,projection_propadj,17.0,"Mike Clay / ESPN, 17-game",2026-08-13,"Clay's guidance: minus 3 games (RB) / 2 games (QB,WR,TE)",0.018799527627963632,0.0062665092093212105,0.0,,,,,,,,,,,,,,,,,22.0,3.0,7.0,Sleeper,157.0,156.0,2026-08-29,NFFC,158.87,153.0,113.0,221.0,94.0,True,2026-08-29,-3.0,False,,props_only,,,,,74.0,BLT,75.0,100.0,17.0,,,,,,,0.0,0.0,0.0,,,,,,0.0,0.0,,,,98.4,86.51,,,5.09,28.470588235294116,0.0,51.0,32.0,484.0,3.0,0.0,11.0,,,,,45.0,28.2,427.1,2.6,,,,,,,,,,,,,,,BAL,,,,True,BAL
Zachariah Branch,WR,ATL,zachariah branch,,,85.86,projection_propadj,17.0,"Mike Clay / ESPN, 17-game",2026-08-13,"Clay's guidance: minus 3 games (RB) / 2 games (QB,WR,TE)",0.014680360614352218,0.004893453538117406,0.0,,,,,,,,,,,,,,,,,11.0,2.0,-8.0,Sleeper,192.0,189.0,2026-08-29,NFFC,213.85,196.0,166.0,278.0,85.0,True,2026-08-29,7.0,False,,props_only,,,,,75.0,ATL,74.0,101.0,17.0,,,,,,,0.0,0.0,0.0,,,,,,0.0,0.0,,,,97.1,85.86,,,5.05,27.705882352941178,0.0,60.0,38.0,471.0,2.0,0.0,11.0,,,,,52.9,33.5,415.6,1.8,,,,,,,,,,,,,,,ATL,,,,True,ATL
Xavier Legette,WR,CAR,xavier legette,,,85.08,projection_propadj,17.0,"Mike Clay / ESPN, 17-game",2026-08-13,"Clay's guidance: minus 3 games (RB) / 2 games (QB,WR,TE)",0.005809218340069566,0.001936406113356522,0.0,,,,,,,,,,,,,,,,,23.0,3.0,9.0,,,,,NFFC,257.93,378.0,292.0,358.0,18.0,True,2026-08-29,,False,,props_only,,,,,76.0,CAR,76.0,94.0,17.0,,,,,,,2.0,11.0,0.0,,,,,,9.7,0.0,,,,96.7,85.08,,,5.0,25.11764705882353,0.0,63.0,36.0,416.0,3.0,1.0,12.0,,,,,55.6,31.8,367.1,2.6,,,,,,,,,,,,,,,,,,,,CAR
Jalen Tolbert,WR,MIA,jalen tolbert,,,80.7,projection_propadj,17.0,"Mike Clay / ESPN, 17-game",2026-08-13,"Clay's guidance: minus 3 games (RB) / 2 games (QB,WR,TE)",0.008103381795991673,0.0027011272653305577,0.0,,,,,,,,,,,,,,,,,28.0,4.0,-4.0,,,,,NFFC,250.73,338.0,208.0,359.0,28.0,True,2026-08-29,,False,,props_only,,,,,77.0,MIA,79.0,90.0,17.0,,,,,,,0.0,0.0,0.0,,,,,,0.0,0.0,,,,91.2,80.7,,,4.75,26.0,0.0,60.0,35.0,442.0,2.0,0.0,12.0,,,,,52.9,30.9,390.0,1.8,,,,,,,,,,,,,,,,,,,,MIA
Ryan Flournoy,WR,DAL,ryan flournoy,,,80.54,projection_propadj,17.0,"Mike Clay / ESPN, 17-game",2026-08-13,"Clay's guidance: minus 3 games (RB) / 2 games (QB,WR,TE)",0.002741073583573116,0.0009136911945243721,0.0,,,,,,,,,,,,,,,,,16.0,2.0,0.0,Sleeper,249.0,236.0,2026-08-29,NFFC,171.7,161.0,126.0,243.0,93.0,True,2026-08-29,-75.0,False,,props_only,,,,,78.0,DAL,80.0,90.0,17.0,,,,,,,2.0,12.0,0.0,,,,,,10.6,0.0,,,,91.6,80.54,,,4.74,23.294117647058822,0.0,51.0,34.0,384.0,3.0,1.0,9.0,,,,,45.0,30.0,338.8,2.6,,,,,,,,,,,,,,,DAL,,,,True,DAL
Chris Bell,WR,MIA,chris bell,,,80.42,projection_propadj,17.0,"Mike Clay / ESPN, 17-game",2026-08-13,"Clay's guidance: minus 3 games (RB) / 2 games (QB,WR,TE)",0.00940674017509489,0.0031355800583649637,0.0,,,,,,,,,,,,,,,,,28.0,4.0,-4.0,Sleeper,278.0,256.0,2026-08-29,NFFC,219.05,201.0,141.0,326.0,86.0,True,2026-08-29,-55.0,False,,props_only,,,,,79.0,MIA,81.0,89.0,17.0,,,,,,,0.0,0.0,0.0,,,,,,0.0,0.0,,,,90.9,80.42,,,4.73,26.41176470588235,0.0,55.0,34.0,449.0,2.0,0.0,11.0,,,,,48.5,30.0,396.2,1.8,,,,,,,,,,,,,,,MIA,,,,True,MIA
Dontayvion Wicks,WR,PHI,dontayvion wicks,,,78.11,projection_propadj,17.0,"Mike Clay / ESPN, 17-game",2026-08-13,"Clay's guidance: minus 3 games (RB) / 2 games (QB,WR,TE)",0.006651288494241644,0.0022170961647472146,0.0,,,,,,,,,,,,,,,,,2.0,1.0,-3.0,,,,,NFFC,167.9,158.0,111.0,225.0,93.0,True,2026-08-29,,False,,props_only,,,,,80.0,PHI,77.0,91.0,17.0,,,,,,,0.0,0.0,0.0,,,,,,0.0,0.0,,,,88.3,78.11,,,4.59,25.470588235294116,0.0,54.0,33.0,433.0,2.0,0.0,11.0,,,,,47.6,29.1,382.1,1.8,,,,,,,,,,,,,,,,,,,,PHI
Tre Harris,WR,LAC,tre harris,,,76.89,projection_propadj,17.0,"Mike Clay / ESPN, 17-game",2026-08-13,"Clay's guidance: minus 3 games (RB) / 2 games (QB,WR,TE)",0.0037975952721893756,0.0012658650907297919,0.0,,,,,,,,,,,,,,,,,6.0,1.0,2.0,Sleeper,250.0,237.0,2026-08-29,NFFC,155.62,146.0,106.0,221.0,93.0,True,2026-08-29,-91.0,False,,props_only,,,,,81.0,LAC,78.0,90.0,17.0,,,,,,,0.0,0.0,0.0,,,,,,0.0,0.0,,,,86.9,76.89,,,4.52,24.058823529411764,0.0,53.0,34.0,409.0,2.0,0.0,10.0,,,,,46.8,30.0,360.9,1.8,,,,,,,,,,,,,,,LAC,,,,True,LAC
Darnell Mooney,WR,NYG,darnell mooney,,,76.48,projection_propadj,17.0,"Mike Clay / ESPN, 17-game",2026-08-13,"Clay's guidance: minus 3 games (RB) / 2 games (QB,WR,TE)",0.00845944176609985,0.0028198139220332835,0.0,,,,,,,,,,,,,,,,,21.0,3.0,6.0,,,,,NFFC,238.22,221.0,191.0,333.0,47.0,True,2026-08-29,,False,,props_only,,,,,82.0,NYG,82.0,88.0,17.0,,,,,,,2.0,12.0,0.0,,,,,,10.6,0.0,,,,86.4,76.48,,,4.5,26.11764705882353,0.0,56.0,30.0,432.0,2.0,1.0,11.0,,,,,49.4,26.5,381.2,1.8,,,,,,,,,,,,,,,,,,,,NYG
Caleb Douglas,WR,MIA,caleb douglas,,,74.02,projection_propadj,17.0,"Mike Clay / ESPN, 17-game",2026-08-13,"Clay's guidance: minus 3 games (RB) / 2 games (QB,WR,TE)",0.0035275621899902073,0.001175854063330069,0.0,,,,,,,,,,,,,,,,,28.0,4.0,-4.0,Sleeper,213.0,209.0,2026-08-29,NFFC,185.26,177.0,112.0,256.0,93.0,True,2026-08-29,-32.0,False,,props_only,,,,,83.0,MIA,84.0,80.0,17.0,,,,,,,0.0,0.0,0.0,,,,,,0.0,0.0,,,,83.6,74.02,,,4.35,23.88235294117647,0.0,50.0,31.0,406.0,2.0,0.0,10.0,,,,,44.1,27.4,358.2,1.8,,,,,,,,,,,,,,,MIA,,,,True,MIA
Darius Slayton,WR,NYG,darius slayton,,,72.22,projection_propadj,17.0,"Mike Clay / ESPN, 17-game",2026-08-13,"Clay's guidance: minus 3 games (RB) / 2 games (QB,WR,TE)",0.0035275621899902073,0.001175854063330069,0.0,,,,,,,,,,,,,,,,,21.0,3.0,6.0,,,,,NFFC,256.28,370.0,204.0,356.0,26.0,True,2026-08-29,,False,,props_only,,,,,84.0,NYG,85.0,80.0,17.0,,,,,,,2.0,12.0,0.0,,,,,,10.6,0.0,,,,81.6,72.22,,,4.25,23.88235294117647,0.0,46.0,29.0,394.0,2.0,1.0,9.0,,,,,40.6,25.6,347.6,1.8,,,,,,,,,,,,,,,,,,,,NYG
Jack Bech,WR,LV,jack bech,,,71.42,projection_propadj,17.0,"Mike Clay / ESPN, 17-game",2026-08-13,"Clay's guidance: minus 3 games (RB) / 2 games (QB,WR,TE)",0.0028852297724993926,0.0009617432574997976,0.0,,,,,,,,,,,,,,,,,17.0,3.0,1.0,,,,,NFFC,250.51,336.0,209.0,335.0,38.0,True,2026-08-29,,False,,props_only,,,,,85.0,LV,83.0,83.0,17.0,,,,,,,0.0,0.0,0.0,,,,,,0.0,0.0,,,,80.8,71.42,,,4.2,23.41176470588235,0.0,54.0,35.0,398.0,1.0,0.0,10.0,,,,,47.6,30.9,351.2,0.9,,,,,,,,,,,,,,,,,,,,LV
Tyquan Thornton,WR,KC,tyquan thornton,,,68.48,projection_propadj,17.0,"Mike Clay / ESPN, 17-game",2026-08-13,"Clay's guidance: minus 3 games (RB) / 2 games (QB,WR,TE)",0.000980459007822861,0.000326819669274287,0.0,,,,,,,,,,,,,,,,,10.0,2.0,-9.0,,,,,NFFC,253.51,356.0,192.0,349.0,31.0,True,2026-08-29,,False,,props_only,,,,,86.0,KC,88.0,77.0,17.0,,,,,,,0.0,0.0,0.0,,,,,,0.0,0.0,,,,77.9,68.48,,,4.03,21.11764705882353,0.0,43.0,24.0,359.0,3.0,0.0,8.0,,,,,37.9,21.2,316.8,2.6,,,,,,,,,,,,,,,,,,,,KC
Jahan Dotson,WR,ATL,jahan dotson,,,67.99,projection_propadj,17.0,"Mike Clay / ESPN, 17-game",2026-08-13,"Clay's guidance: minus 3 games (RB) / 2 games (QB,WR,TE)",0.0009514119417522407,0.0003171373139174136,0.0,,,,,,,,,,,,,,,,,11.0,2.0,-8.0,,,,,NFFC,255.92,369.0,218.0,358.0,26.0,True,2026-08-29,,False,,props_only,,,,,87.0,ATL,90.0,75.0,17.0,,,,,,,0.0,0.0,0.0,,,,,,0.0,0.0,,,,76.8,67.99,,,4.0,21.058823529411764,0.0,49.0,29.0,358.0,2.0,0.0,9.0,,,,,43.2,25.6,315.9,1.8,,,,,,,,,,,,,,,,,,,,ATL
Kayshon Boutte,WR,NE,kayshon boutte,,,66.89,projection_propadj,17.0,"Mike Clay / ESPN, 17-game",2026-08-13,"Clay's guidance: minus 3 games (RB) / 2 games (QB,WR,TE)",0.0012058584375705616,0.0004019528125235205,0.0,,,,,,,,,,,,,,,,,13.0,2.0,-4.0,Sleeper,228.0,222.0,2026-08-29,NFFC,178.37,170.0,99.0,257.0,92.0,True,2026-08-29,-52.0,True,reference/comparison ADP disagree on NFL team; ,props_only,,,,,88.0,NE,87.0,78.0,17.0,,,,,,,0.0,0.0,0.0,,,,,,0.0,0.0,,,,75.6,66.89,,,3.93,21.529411764705884,0.0,42.0,27.0,366.0,2.0,0.0,8.0,,,,,37.1,23.8,322.9,1.8,,,,,,,,,,,,,,,HOU,,,,True,HOU
Jaylin Noel,WR,HOU,jaylin noel,,,66.84,projection_propadj,17.0,"Mike Clay / ESPN, 17-game",2026-08-13,"Clay's guidance: minus 3 games (RB) / 2 games (QB,WR,TE)",0.0006357242699581803,0.0002119080899860601,0.0,,,,,,,,,,,,,,,,,29.0,4.0,-2.0,Sleeper,214.0,210.0,2026-08-29,NFFC,225.35,208.0,134.0,345.0,82.0,True,2026-08-29,-2.0,False,,props_only,,,,,89.0,HST,89.0,76.0,17.0,,,,,,,4.0,22.0,0.0,,,,,,19.4,0.0,,,,75.5,66.84,,,3.93,20.294117647058822,0.0,44.0,29.0,323.0,2.0,1.0,8.0,,,,,38.8,25.6,285.0,1.8,,,,,,,,,,,,,,,HOU,,,,True,HOU
Antonio Williams,WR,WAS,antonio williams,,,66.08,projection_propadj,17.0,"Mike Clay / ESPN, 17-game",2026-08-13,"Clay's guidance: minus 3 games (RB) / 2 games (QB,WR,TE)",0.0012414123732516834,0.00041380412441722775,0.0,,,,,,,,,,,,,,,,,32.0,4.0,3.0,,,,,NFFC,225.06,207.0,174.0,299.0,65.0,True,2026-08-29,,False,,props_only,,,,,90.0,WAS,86.0,78.0,17.0,,,,,,,4.0,22.0,0.0,,,,,,19.4,0.0,,,,74.7,66.08,,,3.89,21.58823529411765,0.0,41.0,26.0,345.0,2.0,1.0,8.0,,,,,36.2,22.9,304.4,1.8,,,,,,,,,,,,,,,,,,,,WAS
Pat Bryant,WR,DEN,pat bryant,,,63.74,projection_propadj,17.0,"Mike Clay / ESPN, 17-game",2026-08-13,"Clay's guidance: minus 3 games (RB) / 2 games (QB,WR,TE)",0.00027302732765828225,9.100910921942742e-05,0.0,,,,,,,,,,,,,,,,,1.0,1.0,0.0,Sleeper,236.0,227.0,2026-08-29,NFFC,183.41,173.0,129.0,272.0,92.0,True,2026-08-29,-54.0,False,,props_only,,,,,91.0,DEN,92.0,73.0,17.0,,,,,,,0.0,0.0,0.0,,,,,,0.0,0.0,,,,72.0,63.74,,,3.75,18.823529411764707,0.0,45.0,28.0,320.0,2.0,0.0,8.0,,,,,39.7,24.7,282.4,1.8,,,,,,,,,,,,,,,DEN,,,,True,DEN
Isaac TeSlaa,WR,DET,isaac teslaa,,,63.36,projection_propadj,17.0,"Mike Clay / ESPN, 17-game",2026-08-13,"Clay's guidance: minus 3 games (RB) / 2 games (QB,WR,TE)",0.00013385925553170296,4.461975184390099e-05,0.0,,,,,,,,,,,,,,,,,18.0,3.0,2.0,,,,,NFFC,200.37,185.0,139.0,267.0,89.0,True,2026-08-29,,False,,props_only,,,,,92.0,DET,91.0,73.0,17.0,,,,,,,0.0,0.0,0.0,,,,,,0.0,0.0,,,,72.1,63.36,,,3.73,17.705882352941178,0.0,38.0,24.0,301.0,3.0,0.0,7.0,,,,,33.5,21.2,265.6,2.6,,,,,,,,,,,,,,,,,,,,DET
Savion Williams,WR,GB,savion williams,,,60.06,projection_propadj,17.0,"Mike Clay / ESPN, 17-game",2026-08-13,"Clay's guidance: minus 3 games (RB) / 2 games (QB,WR,TE)",0.00025406686986488054,8.468895662162684e-05,0.0,,,,,,,,,,,,,,,,,25.0,4.0,11.0,,,,,NFFC,244.14,290.0,326.0,355.0,3.0,False,2026-08-29,,False,,props_only,,,,,93.0,GB,93.0,70.0,17.0,,,,,,,9.0,47.0,0.0,,,,,,41.5,0.0,,,,67.8,60.06,,,3.53,18.705882352941178,0.0,37.0,24.0,271.0,2.0,2.0,7.0,,,,,32.6,21.2,239.1,1.8,,,,,,,,,,,,,,,,,,,,GB
Marvin Mims,WR,DEN,marvin mims,,,59.97,projection_propadj,17.0,"Mike Clay / ESPN, 17-game",2026-08-13,"Clay's guidance: minus 3 games (RB) / 2 games (QB,WR,TE)",0.0002450228350274705,8.167427834249017e-05,0.0,,,,,,,,,,,,,,,,,1.0,1.0,0.0,,,,,NFFC,258.81,382.0,302.0,360.0,18.0,True,2026-08-29,,False,,props_only,,,,,94.0,DEN,94.0,70.0,17.0,,,,,,,8.0,45.0,0.0,,,,,,39.7,0.0,,,,67.7,59.97,,,3.53,18.647058823529413,0.0,34.0,24.0,272.0,2.0,2.0,6.0,,,,,30.0,21.2,240.0,1.8,,,,,,,,,,,,,,,,,,,,DEN
Ted Hurst,WR,TB,ted hurst,,,57.13,projection_propadj,17.0,"Mike Clay / ESPN, 17-game",2026-08-13,"Clay's guidance: minus 3 games (RB) / 2 games (QB,WR,TE)",0.00010536219564690522,3.512073188230174e-05,0.0,,,,,,,,,,,,,,,,,3.0,1.0,-2.0,,,,,NFFC,225.63,209.0,164.0,308.0,79.0,True,2026-08-29,,False,,props_only,,,,,95.0,TB,97.0,65.0,17.0,,,,,,,0.0,0.0,0.0,,,,,,0.0,0.0,,,,64.5,57.13,,,3.36,17.352941176470587,0.0,37.0,23.0,295.0,2.0,0.0,7.0,,,,,32.6,20.3,260.3,1.8,,,,,,,,,,,,,,,,,,,,TB
DeMario Douglas,WR,NE,demario douglas,,,56.86,projection_propadj,17.0,"Mike Clay / ESPN, 17-game",2026-08-13,"Clay's guidance: minus 3 games (RB) / 2 games (QB,WR,TE)",9.321851324473678e-05,3.1072837748245595e-05,0.0,,,,,,,,,,,,,,,,,13.0,2.0,-4.0,,,,,NFFC,254.87,365.0,189.0,351.0,36.0,True,2026-08-29,,False,,props_only,,,,,96.0,NE,98.0,61.0,17.0,,,,,,,4.0,21.0,0.0,,,,,,18.5,0.0,,,,64.2,56.86,,,3.34,17.176470588235293,0.0,31.0,23.0,271.0,2.0,1.0,6.0,,,,,27.4,20.3,239.1,1.8,,,,,,,,,,,,,,,,,,,,NE
Tory Horton,WR,SEA,tory horton,,,56.58,projection_propadj,17.0,"Mike Clay / ESPN, 17-game",2026-08-13,"Clay's guidance: minus 3 games (RB) / 2 games (QB,WR,TE)",0.00012369243872688783,4.123081290896261e-05,0.0,,,,,,,,,,,,,,,,,14.0,2.0,-2.0,,,,,NFFC,259.87,388.0,185.0,354.0,26.0,True,2026-08-29,,False,,props_only,,,,,97.0,SEA,96.0,65.0,17.0,,,,,,,0.0,0.0,0.0,,,,,,0.0,0.0,,,,63.9,56.58,,,3.33,17.58823529411765,0.0,35.0,22.0,299.0,2.0,0.0,7.0,,,,,30.9,19.4,263.8,1.8,,,,,,,,,,,,,,,,,,,,SEA
Kavontae Turpin,WR,DAL,kavontae turpin,,,55.99,projection_propadj,17.0,"Mike Clay / ESPN, 17-game",2026-08-13,"Clay's guidance: minus 3 games (RB) / 2 games (QB,WR,TE)",0.00041465148927871535,0.00013821716309290512,0.0,,,,,,,,,,,,,,,,,16.0,2.0,0.0,,,,,NFFC,246.4,312.0,245.0,359.0,6.0,False,2026-08-29,,False,,props_only,,,,,98.0,DAL,95.0,67.0,17.0,,,,,,,18.0,102.0,0.0,,,,,,90.0,0.0,,,,63.2,55.99,,,3.29,19.529411764705884,0.0,28.0,18.0,230.0,2.0,4.0,5.0,,,,,24.7,15.9,202.9,1.8,,,,,,,,,,,,,,,,,,,,DAL
Devaughn Vele,WR,NO,devaughn vele,,,55.66,projection_propadj,17.0,"Mike Clay / ESPN, 17-game",2026-08-13,"Clay's guidance: minus 3 games (RB) / 2 games (QB,WR,TE)",2.012341674311739e-05,6.707805581039129e-06,0.0,,,,,,,,,,,,,,,,,15.0,2.0,-1.0,Sleeper,274.0,253.0,2026-08-29,NFFC,219.79,203.0,141.0,311.0,87.0,True,2026-08-29,-50.0,False,,props_only,,,,,99.0,NO,99.0,61.0,17.0,,,,,,,0.0,0.0,0.0,,,,,,0.0,0.0,,,,62.8,55.66,,,3.27,15.176470588235293,0.0,38.0,25.0,258.0,2.0,0.0,7.0,,,,,33.5,22.1,227.6,1.8,,,,,,,,,,,,,,,NO,,,,True,NO
Nick Westbrook-Ikhine,WR,IND,nick westbrook ikhine,,,54.02,projection_propadj,17.0,"Mike Clay / ESPN, 17-game",2026-08-13,"Clay's guidance: minus 3 games (RB) / 2 games (QB,WR,TE)",3.571689650356438e-05,1.1905632167854794e-05,0.0,,,,,,,,,,,,,,,,,9.0,2.0,-13.0,,,,,NFFC,243.29,277.0,351.0,353.0,2.0,False,2026-08-29,,False,,props_only,,,,,100.0,IND,100.0,60.0,17.0,,,,,,,0.0,0.0,0.0,,,,,,0.0,0.0,,,,61.0,54.02,,,3.18,15.882352941176471,0.0,37.0,22.0,270.0,2.0,0.0,7.0,,,,,32.6,19.4,238.2,1.8,,,,,,,,,,,,,,,,,,,,IND
Keon Coleman,WR,BUF,keon coleman,,,51.07,projection_propadj,17.0,"Mike Clay / ESPN, 17-game",2026-08-13,"Clay's guidance: minus 3 games (RB) / 2 games (QB,WR,TE)",2.962551592706933e-05,9.875171975689777e-06,0.0,,,,,,,,,,,,,,,,,5.0,1.0,1.0,Sleeper,258.0,244.0,2026-08-29,NFFC,242.76,262.0,172.0,352.0,55.0,True,2026-08-29,18.0,False,,props_only,,,,,101.0,BUF,101.0,60.0,17.0,,,,,,,0.0,0.0,0.0,,,,,,0.0,0.0,,,,57.6,51.07,,,3.0,15.647058823529411,0.0,33.0,19.0,266.0,2.0,0.0,6.0,,,,,29.1,16.8,234.7,1.8,,,,,,,,,,,,,,,BUF,,,,True,BUF
Andrei Iosivas,WR,CIN,andrei iosivas,,,50.02,projection_propadj,17.0,"Mike Clay / ESPN, 17-game",2026-08-13,"Clay's guidance: minus 3 games (RB) / 2 games (QB,WR,TE)",1.0321577900598111e-05,3.440525966866037e-06,0.0,,,,,,,,,,,,,,,,,27.0,4.0,-9.0,,,,,NFFC,257.3,372.0,226.0,339.0,29.0,True,2026-08-29,,False,,props_only,,,,,102.0,CIN,102.0,58.0,17.0,,,,,,,2.0,11.0,0.0,,,,,,9.7,0.0,,,,56.5,50.02,,,2.94,14.411764705882353,0.0,34.0,20.0,234.0,2.0,1.0,6.0,,,,,30.0,17.6,206.5,1.8,,,,,,,,,,,,,,,,,,,,CIN
Elijah Sarratt,WR,BAL,elijah sarratt,,,47.95,projection_propadj,17.0,"Mike Clay / ESPN, 17-game",2026-08-13,"Clay's guidance: minus 3 games (RB) / 2 games (QB,WR,TE)",1.4135472088524581e-05,4.711824029508194e-06,0.0,,,,,,,,,,,,,,,,,22.0,3.0,7.0,,,,,NFFC,260.28,389.0,200.0,360.0,26.0,True,2026-08-29,,False,,props_only,,,,,103.0,BLT,106.0,51.0,17.0,,,,,,,0.0,0.0,0.0,,,,,,0.0,0.0,,,,54.1,47.95,,,2.82,14.764705882352942,0.0,28.0,17.0,251.0,2.0,0.0,6.0,,,,,24.7,15.0,221.5,1.8,,,,,,,,,,,,,,,,,,,,BAL
Kevin Coleman Jr.,WR,MIA,kevin coleman,,,47.81,projection_propadj,17.0,"Mike Clay / ESPN, 17-game",2026-08-13,"Clay's guidance: minus 3 games (RB) / 2 games (QB,WR,TE)",3.740223049558235e-05,1.2467410165194116e-05,0.0,,,,,,,,,,,,,,,,,28.0,4.0,-4.0,,,,,NFFC,240.92,227.0,233.0,233.0,1.0,False,2026-08-29,,False,,props_only,,,,,104.0,MIA,105.0,52.0,17.0,,,,,,,0.0,0.0,0.0,,,,,,0.0,0.0,,,,54.1,47.81,,,2.81,15.941176470588236,0.0,35.0,21.0,271.0,1.0,0.0,7.0,,,,,30.9,18.5,239.1,0.9,,,,,,,,,,,,,,,,,,,,MIA
Ashton Dulin,WR,IND,ashton dulin,,,47.26,projection_propadj,17.0,"Mike Clay / ESPN, 17-game",2026-08-13,"Clay's guidance: minus 3 games (RB) / 2 games (QB,WR,TE)",4.486508170524649e-05,1.4955027235082164e-05,0.0,,,,,,,,,,,,,,,,,9.0,2.0,-13.0,,,,,,,,,,,,,,False,,props_only,,,,,105.0,IND,103.0,56.0,17.0,,,,,,,4.0,26.0,0.0,,,,,,22.9,0.0,,,,53.5,47.26,,,2.78,16.176470588235293,0.0,31.0,20.0,249.0,1.0,1.0,6.0,,,,,27.4,17.6,219.7,0.9,,,,,,,,,,,,,,,,,,,,
Kendrick Bourne,WR,ARI,kendrick bourne,,,46.79,projection_propadj,17.0,"Mike Clay / ESPN, 17-game",2026-08-13,"Clay's guidance: minus 3 games (RB) / 2 games (QB,WR,TE)",7.450754548464839e-06,2.4835848494882796e-06,0.0,,,,,,,,,,,,,,,,,20.0,3.0,5.0,,,,,NFFC,252.54,348.0,249.0,357.0,14.0,False,2026-08-29,,False,,props_only,,,,,106.0,ARZ,108.0,50.0,17.0,,,,,,,0.0,0.0,0.0,,,,,,0.0,0.0,,,,52.9,46.79,,,2.75,14.058823529411764,0.0,34.0,23.0,239.0,1.0,0.0,6.0,,,,,30.0,20.3,210.9,0.9,,,,,,,,,,,,,,,,,,,,ARI
Troy Franklin,WR,DEN,troy franklin,,,45.83,projection_propadj,17.0,"Mike Clay / ESPN, 17-game",2026-08-13,"Clay's guidance: minus 3 games (RB) / 2 games (QB,WR,TE)",3.7407284069115645e-06,1.2469094689705216e-06,0.0,,,,,,,,,,,,,,,,,1.0,1.0,0.0,,,,,NFFC,232.39,217.0,123.0,308.0,48.0,True,2026-08-29,,False,,props_only,,,,,107.0,DEN,107.0,51.0,17.0,,,,,,,2.0,11.0,0.0,,,,,,9.7,0.0,,,,51.7,45.83,,,2.7,13.352941176470589,0.0,28.0,17.0,216.0,2.0,1.0,5.0,,,,,24.7,15.0,190.6,1.8,,,,,,,,,,,,,,,,,,,,DEN
Tutu Atwell,WR,MIA,tutu atwell,,,44.33,projection_propadj,17.0,"Mike Clay / ESPN, 17-game",2026-08-13,"Clay's guidance: minus 3 games (RB) / 2 games (QB,WR,TE)",0.0001447476818155756,4.824922727185854e-05,0.0,,,,,,,,,,,,,,,,,28.0,4.0,-4.0,,,,,NFFC,253.63,357.0,226.0,360.0,13.0,False,2026-08-29,,True,reference/comparison ADP disagree on NFL team; ,props_only,,,,,108.0,MIA,104.0,53.0,17.0,,,,,,,2.0,11.0,0.0,,,,,,9.7,0.0,,,,50.3,44.33,,,2.61,17.823529411764707,0.0,35.0,20.0,292.0,0.0,1.0,7.0,,,,,30.9,17.6,257.6,0.0,,,,,,,,,,,,,,,,,,,,LAR
Dyami Brown,WR,WAS,dyami brown,,,44.05,projection_propadj,17.0,"Mike Clay / ESPN, 17-game",2026-08-13,"Clay's guidance: minus 3 games (RB) / 2 games (QB,WR,TE)",2.020776732374565e-06,6.73592244124855e-07,0.0,,,,,,,,,,,,,,,,,32.0,4.0,3.0,,,,,,,,,,,,,,False,,props_only,,,,,109.0,WAS,110.0,47.0,17.0,,,,,,,0.0,0.0,0.0,,,,,,0.0,0.0,,,,49.7,44.05,,,2.59,12.764705882352942,0.0,26.0,16.0,217.0,2.0,0.0,5.0,,,,,22.9,14.1,191.5,1.8,,,,,,,,,,,,,,,,,,,,
Kalif Raymond,WR,CHI,kalif raymond,,,41.08,projection_propadj,17.0,"Mike Clay / ESPN, 17-game",2026-08-13,"Clay's guidance: minus 3 games (RB) / 2 games (QB,WR,TE)",1.6664729232019877e-06,5.554909744006626e-07,0.0,,,,,,,,,,,,,,,,,4.0,1.0,0.0,,,,,NFFC,248.73,322.0,239.0,360.0,8.0,False,2026-08-29,,False,,props_only,,,,,110.0,CHI,109.0,48.0,17.0,,,,,,,5.0,27.0,0.0,,,,,,23.8,0.0,,,,46.4,41.08,,,2.42,12.588235294117647,0.0,26.0,19.0,187.0,1.0,1.0,5.0,,,,,22.9,16.8,165.0,0.9,,,,,,,,,,,,,,,,,,,,CHI
Christian Kirk,WR,SF,christian kirk,,,38.91,projection_propadj,17.0,"Mike Clay / ESPN, 17-game",2026-08-13,"Clay's guidance: minus 3 games (RB) / 2 games (QB,WR,TE)",2.4411175374929725e-06,8.137058458309908e-07,0.0,,,,,,,,,,,,,,,,,7.0,1.0,5.0,,,,,NFFC,250.45,335.0,184.0,354.0,38.0,True,2026-08-29,,False,,props_only,,,,,111.0,SF,111.0,46.0,17.0,,,,,,,0.0,0.0,0.0,,,,,,0.0,0.0,,,,44.0,38.91,,,2.29,12.941176470588236,0.0,27.0,16.0,220.0,1.0,0.0,5.0,,,,,23.8,14.1,194.1,0.9,,,,,,,,,,,,,,,,,,,,SF
Josh Palmer,WR,BUF,josh palmer,,,38.49,projection_propadj,17.0,"Mike Clay / ESPN, 17-game",2026-08-13,"Clay's guidance: minus 3 games (RB) / 2 games (QB,WR,TE)",9.124042788823114e-07,3.0413475962743713e-07,0.0,,,,,,,,,,,,,,,,,5.0,1.0,1.0,,,,,,,,,,,,,,False,,props_only,,,,,112.0,BUF,113.0,45.0,17.0,,,,,,,0.0,0.0,0.0,,,,,,0.0,0.0,,,,43.5,38.49,,,2.26,12.058823529411764,0.0,27.0,17.0,205.0,1.0,0.0,5.0,,,,,23.8,15.0,180.9,0.9,,,,,,,,,,,,,,,,,,,,
Treylon Burks,WR,WAS,treylon burks,,,37.84,projection_propadj,17.0,"Mike Clay / ESPN, 17-game",2026-08-13,"Clay's guidance: minus 3 games (RB) / 2 games (QB,WR,TE)",2.153058476490399e-06,7.17686158830133e-07,0.0,,,,,,,,,,,,,,,,,32.0,4.0,3.0,,,,,NFFC,246.52,313.0,261.0,351.0,7.0,False,2026-08-29,,False,,props_only,,,,,113.0,WAS,112.0,45.0,17.0,,,,,,,0.0,0.0,0.0,,,,,,0.0,0.0,,,,42.8,37.84,,,2.23,12.823529411764707,0.0,26.0,15.0,218.0,1.0,0.0,5.0,,,,,22.9,13.2,192.4,0.9,,,,,,,,,,,,,,,,,,,,WAS
Bryce Lance,WR,NO,bryce lance,,,37.5,projection_propadj,17.0,"Mike Clay / ESPN, 17-game",2026-08-13,"Clay's guidance: minus 3 games (RB) / 2 games (QB,WR,TE)",8.51343089984293e-07,2.837810299947643e-07,0.0,,,,,,,,,,,,,,,,,15.0,2.0,-1.0,,,,,NFFC,255.49,366.0,197.0,359.0,37.0,True,2026-08-29,,False,,props_only,,,,,114.0,NO,117.0,42.0,17.0,,,,,,,0.0,0.0,0.0,,,,,,0.0,0.0,,,,42.4,37.5,,,2.21,12.0,0.0,27.0,16.0,204.0,1.0,0.0,5.0,,,,,23.8,14.1,180.0,0.9,,,,,,,,,,,,,,,,,,,,NO
Cyrus Allen,WR,KC,cyrus allen,,,37.41,projection_propadj,17.0,"Mike Clay / ESPN, 17-game",2026-08-13,"Clay's guidance: minus 3 games (RB) / 2 games (QB,WR,TE)",7.93981763138164e-07,2.646605877127213e-07,0.0,,,,,,,,,,,,,,,,,10.0,2.0,-9.0,,,,,NFFC,158.06,151.0,89.0,251.0,92.0,True,2026-08-29,,False,,props_only,,,,,115.0,KC,114.0,44.0,17.0,,,,,,,0.0,0.0,0.0,,,,,,0.0,0.0,,,,42.3,37.41,,,2.2,11.941176470588236,0.0,27.0,16.0,203.0,1.0,0.0,5.0,,,,,23.8,14.1,179.1,0.9,,,,,,,,,,,,,,,,,,,,KC
Skyler Bell,WR,BUF,skyler bell,,,36.69,projection_propadj,17.0,"Mike Clay / ESPN, 17-game",2026-08-13,"Clay's guidance: minus 3 games (RB) / 2 games (QB,WR,TE)",9.124042788823114e-07,3.0413475962743713e-07,0.0,,,,,,,,,,,,,,,,,5.0,1.0,1.0,,,,,NFFC,254.44,363.0,214.0,360.0,20.0,True,2026-08-29,,False,,props_only,,,,,116.0,BUF,115.0,43.0,17.0,,,,,,,0.0,0.0,0.0,,,,,,0.0,0.0,,,,41.5,36.69,,,2.16,12.058823529411764,0.0,26.0,15.0,205.0,1.0,0.0,5.0,,,,,22.9,13.2,180.9,0.9,,,,,,,,,,,,,,,,,,,,BUF
Marquise Brown,WR,PHI,marquise brown,,,36.53,projection_propadj,17.0,"Mike Clay / ESPN, 17-game",2026-08-13,"Clay's guidance: minus 3 games (RB) / 2 games (QB,WR,TE)",3.843200934576488e-07,1.2810669781921626e-07,0.0,,,,,,,,,,,,,,,,,2.0,1.0,-3.0,,,,,,,,,,,,,,False,,props_only,,,,,117.0,PHI,116.0,42.0,17.0,,,,,,,0.0,0.0,0.0,,,,,,0.0,0.0,,,,41.3,36.53,,,2.15,11.352941176470589,0.0,25.0,16.0,193.0,1.0,0.0,5.0,,,,,22.1,14.1,170.3,0.9,,,,,,,,,,,,,,,,,,,,
Jordan Whittington,WR,LAR,jordan whittington,,,34.84,projection_propadj,17.0,"Mike Clay / ESPN, 17-game",2026-08-13,"Clay's guidance: minus 3 games (RB) / 2 games (QB,WR,TE)",1.9081047475744603e-07,6.360349158581534e-08,0.0,,,,,,,,,,,,,,,,,8.0,1.0,6.0,,,,,NFFC,244.98,303.0,306.0,359.0,4.0,False,2026-08-29,,False,,props_only,,,,,118.0,LAR,118.0,42.0,17.0,,,,,,,2.0,12.0,0.0,,,,,,10.6,0.0,,,,39.4,34.84,,,2.05,10.823529411764707,0.0,22.0,15.0,172.0,1.0,1.0,4.0,,,,,19.4,13.2,151.8,0.9,,,,,,,,,,,,,,,,,,,,LAR
Colbie Young,WR,CIN,colbie young,,,33.33,projection_propadj,17.0,"Mike Clay / ESPN, 17-game",2026-08-13,"Clay's guidance: minus 3 games (RB) / 2 games (QB,WR,TE)",9.820256038330966e-08,3.2734186794436556e-08,0.0,,,,,,,,,,,,,,,,,27.0,4.0,-9.0,,,,,NFFC,249.92,332.0,229.0,360.0,10.0,False,2026-08-29,,False,,props_only,,,,,119.0,CIN,119.0,39.0,17.0,,,,,,,0.0,0.0,0.0,,,,,,0.0,0.0,,,,37.6,33.33,,,1.96,10.352941176470589,0.0,23.0,14.0,176.0,1.0,0.0,4.0,,,,,20.3,12.4,155.3,0.9,,,,,,,,,,,,,,,,,,,,CIN
Dont'e Thornton Jr.,WR,LV,donte thornton,,,30.82,projection_propadj,17.0,"Mike Clay / ESPN, 17-game",2026-08-13,"Clay's guidance: minus 3 games (RB) / 2 games (QB,WR,TE)",4.8374951469311226e-08,1.6124983823103742e-08,0.0,,,,,,,,,,,,,,,,,17.0,3.0,1.0,,,,,,,,,,,,,,False,,props_only,,,,,120.0,LV,125.0,32.0,17.0,,,,,,,0.0,0.0,0.0,,,,,,0.0,0.0,,,,34.8,30.82,,,1.81,9.882352941176471,0.0,22.0,12.0,168.0,1.0,0.0,4.0,,,,,19.4,10.6,148.2,0.9,,,,,,,,,,,,,,,,,,,,
Malachi Fields,WR,NYG,malachi fields,,,30.75,projection_propadj,17.0,"Mike Clay / ESPN, 17-game",2026-08-13,"Clay's guidance: minus 3 games (RB) / 2 games (QB,WR,TE)",1.685577562893877e-08,5.618591876312923e-09,0.0,,,,,,,,,,,,,,,,,21.0,3.0,6.0,Sleeper,223.0,218.0,2026-08-29,NFFC,191.59,179.0,30.0,259.0,92.0,True,2026-08-29,-39.0,False,,props_only,,,,,121.0,NYG,122.0,34.0,17.0,,,,,,,0.0,0.0,0.0,,,,,,0.0,0.0,,,,34.7,30.75,,,1.81,9.235294117647058,0.0,20.0,13.0,157.0,1.0,0.0,4.0,,,,,17.6,11.5,138.5,0.9,,,,,,,,,,,,,,,NYG,,,,True,NYG
Xavier Hutchinson,WR,HOU,xavier hutchinson,,,30.47,projection_propadj,17.0,"Mike Clay / ESPN, 17-game",2026-08-13,"Clay's guidance: minus 3 games (RB) / 2 games (QB,WR,TE)",3.3348751184685105e-08,1.1116250394895035e-08,0.0,,,,,,,,,,,,,,,,,29.0,4.0,-2.0,,,,,NFFC,253.29,355.0,187.0,353.0,20.0,True,2026-08-29,,False,,props_only,,,,,122.0,HST,123.0,34.0,17.0,,,,,,,2.0,12.0,0.0,,,,,,10.6,0.0,,,,34.4,30.47,,,1.79,9.647058823529411,0.0,22.0,12.0,152.0,1.0,1.0,4.0,,,,,19.4,10.6,134.1,0.9,,,,,,,,,,,,,,,,,,,,HOU
Olamide Zaccheaus,WR,ATL,olamide zaccheaus,,,30.33,projection_propadj,17.0,"Mike Clay / ESPN, 17-game",2026-08-13,"Clay's guidance: minus 3 games (RB) / 2 games (QB,WR,TE)",3.3525983108605382e-09,1.117532770286846e-09,0.0,,,,,,,,,,,,,,,,,11.0,2.0,-8.0,,,,,NFFC,251.65,341.0,330.0,359.0,10.0,False,2026-08-29,,False,,props_only,,,,,123.0,ATL,126.0,32.0,17.0,,,,,,,0.0,0.0,0.0,,,,,,0.0,0.0,,,,34.2,30.33,,,1.78,8.352941176470589,0.0,22.0,14.0,142.0,1.0,0.0,4.0,,,,,19.4,12.4,125.3,0.9,,,,,,,,,,,,,,,,,,,,ATL
Jaylin Lane,WR,WAS,jaylin lane,,,30.12,projection_propadj,17.0,"Mike Clay / ESPN, 17-game",2026-08-13,"Clay's guidance: minus 3 games (RB) / 2 games (QB,WR,TE)",2.2696201487241325e-08,7.565400495747108e-09,0.0,,,,,,,,,,,,,,,,,32.0,4.0,3.0,,,,,NFFC,242.11,246.0,349.0,349.0,1.0,False,2026-08-29,,False,,props_only,,,,,124.0,WAS,120.0,37.0,17.0,,,,,,,0.0,0.0,0.0,,,,,,0.0,0.0,,,,34.0,30.12,,,1.77,9.411764705882353,0.0,21.0,12.0,160.0,1.0,0.0,4.0,,,,,18.5,10.6,141.2,0.9,,,,,,,,,,,,,,,,,,,,WAS
Zavion Thomas,WR,CHI,zavion thomas,,,29.59,projection_propadj,17.0,"Mike Clay / ESPN, 17-game",2026-08-13,"Clay's guidance: minus 3 games (RB) / 2 games (QB,WR,TE)",1.241862832837967e-08,4.139542776126557e-09,0.0,,,,,,,,,,,,,,,,,4.0,1.0,0.0,,,,,NFFC,243.26,275.0,344.0,357.0,2.0,False,2026-08-29,,False,,props_only,,,,,125.0,CHI,121.0,36.0,17.0,,,,,,,0.0,0.0,0.0,,,,,,0.0,0.0,,,,33.4,29.59,,,1.74,9.058823529411764,0.0,21.0,12.0,154.0,1.0,0.0,4.0,,,,,18.5,10.6,135.9,0.9,,,,,,,,,,,,,,,,,,,,CHI
Odell Beckham Jr.,WR,NYG,odell beckham,,,29.41,projection_propadj,17.0,"Mike Clay / ESPN, 17-game",2026-08-13,"Clay's guidance: minus 3 games (RB) / 2 games (QB,WR,TE)",1.0083669892073735e-08,3.361223297357912e-09,0.0,,,,,,,,,,,,,,,,,21.0,3.0,6.0,,,,,NFFC,246.6,314.0,236.0,359.0,8.0,False,2026-08-29,,False,,props_only,,,,,126.0,NYG,124.0,32.0,17.0,,,,,,,0.0,0.0,0.0,,,,,,0.0,0.0,,,,33.2,29.41,,,1.73,8.941176470588236,0.0,20.0,12.0,152.0,1.0,0.0,4.0,,,,,17.6,10.6,134.1,0.9,,,,,,,,,,,,,,,,,,,,NYG
Chimere Dike,WR,TEN,chimere dike,,,27.94,projection_propadj,17.0,"Mike Clay / ESPN, 17-game",2026-08-13,"Clay's guidance: minus 3 games (RB) / 2 games (QB,WR,TE)",3.437068297793425e-10,1.1456894325978083e-10,0.0,,,,,,,,,,,,,,,,,30.0,4.0,0.0,,,,,NFFC,253.89,359.0,181.0,347.0,24.0,True,2026-08-29,,False,,props_only,,,,,127.0,TEN,127.0,30.0,17.0,,,,,,,10.0,50.0,1.0,,,,,,44.1,0.9,,,,31.4,27.94,,,1.64,7.294117647058823,0.0,11.0,7.0,74.0,1.0,3.0,2.0,,,,,9.7,6.2,65.3,0.9,,,,,,,,,,,,,,,,,,,,TEN
Roman Wilson,WR,PIT,roman wilson,,,27.91,projection_propadj,17.0,"Mike Clay / ESPN, 17-game",2026-08-13,"Clay's guidance: minus 3 games (RB) / 2 games (QB,WR,TE)",1.4526775462875981e-09,4.842258487625327e-10,0.0,,,,,,,,,,,,,,,,,23.0,3.0,-15.0,,,,,NFFC,251.3,339.0,299.0,359.0,10.0,False,2026-08-29,,False,,props_only,,,,,128.0,PIT,130.0,29.0,17.0,,,,,,,0.0,0.0,0.0,,,,,,0.0,0.0,,,,31.5,27.91,,,1.64,7.9411764705882355,0.0,20.0,12.0,135.0,1.0,0.0,4.0,,,,,17.6,10.6,119.1,0.9,,,,,,,,,,,,,,,,,,,,PIT
Isaiah Bond,WR,CLE,isaiah bond,,,27.79,projection_propadj,17.0,"Mike Clay / ESPN, 17-game",2026-08-13,"Clay's guidance: minus 3 games (RB) / 2 games (QB,WR,TE)",1.241862832837967e-08,4.139542776126557e-09,0.0,,,,,,,,,,,,,,,,,31.0,4.0,2.0,,,,,NFFC,250.55,337.0,326.0,359.0,9.0,False,2026-08-29,,False,,props_only,,,,,129.0,CLV,128.0,30.0,17.0,,,,,,,4.0,24.0,0.0,,,,,,21.2,0.0,,,,31.4,27.79,,,1.63,9.058823529411764,0.0,18.0,10.0,130.0,1.0,1.0,4.0,,,,,15.9,8.8,114.7,0.9,,,,,,,,,,,,,,,,,,,,CLE
Mack Hollins,WR,NE,mack hollins,,,26.31,projection_propadj,17.0,"Mike Clay / ESPN, 17-game",2026-08-13,"Clay's guidance: minus 3 games (RB) / 2 games (QB,WR,TE)",5.178408635869261e-10,1.7261362119564205e-10,0.0,,,,,,,,,,,,,,,,,13.0,2.0,-4.0,,,,,NFFC,257.64,375.0,182.0,360.0,18.0,True,2026-08-29,,False,,props_only,,,,,130.0,NE,131.0,28.0,17.0,,,,,,,0.0,0.0,0.0,,,,,,0.0,0.0,,,,29.7,26.31,,,1.55,7.470588235294118,0.0,16.0,11.0,127.0,1.0,0.0,3.0,,,,,14.1,9.7,112.1,0.9,,,,,,,,,,,,,,,,,,,,NE
Brenen Thompson,WR,LAC,brenen thompson,,,25.85,projection_propadj,17.0,"Mike Clay / ESPN, 17-game",2026-08-13,"Clay's guidance: minus 3 games (RB) / 2 games (QB,WR,TE)",9.966058317667542e-10,3.322019439222514e-10,0.0,,,,,,,,,,,,,,,,,6.0,1.0,2.0,,,,,NFFC,243.4,282.0,290.0,333.0,3.0,False,2026-08-29,,False,,props_only,,,,,131.0,LAC,132.0,27.0,17.0,,,,,,,2.0,11.0,0.0,,,,,,9.7,0.0,,,,29.2,25.85,,,1.52,7.764705882352941,0.0,16.0,10.0,121.0,1.0,1.0,3.0,,,,,14.1,8.8,106.8,0.9,,,,,,,,,,,,,,,,,,,,LAC
Konata Mumpfield,WR,LAR,konata mumpfield,,,25.41,projection_propadj,17.0,"Mike Clay / ESPN, 17-game",2026-08-13,"Clay's guidance: minus 3 games (RB) / 2 games (QB,WR,TE)",5.178408635869261e-10,1.7261362119564205e-10,0.0,,,,,,,,,,,,,,,,,8.0,1.0,6.0,,,,,,,,,,,,,,False,,props_only,,,,,132.0,LAR,129.0,29.0,17.0,,,,,,,0.0,0.0,0.0,,,,,,0.0,0.0,,,,28.7,25.41,,,1.49,7.470588235294118,0.0,17.0,10.0,127.0,1.0,0.0,3.0,,,,,15.0,8.8,112.1,0.9,,,,,,,,,,,,,,,,,,,,
Devontez Walker,WR,BAL,devontez walker,,,24.24,projection_propadj,17.0,"Mike Clay / ESPN, 17-game",2026-08-13,"Clay's guidance: minus 3 games (RB) / 2 games (QB,WR,TE)",3.437068297793425e-10,1.1456894325978083e-10,0.0,,,,,,,,,,,,,,,,,22.0,3.0,7.0,,,,,NFFC,244.35,294.0,343.0,354.0,3.0,False,2026-08-29,,False,,props_only,,,,,133.0,BLT,133.0,26.0,17.0,,,,,,,0.0,0.0,0.0,,,,,,0.0,0.0,,,,27.4,24.24,,,1.43,7.294117647058823,0.0,14.0,9.0,124.0,1.0,0.0,3.0,,,,,12.4,7.9,109.4,0.9,,,,,,,,,,,,,,,,,,,,BAL
Kyle T. Williams,WR,NE,kyle t williams,,,20.67,projection_propadj,17.0,"Mike Clay / ESPN, 17-game",2026-08-13,"Clay's guidance: minus 3 games (RB) / 2 games (QB,WR,TE)",6.761289228800604e-11,2.253763076266868e-11,0.0,,,,,,,,,,,,,,,,,13.0,2.0,-4.0,,,,,,,,,,,,,,False,,props_only,,,,,134.0,NE,134.0,23.0,17.0,,,,,,,4.0,22.0,0.0,,,,,,19.4,0.0,,,,23.3,20.67,,,1.22,6.647058823529412,0.0,10.0,6.0,91.0,1.0,1.0,2.0,,,,,8.8,5.3,80.3,0.9,,,,,,,,,,,,,,,,,,,,
Tez Johnson,WR,TB,tez johnson,,,20.51,projection_propadj,17.0,"Mike Clay / ESPN, 17-game",2026-08-13,"Clay's guidance: minus 3 games (RB) / 2 games (QB,WR,TE)",8.82896408682505e-12,2.9429880289416835e-12,0.0,,,,,,,,,,,,,,,,,3.0,1.0,-2.0,,,,,NFFC,246.12,310.0,245.0,359.0,6.0,False,2026-08-29,,False,,props_only,,,,,135.0,TB,135.0,22.0,17.0,,,,,,,4.0,23.0,0.0,,,,,,20.3,0.0,,,,23.1,20.51,,,1.21,5.9411764705882355,0.0,11.0,7.0,78.0,1.0,1.0,2.0,,,,,9.7,6.2,68.8,0.9,,,,,,,,,,,,,,,,,,,,TB
Jalen Royals,WR,KC,jalen royals,,,18.48,projection_propadj,17.0,"Mike Clay / ESPN, 17-game",2026-08-13,"Clay's guidance: minus 3 games (RB) / 2 games (QB,WR,TE)",6.067989840948023e-14,2.0226632803160076e-14,0.0,,,,,,,,,,,,,,,,,10.0,2.0,-9.0,,,,,NFFC,242.23,257.0,360.0,360.0,1.0,False,2026-08-29,,False,,props_only,,,,,136.0,KC,138.0,18.0,17.0,,,,,,,0.0,0.0,0.0,,,,,,0.0,0.0,,,,20.8,18.48,,,1.09,4.588235294117647,0.0,11.0,7.0,78.0,1.0,0.0,2.0,,,,,9.7,6.2,68.8,0.9,,,,,,,,,,,,,,,,,,,,KC
KeAndre Lambert-Smith,WR,LAC,keandre lambert smith,,,17.76,projection_propadj,17.0,"Mike Clay / ESPN, 17-game",2026-08-13,"Clay's guidance: minus 3 games (RB) / 2 games (QB,WR,TE)",1.0065515271278556e-13,3.355171757092852e-14,0.0,,,,,,,,,,,,,,,,,6.0,1.0,2.0,,,,,NFFC,243.43,283.0,359.0,359.0,2.0,False,2026-08-29,,False,,props_only,,,,,137.0,LAC,139.0,18.0,17.0,,,,,,,0.0,0.0,0.0,,,,,,0.0,0.0,,,,20.0,17.76,,,1.04,4.705882352941177,0.0,11.0,6.0,80.0,1.0,0.0,2.0,,,,,9.7,5.3,70.6,0.9,,,,,,,,,,,,,,,,,,,,LAC
Jimmy Horn Jr.,WR,CAR,jimmy horn,,,16.08,projection_propadj,17.0,"Mike Clay / ESPN, 17-game",2026-08-13,"Clay's guidance: minus 3 games (RB) / 2 games (QB,WR,TE)",5.7710215313343766e-11,1.9236738437781255e-11,0.0,,,,,,,,,,,,,,,,,23.0,3.0,9.0,,,,,NFFC,242.15,248.0,353.0,353.0,1.0,False,2026-08-29,,False,,props_only,,,,,138.0,CAR,136.0,21.0,17.0,,,,,,,6.0,37.0,0.0,,,,,,32.6,0.0,,,,18.2,16.08,,,0.95,6.588235294117647,0.0,10.0,7.0,75.0,0.0,2.0,2.0,,,,,8.8,6.2,66.2,0.0,,,,,,,,,,,,,,,,,,,,CAR
Luke McCaffrey,WR,WAS,luke mccaffrey,,,13.26,projection_propadj,17.0,"Mike Clay / ESPN, 17-game",2026-08-13,"Clay's guidance: minus 3 games (RB) / 2 games (QB,WR,TE)",1.0065515271278556e-13,3.355171757092852e-14,0.0,,,,,,,,,,,,,,,,,32.0,4.0,3.0,,,,,NFFC,244.89,302.0,316.0,344.0,4.0,False,2026-08-29,,False,,props_only,,,,,139.0,WAS,137.0,18.0,17.0,,,,,,,0.0,0.0,0.0,,,,,,0.0,0.0,,,,15.0,13.26,,,0.78,4.705882352941177,0.0,10.0,7.0,80.0,0.0,0.0,2.0,,,,,8.8,6.2,70.6,0.0,,,,,,,,,,,,,,,,,,,,WAS
Anthony Gould,WR,IND,anthony gould,,,12.73,projection_propadj,17.0,"Mike Clay / ESPN, 17-game",2026-08-13,"Clay's guidance: minus 3 games (RB) / 2 games (QB,WR,TE)",2.091898157886879e-14,6.972993859622931e-15,0.0,,,,,,,,,,,,,,,,,9.0,2.0,-13.0,,,,,,,,,,,,,,False,,props_only,,,,,140.0,IND,140.0,18.0,17.0,,,,,,,0.0,0.0,0.0,,,,,,0.0,0.0,,,,14.4,12.73,,,0.75,4.352941176470588,0.0,10.0,7.0,74.0,0.0,0.0,2.0,,,,,8.8,6.2,65.3,0.0,,,,,,,,,,,,,,,,,,,,
Malik Benson,WR,LV,malik benson,,,12.27,projection_propadj,17.0,"Mike Clay / ESPN, 17-game",2026-08-13,"Clay's guidance: minus 3 games (RB) / 2 games (QB,WR,TE)",7.831595624730977e-14,2.6105318749103255e-14,0.0,,,,,,,,,,,,,,,,,17.0,3.0,1.0,,,,,NFFC,248.91,323.0,207.0,357.0,10.0,False,2026-08-29,,False,,props_only,,,,,141.0,LV,144.0,16.0,17.0,,,,,,,0.0,0.0,0.0,,,,,,0.0,0.0,,,,13.9,12.27,,,0.72,4.647058823529412,0.0,11.0,6.0,79.0,0.0,0.0,2.0,,,,,9.7,5.3,69.7,0.0,,,,,,,,,,,,,,,,,,,,LV
Elic Ayomanor,WR,TEN,elic ayomanor,,,12.01,projection_propadj,17.0,"Mike Clay / ESPN, 17-game",2026-08-13,"Clay's guidance: minus 3 games (RB) / 2 games (QB,WR,TE)",3.595525821047798e-14,1.1985086070159327e-14,0.0,,,,,,,,,,,,,,,,,30.0,4.0,0.0,,,,,NFFC,261.93,392.0,240.0,359.0,25.0,True,2026-08-29,,False,,props_only,,,,,142.0,TEN,143.0,16.0,17.0,,,,,,,0.0,0.0,0.0,,,,,,0.0,0.0,,,,13.6,12.01,,,0.71,4.470588235294118,0.0,11.0,6.0,76.0,0.0,0.0,2.0,,,,,9.7,5.3,67.1,0.0,,,,,,,,,,,,,,,,,,,,TEN
Calvin Austin III,WR,NYG,calvin austin,,,11.92,projection_propadj,17.0,"Mike Clay / ESPN, 17-game",2026-08-13,"Clay's guidance: minus 3 games (RB) / 2 games (QB,WR,TE)",2.7489915750235865e-14,9.163305250078621e-15,0.0,,,,,,,,,,,,,,,,,21.0,3.0,6.0,,,,,NFFC,245.4,308.0,338.0,360.0,4.0,False,2026-08-29,,False,,props_only,,,,,143.0,NYG,141.0,16.0,17.0,,,,,,,0.0,0.0,0.0,,,,,,0.0,0.0,,,,13.5,11.92,,,0.7,4.411764705882353,0.0,10.0,6.0,75.0,0.0,0.0,2.0,,,,,8.8,5.3,66.2,0.0,,,,,,,,,,,,,,,,,,,,NYG
Greg Dortch,WR,DET,greg dortch,,,9.15,projection_propadj,17.0,"Mike Clay / ESPN, 17-game",2026-08-13,"Clay's guidance: minus 3 games (RB) / 2 games (QB,WR,TE)",1.015317203844647e-15,3.3843906794821563e-16,0.0,,,,,,,,,,,,,,,,,18.0,3.0,2.0,,,,,NFFC,241.91,234.0,329.0,329.0,1.0,False,2026-08-29,,False,,props_only,,,,,144.0,DET,142.0,16.0,17.0,,,,,,,5.0,24.0,0.0,,,,,,21.2,0.0,,,,10.4,9.15,,,0.54,3.764705882352941,0.0,5.0,4.0,40.0,0.0,1.0,1.0,,,,,4.4,3.5,35.3,0.0,,,,,,,,,,,,,,,,,,,,DET
Bo Melton,WR,GB,bo melton,,,8.24,projection_propadj,17.0,"Mike Clay / ESPN, 17-game",2026-08-13,"Clay's guidance: minus 3 games (RB) / 2 games (QB,WR,TE)",1.015317203844647e-15,3.3843906794821563e-16,0.0,,,,,,,,,,,,,,,,,25.0,4.0,11.0,,,,,,,,,,,,,,False,,props_only,,,,,145.0,GB,146.0,12.0,17.0,,,,,,,4.0,26.0,0.0,,,,,,22.9,0.0,,,,9.4,8.24,,,0.48,3.764705882352941,0.0,5.0,3.0,38.0,0.0,1.0,1.0,,,,,4.4,2.6,33.5,0.0,,,,,,,,,,,,,,,,,,,,
Isaiah Williams,WR,NYJ,isaiah williams,,,7.83,projection_propadj,17.0,"Mike Clay / ESPN, 17-game",2026-08-13,"Clay's guidance: minus 3 games (RB) / 2 games (QB,WR,TE)",2.767614557128002e-18,9.225381857093341e-19,0.0,,,,,,,,,,,,,,,,,19.0,3.0,4.0,,,,,NFFC,242.39,259.0,301.0,316.0,2.0,False,2026-08-29,,False,,props_only,,,,,146.0,NYJ,145.0,14.0,17.0,,,,,,,2.0,13.0,0.0,,,,,,11.5,0.0,,,,8.9,7.83,,,0.46,2.8823529411764706,0.0,5.0,4.0,36.0,0.0,1.0,1.0,,,,,4.4,3.5,31.8,0.0,,,,,,,,,,,,,,,,,,,,NYJ
Tyrell Shavers,WR,BUF,tyrell shavers,,,7.55,projection_propadj,11.0,"Mike Clay / ESPN, 17-game",2026-08-13,"Clay's guidance: minus 3 games (RB) / 2 games (QB,WR,TE)",6.609631135941851e-14,2.2032103786472836e-14,0.0,,,,,,,,,,,,,,,,,5.0,1.0,1.0,,,,,,,,,,,,,,False,,props_only,,,,,147.0,BUF,149.0,11.0,11.0,,,,,,,0.0,0.0,0.0,,,,,,0.0,0.0,,,,9.2,7.55,,,0.69,4.7272727272727275,0.0,7.0,4.0,52.0,0.0,0.0,1.0,,,,,5.7,3.3,42.5,0.0,,,,,,,,,,,,,,,,,,,,
Xavier Smith,WR,LAR,xavier smith,,,7.38,projection_propadj,17.0,"Mike Clay / ESPN, 17-game",2026-08-13,"Clay's guidance: minus 3 games (RB) / 2 games (QB,WR,TE)",2.2619289197376887e-19,7.539763065792295e-20,0.0,,,,,,,,,,,,,,,,,8.0,1.0,6.0,,,,,,,,,,,,,,False,,props_only,,,,,148.0,LAR,148.0,12.0,17.0,,,,,,,0.0,0.0,0.0,,,,,,0.0,0.0,,,,8.4,7.38,,,0.43,2.588235294117647,0.0,6.0,4.0,44.0,0.0,0.0,1.0,,,,,5.3,3.5,38.8,0.0,,,,,,,,,,,,,,,,,,,,
Malachi Corley,WR,CLE,malachi corley,,,7.09,projection_propadj,17.0,"Mike Clay / ESPN, 17-game",2026-08-13,"Clay's guidance: minus 3 games (RB) / 2 games (QB,WR,TE)",2.537374229571384e-16,8.45791409857128e-17,0.0,,,,,,,,,,,,,,,,,31.0,4.0,2.0,,,,,,,,,,,,,,False,,props_only,,,,,149.0,CLV,154.0,9.0,17.0,,,,,,,6.0,44.0,0.0,,,,,,38.8,0.0,,,,8.0,7.09,,,0.42,3.5294117647058822,0.0,3.0,2.0,16.0,0.0,2.0,1.0,,,,,2.6,1.8,14.1,0.0,,,,,,,,,,,,,,,,,,,,
Derius Davis,WR,LAC,derius davis,,,6.92,projection_propadj,17.0,"Mike Clay / ESPN, 17-game",2026-08-13,"Clay's guidance: minus 3 games (RB) / 2 games (QB,WR,TE)",2.767614557128002e-18,9.225381857093341e-19,0.0,,,,,,,,,,,,,,,,,6.0,1.0,2.0,,,,,,,,,,,,,,False,,props_only,,,,,150.0,LAC,147.0,12.0,17.0,,,,,,,2.0,11.0,0.0,,,,,,9.7,0.0,,,,7.9,6.92,,,0.41,2.8823529411764706,0.0,5.0,3.0,38.0,0.0,1.0,1.0,,,,,4.4,2.6,33.5,0.0,,,,,,,,,,,,,,,,,,,,
Laquon Treadwell,WR,IND,laquon treadwell,,,6.76,projection_propadj,17.0,"Mike Clay / ESPN, 17-game",2026-08-13,"Clay's guidance: minus 3 games (RB) / 2 games (QB,WR,TE)",3.452900747849414e-21,1.1509669159498048e-21,0.0,,,,,,,,,,,,,,,,,9.0,2.0,-13.0,,,,,,,,,,,,,,False,,props_only,,,,,151.0,IND,160.0,8.0,17.0,,,,,,,0.0,0.0,0.0,,,,,,0.0,0.0,,,,7.7,6.76,,,0.4,2.176470588235294,0.0,5.0,4.0,37.0,0.0,0.0,1.0,,,,,4.4,3.5,32.6,0.0,,,,,,,,,,,,,,,,,,,,
Tai Felton,WR,MIN,tai felton,,,6.76,projection_propadj,17.0,"Mike Clay / ESPN, 17-game",2026-08-13,"Clay's guidance: minus 3 games (RB) / 2 games (QB,WR,TE)",3.452900747849414e-21,1.1509669159498048e-21,0.0,,,,,,,,,,,,,,,,,12.0,2.0,-5.0,,,,,NFFC,243.18,269.0,345.0,348.0,2.0,False,2026-08-29,,False,,props_only,,,,,152.0,MIN,155.0,9.0,17.0,,,,,,,0.0,0.0,0.0,,,,,,0.0,0.0,,,,7.7,6.76,,,0.4,2.176470588235294,0.0,6.0,4.0,37.0,0.0,0.0,1.0,,,,,5.3,3.5,32.6,0.0,,,,,,,,,,,,,,,,,,,,MIN
Demarcus Robinson,WR,SF,demarcus robinson,,,6.48,projection_propadj,17.0,"Mike Clay / ESPN, 17-game",2026-08-13,"Clay's guidance: minus 3 games (RB) / 2 games (QB,WR,TE)",2.2619289197376887e-19,7.539763065792295e-20,0.0,,,,,,,,,,,,,,,,,7.0,1.0,5.0,,,,,NFFC,242.89,265.0,222.0,350.0,5.0,False,2026-08-29,,False,,props_only,,,,,153.0,SF,153.0,10.0,17.0,,,,,,,0.0,0.0,0.0,,,,,,0.0,0.0,,,,7.4,6.48,,,0.38,2.588235294117647,0.0,5.0,3.0,44.0,0.0,0.0,1.0,,,,,4.4,2.6,38.8,0.0,,,,,,,,,,,,,,,,,,,,SF
CJ Daniels,WR,LAR,cj daniels,,,6.39,projection_propadj,17.0,"Mike Clay / ESPN, 17-game",2026-08-13,"Clay's guidance: minus 3 games (RB) / 2 games (QB,WR,TE)",1.3126074710370369e-19,4.375358236790123e-20,0.0,,,,,,,,,,,,,,,,,8.0,1.0,6.0,,,,,NFFC,244.02,288.0,229.0,358.0,4.0,False,2026-08-29,,False,,props_only,,,,,154.0,LAR,152.0,10.0,17.0,,,,,,,0.0,0.0,0.0,,,,,,0.0,0.0,,,,7.3,6.39,,,0.38,2.5294117647058822,0.0,6.0,3.0,43.0,0.0,0.0,1.0,,,,,5.3,2.6,37.9,0.0,,,,,,,,,,,,,,,,,,,,LAR
Justin Watson,WR,HOU,justin watson,,,6.31,projection_propadj,17.0,"Mike Clay / ESPN, 17-game",2026-08-13,"Clay's guidance: minus 3 games (RB) / 2 games (QB,WR,TE)",7.494789218071599e-20,2.4982630726905333e-20,0.0,,,,,,,,,,,,,,,,,29.0,4.0,-2.0,,,,,,,,,,,,,,False,,props_only,,,,,155.0,HST,157.0,9.0,17.0,,,,,,,0.0,0.0,0.0,,,,,,0.0,0.0,,,,7.2,6.31,,,0.37,2.4705882352941178,0.0,5.0,3.0,42.0,0.0,0.0,1.0,,,,,4.4,2.6,37.1,0.0,,,,,,,,,,,,,,,,,,,,
Mitchell Tinsley,WR,CIN,mitchell tinsley,,,6.31,projection_propadj,17.0,"Mike Clay / ESPN, 17-game",2026-08-13,"Clay's guidance: minus 3 games (RB) / 2 games (QB,WR,TE)",7.494789218071599e-20,2.4982630726905333e-20,0.0,,,,,,,,,,,,,,,,,27.0,4.0,-9.0,,,,,,,,,,,,,,False,,props_only,,,,,156.0,CIN,150.0,10.0,17.0,,,,,,,0.0,0.0,0.0,,,,,,0.0,0.0,,,,7.2,6.31,,,0.37,2.4705882352941178,0.0,6.0,3.0,42.0,0.0,0.0,1.0,,,,,5.3,2.6,37.1,0.0,,,,,,,,,,,,,,,,,,,,
Jonathan Mingo,WR,DAL,jonathan mingo,,,6.22,projection_propadj,17.0,"Mike Clay / ESPN, 17-game",2026-08-13,"Clay's guidance: minus 3 games (RB) / 2 games (QB,WR,TE)",4.207049833237385e-20,1.4023499444124615e-20,0.0,,,,,,,,,,,,,,,,,16.0,2.0,0.0,,,,,,,,,,,,,,False,,props_only,,,,,157.0,DAL,159.0,8.0,17.0,,,,,,,0.0,0.0,0.0,,,,,,0.0,0.0,,,,7.1,6.22,,,0.37,2.411764705882353,0.0,6.0,3.0,41.0,0.0,0.0,1.0,,,,,5.3,2.6,36.2,0.0,,,,,,,,,,,,,,,,,,,,
Barion Brown,WR,NO,barion brown,,,6.13,projection_propadj,17.0,"Mike Clay / ESPN, 17-game",2026-08-13,"Clay's guidance: minus 3 games (RB) / 2 games (QB,WR,TE)",2.3194501130083872e-20,7.731500376694625e-21,0.0,,,,,,,,,,,,,,,,,15.0,2.0,-1.0,,,,,NFFC,241.89,233.0,327.0,327.0,1.0,False,2026-08-29,,False,,props_only,,,,,158.0,NO,151.0,10.0,17.0,,,,,,,0.0,0.0,0.0,,,,,,0.0,0.0,,,,7.0,6.13,,,0.36,2.3529411764705883,0.0,5.0,3.0,40.0,0.0,0.0,1.0,,,,,4.4,2.6,35.3,0.0,,,,,,,,,,,,,,,,,,,,NO
Reggie Virgil,WR,ARI,reggie virgil,,,6.04,projection_propadj,17.0,"Mike Clay / ESPN, 17-game",2026-08-13,"Clay's guidance: minus 3 games (RB) / 2 games (QB,WR,TE)",1.2547127446750714e-20,4.182375815583571e-21,0.0,,,,,,,,,,,,,,,,,20.0,3.0,5.0,,,,,,,,,,,,,,False,,props_only,,,,,159.0,ARZ,161.0,8.0,17.0,,,,,,,0.0,0.0,0.0,,,,,,0.0,0.0,,,,6.9,6.04,,,0.36,2.2941176470588234,0.0,6.0,3.0,39.0,0.0,0.0,1.0,,,,,5.3,2.6,34.4,0.0,,,,,,,,,,,,,,,,,,,,
Darius Cooper,WR,PHI,darius cooper,,,5.95,projection_propadj,17.0,"Mike Clay / ESPN, 17-game",2026-08-13,"Clay's guidance: minus 3 games (RB) / 2 games (QB,WR,TE)",6.652455021393697e-21,2.2174850071312325e-21,0.0,,,,,,,,,,,,,,,,,2.0,1.0,-3.0,,,,,NFFC,242.72,261.0,313.0,336.0,2.0,False,2026-08-29,,False,,props_only,,,,,160.0,PHI,158.0,9.0,17.0,,,,,,,0.0,0.0,0.0,,,,,,0.0,0.0,,,,6.8,5.95,,,0.35,2.235294117647059,0.0,5.0,3.0,38.0,0.0,0.0,1.0,,,,,4.4,2.6,33.5,0.0,,,,,,,,,,,,,,,,,,,,PHI
Jahdae Walker,WR,CHI,jahdae walker,,,5.78,projection_propadj,17.0,"Mike Clay / ESPN, 17-game",2026-08-13,"Clay's guidance: minus 3 games (RB) / 2 games (QB,WR,TE)",1.75223338906163e-21,5.840777963538766e-22,0.0,,,,,,,,,,,,,,,,,4.0,1.0,0.0,,,,,,,,,,,,,,False,,props_only,,,,,161.0,CHI,156.0,9.0,17.0,,,,,,,0.0,0.0,0.0,,,,,,0.0,0.0,,,,6.6,5.78,,,0.34,2.1176470588235294,0.0,5.0,3.0,36.0,0.0,0.0,1.0,,,,,4.4,2.6,31.8,0.0,,,,,,,,,,,,,,,,,,,,
Brycen Tremayne,WR,CAR,brycen tremayne,,,5.78,projection_propadj,17.0,"Mike Clay / ESPN, 17-game",2026-08-13,"Clay's guidance: minus 3 games (RB) / 2 games (QB,WR,TE)",1.75223338906163e-21,5.840777963538766e-22,0.0,,,,,,,,,,,,,,,,,23.0,3.0,9.0,,,,,,,,,,,,,,False,,props_only,,,,,162.0,CAR,162.0,8.0,17.0,,,,,,,0.0,0.0,0.0,,,,,,0.0,0.0,,,,6.6,5.78,,,0.34,2.1176470588235294,0.0,5.0,3.0,36.0,0.0,0.0,1.0,,,,,4.4,2.6,31.8,0.0,,,,,,,,,,,,,,,,,,,,
Cedric Tillman,WR,CLE,cedric tillman,,,5.51,projection_propadj,17.0,"Mike Clay / ESPN, 17-game",2026-08-13,"Clay's guidance: minus 3 games (RB) / 2 games (QB,WR,TE)",1.9709271028944675e-22,6.569757009648225e-23,0.0,,,,,,,,,,,,,,,,,31.0,4.0,2.0,,,,,,,,,,,,,,False,,props_only,,,,,163.0,CLV,163.0,7.0,17.0,,,,,,,0.0,0.0,0.0,,,,,,0.0,0.0,,,,6.3,5.51,,,0.32,1.9411764705882353,0.0,5.0,3.0,33.0,0.0,0.0,1.0,,,,,4.4,2.6,29.1,0.0,,,,,,,,,,,,,,,,,,,,
Ben Skowronek,WR,PIT,ben skowronek,,,3.3,projection_propadj,17.0,"Mike Clay / ESPN, 17-game",2026-08-13,"Clay's guidance: minus 3 games (RB) / 2 games (QB,WR,TE)",2.46233862774842e-30,8.207795425828067e-31,0.0,,,,,,,,,,,,,,,,,23.0,3.0,-15.0,,,,,,,,,,,,,,False,,props_only,,,,,164.0,PIT,165.0,4.0,17.0,,,,,,,0.0,0.0,0.0,,,,,,0.0,0.0,,,,3.7,3.3,,,0.19,1.0,0.0,3.0,2.0,17.0,0.0,0.0,1.0,,,,,2.6,1.8,15.0,0.0,,,,,,,,,,,,,,,,,,,,
Arian Smith,WR,NYJ,arian smith,,,2.12,projection_propadj,17.0,"Mike Clay / ESPN, 17-game",2026-08-13,"Clay's guidance: minus 3 games (RB) / 2 games (QB,WR,TE)",4.4467870852361543e-26,1.4822623617453848e-26,0.0,,,,,,,,,,,,,,,,,19.0,3.0,4.0,,,,,,,,,,,,,,False,,props_only,,,,,165.0,NYJ,167.0,4.0,17.0,,,,,,,4.0,24.0,0.0,,,,,,21.2,0.0,,,,2.4,2.12,,,0.12,1.411764705882353,0.0,0.0,0.0,0.0,0.0,1.0,0.0,,,,,0.0,0.0,0.0,0.0,,,,,,,,,,,,,,,,,,,,
Kaden Wetjen,WR,PIT,kaden wetjen,,,1.06,projection_propadj,17.0,"Mike Clay / ESPN, 17-game",2026-08-13,"Clay's guidance: minus 3 games (RB) / 2 games (QB,WR,TE)",5.841148172153979e-35,1.9470493907179932e-35,0.0,,,,,,,,,,,,,,,,,23.0,3.0,-15.0,,,,,,,,,,,,,,False,,props_only,,,,,166.0,PIT,164.0,4.0,17.0,,,,,,,2.0,12.0,0.0,,,,,,10.6,0.0,,,,1.2,1.06,,,0.06,0.7058823529411765,0.0,0.0,0.0,0.0,0.0,1.0,0.0,,,,,0.0,0.0,0.0,0.0,,,,,,,,,,,,,,,,,,,,
Kameron Johnson,WR,TB,kameron johnson,,,1.06,projection_propadj,17.0,"Mike Clay / ESPN, 17-game",2026-08-13,"Clay's guidance: minus 3 games (RB) / 2 games (QB,WR,TE)",5.841148172153979e-35,1.9470493907179932e-35,0.0,,,,,,,,,,,,,,,,,3.0,1.0,-2.0,,,,,,,,,,,,,,False,,props_only,,,,,167.0,TB,166.0,4.0,17.0,,,,,,,2.0,12.0,0.0,,,,,,10.6,0.0,,,,1.2,1.06,,,0.06,0.7058823529411765,0.0,0.0,0.0,0.0,0.0,1.0,0.0,,,,,0.0,0.0,0.0,0.0,,,,,,,,,,,,,,,,,,,,
Braxton Berrios,WR,NYG,braxton berrios,,,0.0,projection_propadj,17.0,"Mike Clay / ESPN, 17-game",2026-08-13,"Clay's guidance: minus 3 games (RB) / 2 games (QB,WR,TE)",0.0,0.0,0.0,,,,,,,,,,,,,,,,,21.0,3.0,6.0,,,,,,,,,,,,,,False,,props_only,,,,,168.0,NYG,168.0,2.0,17.0,,,,,,,0.0,0.0,0.0,,,,,,0.0,0.0,,,,0.0,0.0,,,0.0,0.0,0.0,0.0,0.0,0.0,0.0,0.0,0.0,,,,,0.0,0.0,0.0,0.0,,,,,,,,,,,,,,,,,,,,
Charlie Jones,WR,CIN,charlie jones,,,0.0,projection_propadj,17.0,"Mike Clay / ESPN, 17-game",2026-08-13,"Clay's guidance: minus 3 games (RB) / 2 games (QB,WR,TE)",0.0,0.0,0.0,,,,,,,,,,,,,,,,,27.0,4.0,-9.0,,,,,,,,,,,,,,False,,props_only,,,,,169.0,CIN,169.0,2.0,17.0,,,,,,,0.0,0.0,0.0,,,,,,0.0,0.0,,,,0.0,0.0,,,0.0,0.0,0.0,0.0,0.0,0.0,0.0,0.0,0.0,,,,,0.0,0.0,0.0,0.0,,,,,,,,,,,,,,,,,,,,
Myles Price,WR,MIN,myles price,,,0.0,projection_propadj,17.0,"Mike Clay / ESPN, 17-game",2026-08-13,"Clay's guidance: minus 3 games (RB) / 2 games (QB,WR,TE)",0.0,0.0,0.0,,,,,,,,,,,,,,,,,12.0,2.0,-5.0,,,,,,,,,,,,,,False,,props_only,,,,,170.0,MIN,170.0,2.0,17.0,,,,,,,0.0,0.0,0.0,,,,,,0.0,0.0,,,,0.0,0.0,,,0.0,0.0,0.0,0.0,0.0,0.0,0.0,0.0,0.0,,,,,0.0,0.0,0.0,0.0,,,,,,,,,,,,,,,,,,,,
LaJohntay Wester,WR,BAL,lajohntay wester,,,0.0,projection_propadj,17.0,"Mike Clay / ESPN, 17-game",2026-08-13,"Clay's guidance: minus 3 games (RB) / 2 games (QB,WR,TE)",0.0,0.0,0.0,,,,,,,,,,,,,,,,,22.0,3.0,7.0,,,,,,,,,,,,,,False,,props_only,,,,,171.0,BLT,171.0,2.0,17.0,,,,,,,0.0,0.0,0.0,,,,,,0.0,0.0,,,,0.0,0.0,,,0.0,0.0,0.0,0.0,0.0,0.0,0.0,0.0,0.0,,,,,0.0,0.0,0.0,0.0,,,,,,,,,,,,,,,,,,,,
Britain Covey,WR,PHI,britain covey,,,0.0,projection_propadj,17.0,"Mike Clay / ESPN, 17-game",2026-08-13,"Clay's guidance: minus 3 games (RB) / 2 games (QB,WR,TE)",0.0,0.0,0.0,,,,,,,,,,,,,,,,,2.0,1.0,-3.0,,,,,,,,,,,,,,False,,props_only,,,,,172.0,PHI,172.0,2.0,17.0,,,,,,,0.0,0.0,0.0,,,,,,0.0,0.0,,,,0.0,0.0,,,0.0,0.0,0.0,0.0,0.0,0.0,0.0,0.0,0.0,,,,,0.0,0.0,0.0,0.0,,,,,,,,,,,,,,,,,,,,
Nikko Remigio,WR,KC,nikko remigio,,,0.0,projection_propadj,17.0,"Mike Clay / ESPN, 17-game",2026-08-13,"Clay's guidance: minus 3 games (RB) / 2 games (QB,WR,TE)",0.0,0.0,0.0,,,,,,,,,,,,,,,,,10.0,2.0,-9.0,,,,,,,,,,,,,,False,,props_only,,,,,173.0,KC,173.0,1.0,17.0,,,,,,,0.0,0.0,0.0,,,,,,0.0,0.0,,,,0.0,0.0,,,0.0,0.0,0.0,0.0,0.0,0.0,0.0,0.0,0.0,,,,,0.0,0.0,0.0,0.0,,,,,,,,,,,,,,,,,,,,
Jacob Cowing,WR,SF,jacob cowing,,,0.0,projection_propadj,17.0,"Mike Clay / ESPN, 17-game",2026-08-13,"Clay's guidance: minus 3 games (RB) / 2 games (QB,WR,TE)",0.0,0.0,0.0,,,,,,,,,,,,,,,,,7.0,1.0,5.0,,,,,,,,,,,,,,False,,props_only,,,,,174.0,SF,174.0,1.0,17.0,,,,,,,0.0,0.0,0.0,,,,,,0.0,0.0,,,,0.0,0.0,,,0.0,0.0,0.0,0.0,0.0,0.0,0.0,0.0,0.0,,,,,0.0,0.0,0.0,0.0,,,,,,,,,,,,,,,,,,,,
Ke'Shawn Williams,WR,CIN,keshawn williams,,,0.0,projection_propadj,17.0,"Mike Clay / ESPN, 17-game",2026-08-13,"Clay's guidance: minus 3 games (RB) / 2 games (QB,WR,TE)",0.0,0.0,0.0,,,,,,,,,,,,,,,,,27.0,4.0,-9.0,,,,,,,,,,,,,,False,,props_only,,,,,175.0,CIN,175.0,1.0,17.0,,,,,,,0.0,0.0,0.0,,,,,,0.0,0.0,,,,0.0,0.0,,,0.0,0.0,0.0,0.0,0.0,0.0,0.0,0.0,0.0,,,,,0.0,0.0,0.0,0.0,,,,,,,,,,,,,,,,,,,,
Devin Duvernay,WR,ARI,devin duvernay,,,0.0,projection_propadj,17.0,"Mike Clay / ESPN, 17-game",2026-08-13,"Clay's guidance: minus 3 games (RB) / 2 games (QB,WR,TE)",0.0,0.0,0.0,,,,,,,,,,,,,,,,,20.0,3.0,5.0,,,,,,,,,,,,,,False,,props_only,,,,,176.0,ARZ,176.0,1.0,17.0,,,,,,,0.0,0.0,0.0,,,,,,0.0,0.0,,,,0.0,0.0,,,0.0,0.0,0.0,0.0,0.0,0.0,0.0,0.0,0.0,,,,,0.0,0.0,0.0,0.0,,,,,,,,,,,,,,,,,,,,
Gage Larvadain,WR,CLE,gage larvadain,,,0.0,projection_propadj,17.0,"Mike Clay / ESPN, 17-game",2026-08-13,"Clay's guidance: minus 3 games (RB) / 2 games (QB,WR,TE)",0.0,0.0,0.0,,,,,,,,,,,,,,,,,31.0,4.0,2.0,,,,,,,,,,,,,,False,,props_only,,,,,177.0,CLV,177.0,1.0,17.0,,,,,,,0.0,0.0,0.0,,,,,,0.0,0.0,,,,0.0,0.0,,,0.0,0.0,0.0,0.0,0.0,0.0,0.0,0.0,0.0,,,,,0.0,0.0,0.0,0.0,,,,,,,,,,,,,,,,,,,,
Mason Tipton,WR,NO,mason tipton,,,0.0,projection_propadj,17.0,"Mike Clay / ESPN, 17-game",2026-08-13,"Clay's guidance: minus 3 games (RB) / 2 games (QB,WR,TE)",0.0,0.0,0.0,,,,,,,,,,,,,,,,,15.0,2.0,-1.0,,,,,,,,,,,,,,False,,props_only,,,,,178.0,NO,178.0,1.0,17.0,,,,,,,0.0,0.0,0.0,,,,,,0.0,0.0,,,,0.0,0.0,,,0.0,0.0,0.0,0.0,0.0,0.0,0.0,0.0,0.0,,,,,0.0,0.0,0.0,0.0,,,,,,,,,,,,,,,,,,,,
Efton Chism III,WR,NE,efton chism,,,0.0,projection_propadj,17.0,"Mike Clay / ESPN, 17-game",2026-08-13,"Clay's guidance: minus 3 games (RB) / 2 games (QB,WR,TE)",0.0,0.0,0.0,,,,,,,,,,,,,,,,,13.0,2.0,-4.0,,,,,NFFC,242.04,240.0,342.0,342.0,1.0,False,2026-08-29,,False,,props_only,,,,,179.0,NE,179.0,1.0,17.0,,,,,,,0.0,0.0,0.0,,,,,,0.0,0.0,,,,0.0,0.0,,,0.0,0.0,0.0,0.0,0.0,0.0,0.0,0.0,0.0,,,,,0.0,0.0,0.0,0.0,,,,,,,,,,,,,,,,,,,,NE
Skyy Moore,WR,GB,skyy moore,,,0.0,projection_propadj,17.0,"Mike Clay / ESPN, 17-game",2026-08-13,"Clay's guidance: minus 3 games (RB) / 2 games (QB,WR,TE)",0.0,0.0,0.0,,,,,,,,,,,,,,,,,25.0,4.0,11.0,,,,,,,,,,,,,,False,,props_only,,,,,180.0,GB,180.0,0.0,17.0,,,,,,,0.0,0.0,0.0,,,,,,0.0,0.0,,,,0.0,0.0,,,0.0,0.0,0.0,0.0,0.0,0.0,0.0,0.0,0.0,,,,,0.0,0.0,0.0,0.0,,,,,,,,,,,,,,,,,,,,
Dareke Young,WR,LV,dareke young,,,0.0,projection_propadj,17.0,"Mike Clay / ESPN, 17-game",2026-08-13,"Clay's guidance: minus 3 games (RB) / 2 games (QB,WR,TE)",0.0,0.0,0.0,,,,,,,,,,,,,,,,,17.0,3.0,1.0,,,,,,,,,,,,,,False,,props_only,,,,,181.0,LV,181.0,0.0,17.0,,,,,,,0.0,0.0,0.0,,,,,,0.0,0.0,,,,0.0,0.0,,,0.0,0.0,0.0,0.0,0.0,0.0,0.0,0.0,0.0,,,,,0.0,0.0,0.0,0.0,,,,,,,,,,,,,,,,,,,,
Josh Cameron,WR,JAX,josh cameron,,,0.0,projection_propadj,17.0,"Mike Clay / ESPN, 17-game",2026-08-13,"Clay's guidance: minus 3 games (RB) / 2 games (QB,WR,TE)",0.0,0.0,0.0,,,,,,,,,,,,,,,,,26.0,4.0,13.0,,,,,NFFC,242.2,251.0,357.0,357.0,1.0,False,2026-08-29,,False,,props_only,,,,,182.0,JAX,182.0,0.0,17.0,,,,,,,0.0,0.0,0.0,,,,,,0.0,0.0,,,,0.0,0.0,,,0.0,0.0,0.0,0.0,0.0,0.0,0.0,0.0,0.0,,,,,0.0,0.0,0.0,0.0,,,,,,,,,,,,,,,,,,,,JAX
Jalen Brooks,WR,ARI,jalen brooks,,,0.0,projection_propadj,17.0,"Mike Clay / ESPN, 17-game",2026-08-13,"Clay's guidance: minus 3 games (RB) / 2 games (QB,WR,TE)",0.0,0.0,0.0,,,,,,,,,,,,,,,,,20.0,3.0,5.0,,,,,,,,,,,,,,False,,props_only,,,,,183.0,ARZ,183.0,0.0,17.0,,,,,,,0.0,0.0,0.0,,,,,,0.0,0.0,,,,0.0,0.0,,,0.0,0.0,0.0,0.0,0.0,0.0,0.0,0.0,0.0,,,,,0.0,0.0,0.0,0.0,,,,,,,,,,,,,,,,,,,,
Michael Bandy,WR,DEN,michael bandy,,,0.0,projection_propadj,17.0,"Mike Clay / ESPN, 17-game",2026-08-13,"Clay's guidance: minus 3 games (RB) / 2 games (QB,WR,TE)",0.0,0.0,0.0,,,,,,,,,,,,,,,,,1.0,1.0,0.0,,,,,,,,,,,,,,False,,props_only,,,,,184.0,DEN,184.0,0.0,17.0,,,,,,,0.0,0.0,0.0,,,,,,0.0,0.0,,,,0.0,0.0,,,0.0,0.0,0.0,0.0,0.0,0.0,0.0,0.0,0.0,,,,,0.0,0.0,0.0,0.0,,,,,,,,,,,,,,,,,,,,
Jeshaun Jones,WR,MIN,jeshaun jones,,,0.0,projection_propadj,17.0,"Mike Clay / ESPN, 17-game",2026-08-13,"Clay's guidance: minus 3 games (RB) / 2 games (QB,WR,TE)",0.0,0.0,0.0,,,,,,,,,,,,,,,,,12.0,2.0,-5.0,,,,,,,,,,,,,,False,,props_only,,,,,185.0,MIN,185.0,0.0,17.0,,,,,,,0.0,0.0,0.0,,,,,,0.0,0.0,,,,0.0,0.0,,,0.0,0.0,0.0,0.0,0.0,0.0,0.0,0.0,0.0,,,,,0.0,0.0,0.0,0.0,,,,,,,,,,,,,,,,,,,,
Mason Kinsey,WR,TEN,mason kinsey,,,0.0,projection_propadj,17.0,"Mike Clay / ESPN, 17-game",2026-08-13,"Clay's guidance: minus 3 games (RB) / 2 games (QB,WR,TE)",0.0,0.0,0.0,,,,,,,,,,,,,,,,,30.0,4.0,0.0,,,,,,,,,,,,,,False,,props_only,,,,,186.0,TEN,186.0,0.0,17.0,,,,,,,0.0,0.0,0.0,,,,,,0.0,0.0,,,,0.0,0.0,,,0.0,0.0,0.0,0.0,0.0,0.0,0.0,0.0,0.0,,,,,0.0,0.0,0.0,0.0,,,,,,,,,,,,,,,,,,,,
Brock Bowers,TE,LV,brock bowers,,,212.99,projection_propadj,17.0,"Mike Clay / ESPN, 17-game",2026-08-13,"Clay's guidance: minus 3 games (RB) / 2 games (QB,WR,TE)",6.913228459583906,2.3044094865279687,0.0,36.0,4.0,0.9259,-3.0,,NONE - TE analysis has no archetype row and no hit-rate table,Minimal Concerns,,,,,,NO base rates available for TE - the analyst supplied no archetype back-test for this position,N,purple,1.0,17.0,3.0,1.0,Sleeper,24.0,24.0,2026-08-29,NFFC,21.13,19.0,12.0,28.0,97.0,True,2026-08-29,-5.0,False,,both,29,6.0,target,,1.0,LV,2.0,240.0,17.0,,,,,,,4.0,16.0,0.0,,,,,,14.1,0.0,,,,241.2,212.99,,,12.53,59.529411764705884,0.0,135.0,98.0,996.0,7.0,1.0,25.0,,,,,119.1,86.5,878.8,6.2,,,,,,,,TE_PLAYER_PRIORS_2026,2026.0,1.0,Brock Bowers,Brock Bowers,,"factor_score is an ordinal composite of colour-coded judgments, NOT fantasy points; not comparable across positions. tier_color is the analyst colour tier from the scoring table, no printed legend.",LV,,,,True,LV
Trey McBride,TE,ARI,trey mcbride,,,212.05,projection_propadj,17.0,"Mike Clay / ESPN, 17-game",2026-08-13,"Clay's guidance: minus 3 games (RB) / 2 games (QB,WR,TE)",7.046340452275222,2.3487801507584076,0.0,40.0,1.0,1.0,1.0,,NONE - TE analysis has no archetype row and no hit-rate table,Minimal Concerns,,,,,,NO base rates available for TE - the analyst supplied no archetype back-test for this position,N,purple,1.0,20.0,3.0,5.0,Sleeper,22.0,22.0,2026-08-29,NFFC,28.84,28.0,18.0,43.0,97.0,True,2026-08-29,6.0,False,,both,29,7.0,target,,2.0,ARZ,1.0,242.0,17.0,,,,,,,0.0,0.0,0.0,,,,,,0.0,0.0,,,,240.4,212.05,,,12.47,60.23529411764706,0.0,149.0,108.0,1024.0,5.0,0.0,26.0,,,,,131.5,95.3,903.5,4.4,,,,,,,,TE_PLAYER_PRIORS_2026,2026.0,2.0,Trey McBride,Trey McBride,,"factor_score is an ordinal composite of colour-coded judgments, NOT fantasy points; not comparable across positions. tier_color is the analyst colour tier from the scoring table, no printed legend.",ARI,,,,True,ARI
Colston Loveland,TE,CHI,colston loveland,,,181.64,projection_propadj,17.0,"Mike Clay / ESPN, 17-game",2026-08-13,"Clay's guidance: minus 3 games (RB) / 2 games (QB,WR,TE)",5.6579126143664,1.8859708714554666,0.0,40.0,2.0,1.0,1.0,,NONE - TE analysis has no archetype row and no hit-rate table,Minimal Concerns,,,,,,NO base rates available for TE - the analyst supplied no archetype back-test for this position,N,purple,1.0,4.0,1.0,0.0,Sleeper,40.0,40.0,2026-08-29,NFFC,42.7,43.0,23.0,59.0,97.0,True,2026-08-29,3.0,False,,both,,,,,3.0,CHI,4.0,206.0,17.0,,,,,,,0.0,0.0,0.0,,,,,,0.0,0.0,,,,205.8,181.64,,,10.68,52.8235294117647,0.0,118.0,80.0,898.0,6.0,0.0,23.0,,,,,104.1,70.6,792.4,5.3,,,,,,,,TE_PLAYER_PRIORS_2026,2026.0,3.0,Colston Loveland,Colston Loveland,,"factor_score is an ordinal composite of colour-coded judgments, NOT fantasy points; not comparable across positions. tier_color is the analyst colour tier from the scoring table, no printed legend.",CHI,,,,True,CHI
Tyler Warren,TE,IND,tyler warren,,,180.48,projection_propadj,17.0,"Mike Clay / ESPN, 17-game",2026-08-13,"Clay's guidance: minus 3 games (RB) / 2 games (QB,WR,TE)",5.527264639948328,1.8424215466494425,0.0,26.0,6.0,0.7407,-2.0,,NONE - TE analysis has no archetype row and no hit-rate table,Minimal Concerns,,,,,,NO base rates available for TE - the analyst supplied no archetype back-test for this position,N,purple,1.0,9.0,2.0,-13.0,Sleeper,47.0,47.0,2026-08-29,NFFC,56.91,56.0,32.0,70.0,97.0,True,2026-08-29,9.0,False,,both,,,,,4.0,IND,3.0,208.0,17.0,,,,,,,6.0,14.0,0.0,,,,,,12.4,0.0,,,,204.6,180.48,,,10.62,52.11764705882353,0.0,115.0,86.0,872.0,5.0,2.0,22.0,,,,,101.5,75.9,769.4,4.4,,,,,,,,TE_PLAYER_PRIORS_2026,2026.0,4.0,Tyler Warren,Tyler Warren,,"factor_score is an ordinal composite of colour-coded judgments, NOT fantasy points; not comparable across positions. tier_color is the analyst colour tier from the scoring table, no printed legend.",IND,,,,True,IND
Sam LaPorta,TE,DET,sam laporta,,,164.64,projection_propadj,17.0,"Mike Clay / ESPN, 17-game",2026-08-13,"Clay's guidance: minus 3 games (RB) / 2 games (QB,WR,TE)",4.467405439166031,1.4891351463886768,0.0,38.0,3.0,0.963,3.0,,NONE - TE analysis has no archetype row and no hit-rate table,Some Concern,,,,,,NO base rates available for TE - the analyst supplied no archetype back-test for this position,N,purple,1.0,18.0,3.0,2.0,Sleeper,60.0,60.0,2026-08-29,NFFC,99.52,100.0,68.0,125.0,97.0,True,2026-08-29,40.0,False,,both,53,,watch,"**Target tag removed 2026-08-24.** 16th by VORP in the Sleeper 48-72 band (15.59) and sharp edge -22, i.e. expensive here. Owner read: a top-6 TE needs to be the number 1 or 2 target on his own offence, and he is third behind Gibbs and Jameson Williams. Injury history. Pick 53 reopened to best available",5.0,DET,5.0,189.0,17.0,,,,,,,0.0,0.0,0.0,,,,,,0.0,0.0,,,,186.7,164.64,,,9.68,46.294117647058826,0.0,102.0,78.0,787.0,5.0,0.0,19.0,,,,,90.0,68.8,694.4,4.4,,,,,,,,TE_PLAYER_PRIORS_2026,2026.0,6.0,Sam LaPorta,Sam LaPorta,,"factor_score is an ordinal composite of colour-coded judgments, NOT fantasy points; not comparable across positions. tier_color is the analyst colour tier from the scoring table, no printed legend.",DET,,,,True,DET
Harold Fannin Jr.,TE,CLE,harold fannin,,,162.74,projection_propadj,17.0,"Mike Clay / ESPN, 17-game",2026-08-13,"Clay's guidance: minus 3 games (RB) / 2 games (QB,WR,TE)",5.008913349699579,1.669637783233193,0.0,20.0,11.0,0.6296,-4.0,,NONE - TE analysis has no archetype row and no hit-rate table,Minimal Concerns,,,,,,NO base rates available for TE - the analyst supplied no archetype back-test for this position,N,green,2.0,31.0,4.0,2.0,Sleeper,68.0,68.0,2026-08-29,NFFC,94.7,94.0,76.0,126.0,97.0,True,2026-08-29,26.0,False,,both,,,,,6.0,CLV,6.0,187.0,17.0,,,,,,,9.0,21.0,0.0,,,,,,18.5,0.0,,,,184.8,162.74,,,9.57,49.294117647058826,0.0,119.0,83.0,817.0,3.0,2.0,23.0,,,,,105.0,73.2,720.9,2.6,,,,,,,,TE_PLAYER_PRIORS_2026,2026.0,7.0,Harold Fannin Jr.,Harold Fannin,,"factor_score is an ordinal composite of colour-coded judgments, NOT fantasy points; not comparable across positions. tier_color is the analyst colour tier from the scoring table, no printed legend.",CLE,,,,True,CLE
Kyle Pitts,TE,ATL,kyle pitts,Florida,True,161.82,projection_propadj,17.0,"Mike Clay / ESPN, 17-game",2026-08-13,"Clay's guidance: minus 3 games (RB) / 2 games (QB,WR,TE)",5.21321314027625,1.7377377134254166,0.0,26.0,7.0,0.7407,1.0,,NONE - TE analysis has no archetype row and no hit-rate table,Minimal Concerns,,,,,,NO base rates available for TE - the analyst supplied no archetype back-test for this position,N,green,2.0,11.0,2.0,-8.0,Sleeper,69.0,69.0,2026-08-29,NFFC,81.86,78.0,45.0,110.0,97.0,True,2026-08-29,9.0,False,,both,,,,,7.0,ATL,7.0,185.0,17.0,,,,,,,0.0,0.0,0.0,,,,,,0.0,0.0,,,,183.7,161.82,,,9.52,50.411764705882355,0.0,115.0,80.0,857.0,3.0,0.0,21.0,,,,,101.5,70.6,756.2,2.6,,,,,,,,TE_PLAYER_PRIORS_2026,2026.0,8.0,Kyle Pitts,Kyle Pitts,,"factor_score is an ordinal composite of colour-coded judgments, NOT fantasy points; not comparable across positions. tier_color is the analyst colour tier from the scoring table, no printed legend.",ATL,,,,True,ATL
Dallas Goedert,TE,PHI,dallas goedert,,,158.46,projection_propadj,17.0,"Mike Clay / ESPN, 17-game",2026-08-13,"Clay's guidance: minus 3 games (RB) / 2 games (QB,WR,TE)",3.836143028716376,1.2787143429054586,0.0,4.0,23.0,0.3333,-8.0,,NONE - TE analysis has no archetype row and no hit-rate table,Minimal Concerns,,,,,,NO base rates available for TE - the analyst supplied no archetype back-test for this position,N,gold,4.0,2.0,1.0,-3.0,Sleeper,123.0,123.0,2026-08-29,NFFC,126.61,122.0,88.0,153.0,97.0,True,2026-08-29,-1.0,False,,both,,,,,8.0,PHI,10.0,177.0,17.0,,,,,,,0.0,0.0,0.0,,,,,,0.0,0.0,,,,179.6,158.46,,,9.32,42.705882352941174,0.0,93.0,71.0,726.0,6.0,0.0,19.0,,,,,82.1,62.6,640.6,5.3,,,,,,,,TE_PLAYER_PRIORS_2026,2026.0,15.0,Dallas Goedert,Dallas Goedert,,"factor_score is an ordinal composite of colour-coded judgments, NOT fantasy points; not comparable across positions. tier_color is the analyst colour tier from the scoring table, no printed legend.",PHI,,,,True,PHI
Travis Kelce,TE,KC,travis kelce,,,154.24,projection_propadj,17.0,"Mike Clay / ESPN, 17-game",2026-08-13,"Clay's guidance: minus 3 games (RB) / 2 games (QB,WR,TE)",4.289486263686385,1.4298287545621282,0.0,24.0,9.0,0.7037,1.0,,NONE - TE analysis has no archetype row and no hit-rate table,Some Concern,,,,,,NO base rates available for TE - the analyst supplied no archetype back-test for this position,N,green,2.0,10.0,2.0,-9.0,Sleeper,92.0,92.0,2026-08-29,NFFC,127.03,125.0,61.0,154.0,97.0,True,2026-08-29,33.0,False,,both,101,3.0,target,,9.0,KC,8.0,177.0,17.0,,,,,,,0.0,0.0,0.0,,,,,,0.0,0.0,,,,175.0,154.24,,,9.07,45.294117647058826,0.0,103.0,74.0,770.0,4.0,0.0,19.0,,,,,90.9,65.3,679.4,3.5,,,,,,,,TE_PLAYER_PRIORS_2026,2026.0,10.0,Travis Kelce,Travis Kelce,,"factor_score is an ordinal composite of colour-coded judgments, NOT fantasy points; not comparable across positions. tier_color is the analyst colour tier from the scoring table, no printed legend.",KC,,,,True,KC
George Kittle,TE,SF,george kittle,,,152.54,projection_propadj,15.0,"Mike Clay / ESPN, 17-game",2026-08-13,"Clay's guidance: minus 3 games (RB) / 2 games (QB,WR,TE)",4.5798674855917865,1.5266224951972622,0.0,8.0,16.0,0.4074,-7.0,,NONE - TE analysis has no archetype row and no hit-rate table,Concerned,,,,,,NO base rates available for TE - the analyst supplied no archetype back-test for this position,N,gold,4.0,7.0,1.0,5.0,Sleeper,89.0,89.0,2026-08-29,NFFC,109.76,106.0,65.0,137.0,97.0,True,2026-08-29,17.0,False,,both,101,1.0,target,Take 2 of Kittle/Andrews/Kelce if no TE yet,10.0,SF,9.0,177.0,15.0,,,,,,,0.0,0.0,0.0,,,,,,0.0,0.0,,,,176.2,152.54,,,10.17,50.8,0.0,88.0,70.0,762.0,5.0,0.0,17.0,,,,,76.3,60.7,660.4,4.3,,,,,,,,TE_PLAYER_PRIORS_2026,2026.0,9.0,George Kittle,George Kittle,,"factor_score is an ordinal composite of colour-coded judgments, NOT fantasy points; not comparable across positions. tier_color is the analyst colour tier from the scoring table, no printed legend.",SF,,,,True,SF
Mark Andrews,TE,BAL,mark andrews,,,151.33,projection_propadj,17.0,"Mike Clay / ESPN, 17-game",2026-08-13,"Clay's guidance: minus 3 games (RB) / 2 games (QB,WR,TE)",3.1020269004456225,1.0340089668152075,0.0,12.0,13.0,0.4815,-2.0,,NONE - TE analysis has no archetype row and no hit-rate table,Some Concern,,,,,,NO base rates available for TE - the analyst supplied no archetype back-test for this position,N,green,2.0,22.0,3.0,7.0,Sleeper,129.0,128.0,2026-08-29,NFFC,142.13,138.0,117.0,174.0,96.0,True,2026-08-29,10.0,False,,both,101,2.0,target,,11.0,BLT,12.0,169.0,17.0,,,,,,,10.0,35.0,1.0,,,,,,30.9,0.9,,,,171.2,151.33,,,8.9,38.35294117647059,0.0,84.0,58.0,617.0,7.0,2.0,18.0,,,,,74.1,51.2,544.4,6.2,,,,,,,,TE_PLAYER_PRIORS_2026,2026.0,11.0,Mark Andrews,Mark Andrews,,"factor_score is an ordinal composite of colour-coded judgments, NOT fantasy points; not comparable across positions. tier_color is the analyst colour tier from the scoring table, no printed legend.",BAL,,,,True,BAL
Tucker Kraft,TE,GB,tucker kraft,,,150.09,projection_propadj,17.0,"Mike Clay / ESPN, 17-game",2026-08-13,"Clay's guidance: minus 3 games (RB) / 2 games (QB,WR,TE)",4.425415275733084,1.4751384252443611,0.0,24.0,8.0,0.7037,-3.0,,NONE - TE analysis has no archetype row and no hit-rate table,Concerned,,,,,,NO base rates available for TE - the analyst supplied no archetype back-test for this position,N,green,2.0,25.0,4.0,11.0,Sleeper,63.0,63.0,2026-08-29,NFFC,80.43,76.0,61.0,108.0,97.0,True,2026-08-29,13.0,False,,both,,,,,12.0,GB,11.0,172.0,17.0,,,,,,,2.0,8.0,0.0,,,,,,7.1,0.0,,,,170.3,150.09,,,8.83,46.05882352941177,0.0,94.0,68.0,775.0,4.0,1.0,18.0,,,,,82.9,60.0,683.8,3.5,,,,,,,,TE_PLAYER_PRIORS_2026,2026.0,5.0,Tucker Kraft,Tucker Kraft,,"factor_score is an ordinal composite of colour-coded judgments, NOT fantasy points; not comparable across positions. tier_color is the analyst colour tier from the scoring table, no printed legend.",GB,,,,True,GB
Jake Ferguson,TE,DAL,jake ferguson,,,149.05,projection_propadj,17.0,"Mike Clay / ESPN, 17-game",2026-08-13,"Clay's guidance: minus 3 games (RB) / 2 games (QB,WR,TE)",2.603553135110441,0.8678510450368137,0.0,18.0,12.0,0.5926,2.0,,NONE - TE analysis has no archetype row and no hit-rate table,Some Concern,,,,,,NO base rates available for TE - the analyst supplied no archetype back-test for this position,N,green,2.0,16.0,2.0,0.0,Sleeper,98.0,98.0,2026-08-29,NFFC,130.97,133.0,81.0,173.0,97.0,True,2026-08-29,35.0,False,,both,,,,,13.0,DAL,13.0,167.0,17.0,,,,,,,0.0,0.0,0.0,,,,,,0.0,0.0,,,,168.9,149.05,,,8.77,35.23529411764706,0.0,96.0,73.0,599.0,6.0,0.0,17.0,,,,,84.7,64.4,528.5,5.3,,,,,,,,TE_PLAYER_PRIORS_2026,2026.0,14.0,Jake Ferguson,Jake Ferguson,,"factor_score is an ordinal composite of colour-coded judgments, NOT fantasy points; not comparable across positions. tier_color is the analyst colour tier from the scoring table, no printed legend.",DAL,,,,True,DAL
Kenyon Sadiq,TE,NYJ,kenyon sadiq,,,141.16,projection_propadj,17.0,"Mike Clay / ESPN, 17-game",2026-08-13,"Clay's guidance: minus 3 games (RB) / 2 games (QB,WR,TE)",3.493955301927256,1.1646517673090853,0.0,10.0,15.0,0.4444,6.0,,NONE - TE analysis has no archetype row and no hit-rate table,Minimal Concerns,,,,,,NO base rates available for TE - the analyst supplied no archetype back-test for this position,N,green,2.0,19.0,3.0,4.0,Sleeper,153.0,152.0,2026-08-29,NFFC,210.52,194.0,152.0,246.0,74.0,True,2026-08-29,42.0,False,,both,,,,,14.0,NYJ,14.0,162.0,17.0,,,,,,,0.0,0.0,0.0,,,,,,0.0,0.0,,,,160.2,141.16,,,8.3,40.705882352941174,0.0,90.0,67.0,692.0,4.0,0.0,17.0,,,,,79.4,59.1,610.6,3.5,,,,,,,,TE_PLAYER_PRIORS_2026,2026.0,21.0,Kenyon Sadiq,Kenyon Sadiq,,"factor_score is an ordinal composite of colour-coded judgments, NOT fantasy points; not comparable across positions. tier_color is the analyst colour tier from the scoring table, no printed legend.",NYJ,,,,True,NYJ
T.J. Hockenson,TE,MIN,tj hockenson,,,140.78,projection_propadj,17.0,"Mike Clay / ESPN, 17-game",2026-08-13,"Clay's guidance: minus 3 games (RB) / 2 games (QB,WR,TE)",2.977419139634669,0.9924730465448897,0.0,6.0,21.0,0.3704,2.0,,NONE - TE analysis has no archetype row and no hit-rate table,Some Concern,,,,,,NO base rates available for TE - the analyst supplied no archetype back-test for this position,N,gold,4.0,12.0,2.0,-5.0,Sleeper,164.0,163.0,2026-08-29,NFFC,207.8,191.0,156.0,240.0,75.0,True,2026-08-29,28.0,False,,both,,,,,15.0,MIN,15.0,158.0,17.0,,,,,,,0.0,0.0,0.0,,,,,,0.0,0.0,,,,159.9,140.78,,,8.28,37.588235294117645,0.0,100.0,78.0,639.0,3.0,0.0,18.0,,,,,88.2,68.8,563.8,2.6,,,,,,,,TE_PLAYER_PRIORS_2026,2026.0,23.0,T.J. Hockenson,TJ Hockenson,,"factor_score is an ordinal composite of colour-coded judgments, NOT fantasy points; not comparable across positions. tier_color is the analyst colour tier from the scoring table, no printed legend.",MIN,,,,True,MIN
Isaiah Likely,TE,NYG,isaiah likely,,,137.85,projection_propadj,17.0,"Mike Clay / ESPN, 17-game",2026-08-13,"Clay's guidance: minus 3 games (RB) / 2 games (QB,WR,TE)",3.414597988143818,1.1381993293812727,0.0,8.0,17.0,0.4074,-4.0,,NONE - TE analysis has no archetype row and no hit-rate table,Minimal Concerns,,,,,,NO base rates available for TE - the analyst supplied no archetype back-test for this position,N,gold,4.0,21.0,3.0,6.0,Sleeper,109.0,109.0,2026-08-29,NFFC,119.85,118.0,79.0,146.0,97.0,True,2026-08-29,9.0,False,,both,,,,,16.0,NYG,16.0,156.0,17.0,,,,,,,0.0,0.0,0.0,,,,,,0.0,0.0,,,,156.4,137.85,,,8.11,40.23529411764706,0.0,86.0,64.0,684.0,4.0,0.0,17.0,,,,,75.9,56.5,603.5,3.5,,,,,,,,TE_PLAYER_PRIORS_2026,2026.0,13.0,Isaiah Likely,Isaiah Likely,,"factor_score is an ordinal composite of colour-coded judgments, NOT fantasy points; not comparable across positions. tier_color is the analyst colour tier from the scoring table, no printed legend.",NYG,,,,True,NYG
Dalton Kincaid,TE,BUF,dalton kincaid,,,134.69,projection_propadj,17.0,"Mike Clay / ESPN, 17-game",2026-08-13,"Clay's guidance: minus 3 games (RB) / 2 games (QB,WR,TE)",3.553773516215065,1.1845911720716884,0.0,28.0,5.0,0.7778,7.0,,NONE - TE analysis has no archetype row and no hit-rate table,Some Concern,,,,,,NO base rates available for TE - the analyst supplied no archetype back-test for this position,N,purple,1.0,5.0,1.0,1.0,Sleeper,87.0,87.0,2026-08-29,NFFC,112.79,110.0,92.0,151.0,97.0,True,2026-08-29,23.0,False,,both,92,2.0,target,TE1 fallback if LaPorta missed,17.0,BUF,17.0,156.0,17.0,,,,,,,0.0,0.0,0.0,,,,,,0.0,0.0,,,,152.8,134.69,,,7.92,41.05882352941177,0.0,82.0,59.0,698.0,4.0,0.0,16.0,,,,,72.4,52.1,615.9,3.5,,,,,,,,TE_PLAYER_PRIORS_2026,2026.0,12.0,Dalton Kincaid,Dalton Kincaid,,"factor_score is an ordinal composite of colour-coded judgments, NOT fantasy points; not comparable across positions. tier_color is the analyst colour tier from the scoring table, no printed legend.",BUF,,,,True,BUF
Hunter Henry,TE,NE,hunter henry,,,131.21,projection_propadj,17.0,"Mike Clay / ESPN, 17-game",2026-08-13,"Clay's guidance: minus 3 games (RB) / 2 games (QB,WR,TE)",2.873129120275671,0.9577097067585569,0.0,6.0,20.0,0.3704,-1.0,,NONE - TE analysis has no archetype row and no hit-rate table,Some Concern,,,,,,NO base rates available for TE - the analyst supplied no archetype back-test for this position,N,gold,4.0,13.0,2.0,-4.0,Sleeper,139.0,138.0,2026-08-29,NFFC,183.59,175.0,122.0,237.0,92.0,True,2026-08-29,37.0,False,,both,,,,,18.0,NE,18.0,150.0,17.0,,,,,,,0.0,0.0,0.0,,,,,,0.0,0.0,,,,148.8,131.21,,,7.72,36.94117647058823,0.0,78.0,56.0,628.0,5.0,0.0,15.0,,,,,68.8,49.4,554.1,4.4,,,,,,,,TE_PLAYER_PRIORS_2026,2026.0,19.0,Hunter Henry,Hunter Henry,,"factor_score is an ordinal composite of colour-coded judgments, NOT fantasy points; not comparable across positions. tier_color is the analyst colour tier from the scoring table, no printed legend.",NE,,,,True,NE
Juwan Johnson,TE,NO,juwan johnson,,,128.31,projection_propadj,17.0,"Mike Clay / ESPN, 17-game",2026-08-13,"Clay's guidance: minus 3 games (RB) / 2 games (QB,WR,TE)",2.9583776730070657,0.9861258910023553,0.0,2.0,25.0,0.2963,-5.0,,NONE - TE analysis has no archetype row and no hit-rate table,Minimal Concerns,,,,,,NO base rates available for TE - the analyst supplied no archetype back-test for this position,N,gold,4.0,15.0,2.0,-1.0,Sleeper,187.0,184.0,2026-08-29,NFFC,149.59,143.0,120.0,187.0,96.0,True,2026-08-29,-41.0,False,,both,,,,,19.0,NO,19.0,143.0,17.0,,,,,,,0.0,0.0,0.0,,,,,,0.0,0.0,,,,145.7,128.31,,,7.55,37.470588235294116,0.0,88.0,64.0,637.0,3.0,0.0,16.0,,,,,77.6,56.5,562.1,2.6,,,,,,,,TE_PLAYER_PRIORS_2026,2026.0,20.0,Juwan Johnson,Juwan Johnson,,"factor_score is an ordinal composite of colour-coded judgments, NOT fantasy points; not comparable across positions. tier_color is the analyst colour tier from the scoring table, no printed legend.",NO,,,,True,NO
Brenton Strange,TE,JAX,brenton strange,,,125.86,projection_propadj,17.0,"Mike Clay / ESPN, 17-game",2026-08-13,"Clay's guidance: minus 3 games (RB) / 2 games (QB,WR,TE)",2.5944030615102656,0.8648010205034219,0.0,0.0,27.0,0.2593,-9.0,,NONE - TE analysis has no archetype row and no hit-rate table,Minimal Concerns,,,,,,NO base rates available for TE - the analyst supplied no archetype back-test for this position,N,gold,4.0,26.0,4.0,13.0,Sleeper,152.0,151.0,2026-08-29,NFFC,163.38,157.0,112.0,197.0,93.0,True,2026-08-29,6.0,False,,both,173,2.0,target,,20.0,JAX,20.0,142.0,17.0,,,,,,,0.0,0.0,0.0,,,,,,0.0,0.0,,,,142.8,125.86,,,7.4,35.1764705882353,0.0,85.0,59.0,598.0,4.0,0.0,15.0,,,,,75.0,52.1,527.6,3.5,,,,,,,,TE_PLAYER_PRIORS_2026,2026.0,18.0,Brenton Strange,Brenton Strange,,"factor_score is an ordinal composite of colour-coded judgments, NOT fantasy points; not comparable across positions. tier_color is the analyst colour tier from the scoring table, no printed legend.",JAX,,,,True,JAX
Pat Freiermuth,TE,PIT,pat freiermuth,,,121.62,projection_propadj,17.0,"Mike Clay / ESPN, 17-game",2026-08-13,"Clay's guidance: minus 3 games (RB) / 2 games (QB,WR,TE)",2.631063360581767,0.8770211201939223,0.0,12.0,14.0,0.4815,15.0,,NONE - TE analysis has no archetype row and no hit-rate table,Minimal Concerns,,,,,,NO base rates available for TE - the analyst supplied no archetype back-test for this position,N,yellow,3.0,23.0,3.0,-15.0,Sleeper,275.0,254.0,2026-08-29,NFFC,235.19,220.0,180.0,293.0,33.0,True,2026-08-29,-34.0,False,,both,,,,,21.0,PIT,21.0,136.0,17.0,,,,,,,0.0,0.0,0.0,,,,,,0.0,0.0,,,,138.2,121.62,,,7.15,35.411764705882355,0.0,85.0,60.0,602.0,3.0,0.0,15.0,,,,,75.0,52.9,531.2,2.6,,,,,,,,TE_PLAYER_PRIORS_2026,2026.0,29.0,Pat Freiermuth,Pat Freiermuth,,"factor_score is an ordinal composite of colour-coded judgments, NOT fantasy points; not comparable across positions. tier_color is the analyst colour tier from the scoring table, no printed legend.",PIT,,,,True,PIT
Darren Waller,TE,CAR,darren waller,,,119.38,projection_propadj,17.0,"Mike Clay / ESPN, 17-game",2026-08-13,"Clay's guidance: minus 3 games (RB) / 2 games (QB,WR,TE)",2.2022500214133194,0.7340833404711065,0.0,,,,,,,,,,,,,,,,,23.0,3.0,9.0,,,,,NFFC,255.56,367.0,155.0,346.0,27.0,True,2026-08-29,,False,,props_only,,,,,22.0,CAR,23.0,134.0,17.0,,,,,,,0.0,0.0,0.0,,,,,,0.0,0.0,,,,135.4,119.38,,,7.02,32.588235294117645,0.0,73.0,50.0,554.0,5.0,0.0,14.0,,,,,64.4,44.1,488.8,4.4,,,,,,,,,,,,,,,,,,,,CAR
Terrance Ferguson,TE,LAR,terrance ferguson,,,118.18,projection_propadj,17.0,"Mike Clay / ESPN, 17-game",2026-08-13,"Clay's guidance: minus 3 games (RB) / 2 games (QB,WR,TE)",2.4314548727278478,0.8104849575759493,0.0,8.0,18.0,0.4074,10.0,,NONE - TE analysis has no archetype row and no hit-rate table,Minimal Concerns,,,,,,NO base rates available for TE - the analyst supplied no archetype back-test for this position,N,gold,4.0,8.0,1.0,6.0,Sleeper,205.0,202.0,2026-08-29,NFFC,158.84,152.0,119.0,225.0,92.0,True,2026-08-29,-50.0,False,,both,,,,,23.0,LAR,22.0,136.0,17.0,,,,,,,0.0,0.0,0.0,,,,,,0.0,0.0,,,,134.0,118.18,,,6.95,34.11764705882353,0.0,73.0,46.0,580.0,5.0,0.0,13.0,,,,,64.4,40.6,511.8,4.4,,,,,,,,TE_PLAYER_PRIORS_2026,2026.0,28.0,Terrance Ferguson,Terrance Ferguson,,"factor_score is an ordinal composite of colour-coded judgments, NOT fantasy points; not comparable across positions. tier_color is the analyst colour tier from the scoring table, no printed legend.",LAR,,,,True,LAR
Dalton Schultz,TE,HOU,dalton schultz,,,116.67,projection_propadj,17.0,"Mike Clay / ESPN, 17-game",2026-08-13,"Clay's guidance: minus 3 games (RB) / 2 games (QB,WR,TE)",2.210924481867095,0.7369748272890316,0.0,4.0,24.0,0.3333,-2.0,,NONE - TE analysis has no archetype row and no hit-rate table,Minimal Concerns,,,,,,NO base rates available for TE - the analyst supplied no archetype back-test for this position,N,gold,4.0,29.0,4.0,-2.0,Sleeper,191.0,188.0,2026-08-29,NFFC,185.16,176.0,139.0,232.0,93.0,True,2026-08-29,-12.0,False,,both,,,,,24.0,HST,24.0,133.0,17.0,,,,,,,0.0,0.0,0.0,,,,,,0.0,0.0,,,,132.5,116.67,,,6.86,32.64705882352941,0.0,82.0,59.0,555.0,3.0,0.0,15.0,,,,,72.4,52.1,489.7,2.6,,,,,,,,TE_PLAYER_PRIORS_2026,2026.0,22.0,Dalton Schultz,Dalton Schultz,,"factor_score is an ordinal composite of colour-coded judgments, NOT fantasy points; not comparable across positions. tier_color is the analyst colour tier from the scoring table, no printed legend.",HOU,,,,True,HOU
Gunnar Helm,TE,TEN,gunnar helm,,,110.48,projection_propadj,17.0,"Mike Clay / ESPN, 17-game",2026-08-13,"Clay's guidance: minus 3 games (RB) / 2 games (QB,WR,TE)",1.7122995192880688,0.5707665064293562,0.0,-14.0,32.0,0.0,-6.0,,NONE - TE analysis has no archetype row and no hit-rate table,Minimal Concerns,,,,,,NO base rates available for TE - the analyst supplied no archetype back-test for this position,N,red,5.0,30.0,4.0,0.0,Sleeper,255.0,241.0,2026-08-29,NFFC,230.37,215.0,186.0,247.0,44.0,True,2026-08-29,-26.0,False,,both,,,,,25.0,TEN,25.0,126.0,17.0,,,,,,,0.0,0.0,0.0,,,,,,0.0,0.0,,,,125.5,110.48,,,6.5,29.11764705882353,0.0,77.0,58.0,495.0,3.0,0.0,14.0,,,,,67.9,51.2,436.8,2.6,,,,,,,,TE_PLAYER_PRIORS_2026,2026.0,26.0,Gunnar Helm,Gunnar Helm,,"factor_score is an ordinal composite of colour-coded judgments, NOT fantasy points; not comparable across positions. tier_color is the analyst colour tier from the scoring table, no printed legend.",TEN,,,,True,TEN
Greg Dulcich,TE,MIA,greg dulcich,,,107.96,projection_propadj,17.0,"Mike Clay / ESPN, 17-game",2026-08-13,"Clay's guidance: minus 3 games (RB) / 2 games (QB,WR,TE)",2.4404186404154067,0.8134728801384689,0.0,-6.0,30.0,0.1481,-5.0,,NONE - TE analysis has no archetype row and no hit-rate table,Minimal Concerns,,,,,,NO base rates available for TE - the analyst supplied no archetype back-test for this position,N,red,5.0,28.0,4.0,-4.0,Sleeper,246.0,233.0,2026-08-29,NFFC,216.91,198.0,170.0,239.0,69.0,True,2026-08-29,-35.0,False,,both,,,,,26.0,MIA,27.0,119.0,17.0,,,,,,,0.0,0.0,0.0,,,,,,0.0,0.0,,,,122.1,107.96,,,6.35,34.1764705882353,0.0,75.0,52.0,581.0,2.0,0.0,15.0,,,,,66.2,45.9,512.6,1.8,,,,,,,,TE_PLAYER_PRIORS_2026,2026.0,25.0,Greg Dulcich,Greg Dulcich,,"factor_score is an ordinal composite of colour-coded judgments, NOT fantasy points; not comparable across positions. tier_color is the analyst colour tier from the scoring table, no printed legend.",MIA,,,,True,MIA
Chigoziem Okonkwo,TE,WAS,chigoziem okonkwo,,,105.3,projection_propadj,17.0,"Mike Clay / ESPN, 17-game",2026-08-13,"Clay's guidance: minus 3 games (RB) / 2 games (QB,WR,TE)",2.2632131271376252,0.7544043757125418,0.0,6.0,19.0,0.3704,-3.0,,NONE - TE analysis has no archetype row and no hit-rate table,Minimal Concerns,,,,,,NO base rates available for TE - the analyst supplied no archetype back-test for this position,N,gold,4.0,32.0,4.0,3.0,Sleeper,185.0,182.0,2026-08-29,NFFC,171.86,162.0,124.0,213.0,92.0,True,2026-08-29,-20.0,False,,both,,,,,27.0,WAS,26.0,121.0,17.0,,,,,,,0.0,0.0,0.0,,,,,,0.0,0.0,,,,119.1,105.3,,,6.19,33.0,0.0,72.0,51.0,561.0,2.0,0.0,14.0,,,,,63.5,45.0,495.0,1.8,,,,,,,,TE_PLAYER_PRIORS_2026,2026.0,16.0,Chigoziem Okonkwo,Chig Okonkwo,,"factor_score is an ordinal composite of colour-coded judgments, NOT fantasy points; not comparable across positions. tier_color is the analyst colour tier from the scoring table, no printed legend.",WAS,,,,True,WAS
A.J. Barner,TE,SEA,aj barner,,,100.5,projection_propadj,17.0,"Mike Clay / ESPN, 17-game",2026-08-13,"Clay's guidance: minus 3 games (RB) / 2 games (QB,WR,TE)",1.377914870107921,0.45930495670264027,0.0,-14.0,31.0,0.0,-7.0,,NONE - TE analysis has no archetype row and no hit-rate table,Minimal Concerns,,,,,,NO base rates available for TE - the analyst supplied no archetype back-test for this position,N,red,5.0,14.0,2.0,-2.0,Sleeper,183.0,180.0,2026-08-29,NFFC,209.75,193.0,162.0,240.0,82.0,True,2026-08-29,13.0,False,,both,,,,,28.0,SEA,28.0,114.0,17.0,,,,,,,9.0,18.0,0.0,,,,,,15.9,0.0,,,,114.1,100.5,,,5.91,26.529411764705884,0.0,60.0,45.0,433.0,4.0,2.0,12.0,,,,,52.9,39.7,382.1,3.5,,,,,,,,TE_PLAYER_PRIORS_2026,2026.0,24.0,A.J. Barner,AJ Barner,,"factor_score is an ordinal composite of colour-coded judgments, NOT fantasy points; not comparable across positions. tier_color is the analyst colour tier from the scoring table, no printed legend.",SEA,,,,True,SEA
Mike Gesicki,TE,CIN,mike gesicki,,,96.38,projection_propadj,17.0,"Mike Clay / ESPN, 17-game",2026-08-13,"Clay's guidance: minus 3 games (RB) / 2 games (QB,WR,TE)",0.9839552781081414,0.3279850927027138,0.0,2.0,26.0,0.2963,4.0,,NONE - TE analysis has no archetype row and no hit-rate table,Minimal Concerns,,,,,,NO base rates available for TE - the analyst supplied no archetype back-test for this position,N,gold,4.0,27.0,4.0,-9.0,,,,,NFFC,253.28,354.0,227.0,327.0,26.0,True,2026-08-29,,False,,both,,,,,29.0,CIN,29.0,107.0,17.0,,,,,,,0.0,0.0,0.0,,,,,,0.0,0.0,,,,109.3,96.38,,,5.67,23.11764705882353,0.0,57.0,40.0,393.0,5.0,0.0,10.0,,,,,50.3,35.3,346.8,4.4,,,,,,,,TE_PLAYER_PRIORS_2026,2026.0,30.0,Mike Gesicki,Mike Gesicki,,"factor_score is an ordinal composite of colour-coded judgments, NOT fantasy points; not comparable across positions. tier_color is the analyst colour tier from the scoring table, no printed legend.",,,,,,CIN
Evan Engram,TE,DEN,evan engram,,,93.15,projection_propadj,17.0,"Mike Clay / ESPN, 17-game",2026-08-13,"Clay's guidance: minus 3 games (RB) / 2 games (QB,WR,TE)",1.4662531754231194,0.4887510584743731,0.0,-4.0,29.0,0.1852,3.0,,NONE - TE analysis has no archetype row and no hit-rate table,Some Concern,,,,,,NO base rates available for TE - the analyst supplied no archetype back-test for this position,N,red,5.0,1.0,1.0,0.0,,,,,NFFC,243.34,279.0,193.0,296.0,32.0,True,2026-08-29,,False,,both,,,,,30.0,DEN,30.0,106.0,17.0,,,,,,,0.0,0.0,0.0,,,,,,0.0,0.0,,,,105.3,93.15,,,5.48,27.235294117647058,0.0,68.0,47.0,463.0,2.0,0.0,12.0,,,,,60.0,41.5,408.5,1.8,,,,,,,,TE_PLAYER_PRIORS_2026,2026.0,32.0,Evan Engram,Evan Engram,,"factor_score is an ordinal composite of colour-coded judgments, NOT fantasy points; not comparable across positions. tier_color is the analyst colour tier from the scoring table, no printed legend.",,,,,,DEN
Oronde Gadsden II,TE,LAC,oronde gadsden,,,91.96,projection_propadj,17.0,"Mike Clay / ESPN, 17-game",2026-08-13,"Clay's guidance: minus 3 games (RB) / 2 games (QB,WR,TE)",1.3345857656615174,0.44486192188717244,0.0,24.0,10.0,0.7037,7.0,,NONE - TE analysis has no archetype row and no hit-rate table,Minimal Concerns,,,,,,NO base rates available for TE - the analyst supplied no archetype back-test for this position,N,green,2.0,6.0,1.0,2.0,,,,,NFFC,197.33,183.0,124.0,239.0,79.0,True,2026-08-29,,False,,both,173,1.0,target,Super-late TE,31.0,LAC,31.0,106.0,17.0,,,,,,,0.0,0.0,0.0,,,,,,0.0,0.0,,,,104.5,91.96,,,5.41,26.176470588235293,0.0,58.0,42.0,445.0,3.0,0.0,11.0,,,,,51.2,37.1,392.6,2.6,,,,,,,,TE_PLAYER_PRIORS_2026,2026.0,17.0,Oronde Gadsden II,Oronde Gadsden,,"factor_score is an ordinal composite of colour-coded judgments, NOT fantasy points; not comparable across positions. tier_color is the analyst colour tier from the scoring table, no printed legend.",,,,,,LAC
Cade Otton,TE,TB,cade otton,,,89.41,projection_propadj,17.0,"Mike Clay / ESPN, 17-game",2026-08-13,"Clay's guidance: minus 3 games (RB) / 2 games (QB,WR,TE)",1.306016784287526,0.435338928095842,0.0,6.0,22.0,0.3704,5.0,,NONE - TE analysis has no archetype row and no hit-rate table,Minimal Concerns,,,,,,NO base rates available for TE - the analyst supplied no archetype back-test for this position,N,gold,4.0,3.0,1.0,-2.0,Sleeper,259.0,245.0,2026-08-29,NFFC,234.0,218.0,173.0,294.0,34.0,True,2026-08-29,-27.0,False,,both,,,,,32.0,TB,32.0,102.0,17.0,,,,,,,0.0,0.0,0.0,,,,,,0.0,0.0,,,,101.1,89.41,,,5.26,25.941176470588236,0.0,64.0,45.0,441.0,2.0,0.0,12.0,,,,,56.5,39.7,389.1,1.8,,,,,,,,TE_PLAYER_PRIORS_2026,2026.0,27.0,Cade Otton,Cade Otton,,"factor_score is an ordinal composite of colour-coded judgments, NOT fantasy points; not comparable across positions. tier_color is the analyst colour tier from the scoring table, no printed legend.",TB,,,,True,TB
Michael Mayer,TE,LV,michael mayer,,,70.03,projection_propadj,17.0,"Mike Clay / ESPN, 17-game",2026-08-13,"Clay's guidance: minus 3 games (RB) / 2 games (QB,WR,TE)",0.8034184085500301,0.26780613618334337,0.0,,,,,,,,,,,,,,,,,17.0,3.0,1.0,,,,,NFFC,252.78,350.0,200.0,344.0,28.0,True,2026-08-29,,False,,props_only,,,,,33.0,LV,33.0,81.0,17.0,,,,,,,0.0,0.0,0.0,,,,,,0.0,0.0,,,,79.3,70.03,,,4.12,21.352941176470587,0.0,54.0,37.0,363.0,1.0,0.0,10.0,,,,,47.6,32.6,320.3,0.9,,,,,,,,,,,,,,,,,,,,LV
David Njoku,TE,LAC,david njoku,,,67.58,projection_propadj,17.0,"Mike Clay / ESPN, 17-game",2026-08-13,"Clay's guidance: minus 3 games (RB) / 2 games (QB,WR,TE)",0.47699127516154405,0.15899709172051468,0.0,,,,,,,,,,,,,,,,,6.0,1.0,2.0,,,,,NFFC,240.98,229.0,177.0,329.0,43.0,True,2026-08-29,,False,,props_only,,,,,34.0,LAC,34.0,75.0,17.0,,,,,,,0.0,0.0,0.0,,,,,,0.0,0.0,,,,76.9,67.58,,,3.98,17.58823529411765,0.0,42.0,29.0,299.0,3.0,0.0,8.0,,,,,37.1,25.6,263.8,2.6,,,,,,,,,,,,,,,,,,,,LAC
Darnell Washington,TE,PIT,darnell washington,,,65.11,projection_propadj,17.0,"Mike Clay / ESPN, 17-game",2026-08-13,"Clay's guidance: minus 3 games (RB) / 2 games (QB,WR,TE)",0.5040255134707701,0.16800850449025667,0.0,,,,,,,,,,,,,,,,,23.0,3.0,-15.0,,,,,NFFC,259.34,386.0,258.0,346.0,25.0,True,2026-08-29,,False,,props_only,,,,,35.0,PIT,35.0,72.0,17.0,,,,,,,0.0,0.0,0.0,,,,,,0.0,0.0,,,,73.5,65.11,,,3.83,17.941176470588236,0.0,45.0,31.0,305.0,2.0,0.0,8.0,,,,,39.7,27.4,269.1,1.8,,,,,,,,,,,,,,,,,,,,PIT
Dawson Knox,TE,BUF,dawson knox,,,61.08,projection_propadj,17.0,"Mike Clay / ESPN, 17-game",2026-08-13,"Clay's guidance: minus 3 games (RB) / 2 games (QB,WR,TE)",0.33834102312785047,0.11278034104261682,0.0,,,,,,,,,,,,,,,,,5.0,1.0,1.0,,,,,NFFC,261.85,391.0,257.0,356.0,26.0,True,2026-08-29,,False,,props_only,,,,,36.0,BUF,36.0,68.0,17.0,,,,,,,0.0,0.0,0.0,,,,,,0.0,0.0,,,,69.5,61.08,,,3.59,15.588235294117647,0.0,36.0,25.0,265.0,3.0,0.0,7.0,,,,,31.8,22.1,233.8,2.6,,,,,,,,,,,,,,,,,,,,BUF
Colby Parkinson,TE,LAR,colby parkinson,,,58.77,projection_propadj,17.0,"Mike Clay / ESPN, 17-game",2026-08-13,"Clay's guidance: minus 3 games (RB) / 2 games (QB,WR,TE)",0.28178452756371136,0.09392817585457046,0.0,,,,,,,,,,,,,,,,,8.0,1.0,6.0,,,,,NFFC,238.51,222.0,179.0,281.0,36.0,True,2026-08-29,,False,,props_only,,,,,37.0,LAR,37.0,65.0,17.0,,,,,,,0.0,0.0,0.0,,,,,,0.0,0.0,,,,66.9,58.77,,,3.46,14.647058823529411,0.0,34.0,24.0,249.0,3.0,0.0,6.0,,,,,30.0,21.2,219.7,2.6,,,,,,,,,,,,,,,,,,,,LAR
Theo Johnson,TE,NYG,theo johnson,,,57.52,projection_propadj,17.0,"Mike Clay / ESPN, 17-game",2026-08-13,"Clay's guidance: minus 3 games (RB) / 2 games (QB,WR,TE)",0.3571630765035381,0.11905435883451271,0.0,,,,,,,,,,,,,,,,,21.0,3.0,6.0,,,,,NFFC,257.82,376.0,210.0,355.0,24.0,True,2026-08-29,,False,,props_only,,,,,38.0,NYG,38.0,62.0,17.0,,,,,,,0.0,0.0,0.0,,,,,,0.0,0.0,,,,65.0,57.52,,,3.38,15.882352941176471,0.0,38.0,26.0,270.0,2.0,0.0,8.0,,,,,33.5,22.9,238.2,1.8,,,,,,,,,,,,,,,,,,,,NYG
Elijah Arroyo,TE,SEA,elijah arroyo,,,55.29,projection_propadj,17.0,"Mike Clay / ESPN, 17-game",2026-08-13,"Clay's guidance: minus 3 games (RB) / 2 games (QB,WR,TE)",0.3346420552328262,0.1115473517442754,0.0,,,,,,,,,,,,,,,,,14.0,2.0,-2.0,,,,,NFFC,259.24,385.0,235.0,352.0,28.0,True,2026-08-29,,False,,props_only,,,,,39.0,SEA,40.0,61.0,17.0,,,,,,,0.0,0.0,0.0,,,,,,0.0,0.0,,,,62.4,55.29,,,3.25,15.529411764705882,0.0,35.0,24.0,264.0,2.0,0.0,7.0,,,,,30.9,21.2,232.9,1.8,,,,,,,,,,,,,,,,,,,,SEA
Noah Gray,TE,KC,noah gray,,,51.42,projection_propadj,17.0,"Mike Clay / ESPN, 17-game",2026-08-13,"Clay's guidance: minus 3 games (RB) / 2 games (QB,WR,TE)",0.32730966265066475,0.10910322088355492,0.0,,,,,,,,,,,,,,,,,10.0,2.0,-9.0,,,,,NFFC,258.88,383.0,248.0,360.0,19.0,True,2026-08-29,,False,,props_only,,,,,40.0,KC,39.0,61.0,17.0,,,,,,,0.0,0.0,0.0,,,,,,0.0,0.0,,,,58.2,51.42,,,3.02,15.411764705882353,0.0,38.0,26.0,262.0,1.0,0.0,7.0,,,,,33.5,22.9,231.2,0.9,,,,,,,,,,,,,,,,,,,,KC
Mason Taylor,TE,NYJ,mason taylor,,,50.57,projection_propadj,17.0,"Mike Clay / ESPN, 17-game",2026-08-13,"Clay's guidance: minus 3 games (RB) / 2 games (QB,WR,TE)",0.22785276130261137,0.07595092043420379,0.0,,,,,,,,,,,,,,,,,19.0,3.0,4.0,,,,,NFFC,251.92,344.0,148.0,335.0,26.0,True,2026-08-29,,False,,props_only,,,,,41.0,NYJ,41.0,57.0,17.0,,,,,,,0.0,0.0,0.0,,,,,,0.0,0.0,,,,57.2,50.57,,,2.97,13.647058823529411,0.0,37.0,28.0,232.0,1.0,0.0,7.0,,,,,32.6,24.7,204.7,0.9,,,,,,,,,,,,,,,,,,,,NYJ
Cole Kmet,TE,CHI,cole kmet,,,49.52,projection_propadj,17.0,"Mike Clay / ESPN, 17-game",2026-08-13,"Clay's guidance: minus 3 games (RB) / 2 games (QB,WR,TE)",0.190892969918879,0.06363098997295967,0.0,,,,,,,,,,,,,,,,,4.0,1.0,0.0,,,,,NFFC,260.34,390.0,295.0,357.0,22.0,True,2026-08-29,,False,,props_only,,,,,42.0,CHI,42.0,54.0,17.0,,,,,,,0.0,0.0,0.0,,,,,,0.0,0.0,,,,55.9,49.52,,,2.91,12.882352941176471,0.0,31.0,22.0,219.0,2.0,0.0,6.0,,,,,27.4,19.4,193.2,1.8,,,,,,,,,,,,,,,,,,,,CHI
Elijah Higgins,TE,ARI,elijah higgins,,,39.96,projection_propadj,17.0,"Mike Clay / ESPN, 17-game",2026-08-13,"Clay's guidance: minus 3 games (RB) / 2 games (QB,WR,TE)",0.10572728545080895,0.03524242848360298,0.0,,,,,,,,,,,,,,,,,20.0,3.0,5.0,,,,,,,,,,,,,,False,,props_only,,,,,43.0,ARZ,46.0,43.0,17.0,,,,,,,0.0,0.0,0.0,,,,,,0.0,0.0,,,,45.2,39.96,,,2.35,10.705882352941176,0.0,29.0,21.0,182.0,1.0,0.0,5.0,,,,,25.6,18.5,160.6,0.9,,,,,,,,,,,,,,,,,,,,
Austin Hooper,TE,ATL,austin hooper,,,39.87,projection_propadj,17.0,"Mike Clay / ESPN, 17-game",2026-08-13,"Clay's guidance: minus 3 games (RB) / 2 games (QB,WR,TE)",0.1038280874042902,0.03460936246809673,0.0,,,,,,,,,,,,,,,,,11.0,2.0,-8.0,,,,,,,,,,,,,,False,,props_only,,,,,44.0,ATL,45.0,43.0,17.0,,,,,,,0.0,0.0,0.0,,,,,,0.0,0.0,,,,45.1,39.87,,,2.35,10.647058823529411,0.0,27.0,21.0,181.0,1.0,0.0,5.0,,,,,23.8,18.5,159.7,0.9,,,,,,,,,,,,,,,,,,,,
Noah Fant,TE,NO,noah fant,,,39.78,projection_propadj,17.0,"Mike Clay / ESPN, 17-game",2026-08-13,"Clay's guidance: minus 3 games (RB) / 2 games (QB,WR,TE)",0.10194957131845461,0.03398319043948487,0.0,,,,,,,,,,,,,,,,,15.0,2.0,-1.0,,,,,NFFC,244.6,299.0,356.0,359.0,3.0,False,2026-08-29,,False,,props_only,,,,,45.0,NO,43.0,45.0,17.0,,,,,,,0.0,0.0,0.0,,,,,,0.0,0.0,,,,45.0,39.78,,,2.34,10.588235294117647,0.0,27.0,21.0,180.0,1.0,0.0,5.0,,,,,23.8,18.5,158.8,0.9,,,,,,,,,,,,,,,,,,,,NO
Tommy Tremble,TE,CAR,tommy tremble,,,36.83,projection_propadj,17.0,"Mike Clay / ESPN, 17-game",2026-08-13,"Clay's guidance: minus 3 games (RB) / 2 games (QB,WR,TE)",0.09464133389194977,0.03154711129731659,0.0,,,,,,,,,,,,,,,,,23.0,3.0,9.0,,,,,NFFC,241.65,231.0,304.0,304.0,1.0,False,2026-08-29,,False,,props_only,,,,,46.0,CAR,44.0,44.0,17.0,,,,,,,0.0,0.0,0.0,,,,,,0.0,0.0,,,,41.6,36.83,,,2.17,10.352941176470589,0.0,26.0,18.0,176.0,1.0,0.0,5.0,,,,,22.9,15.9,155.3,0.9,,,,,,,,,,,,,,,,,,,,CAR
Will Kacmarek,TE,MIA,will kacmarek,,,36.74,projection_propadj,17.0,"Mike Clay / ESPN, 17-game",2026-08-13,"Clay's guidance: minus 3 games (RB) / 2 games (QB,WR,TE)",0.09286547372905593,0.03095515790968531,0.0,,,,,,,,,,,,,,,,,28.0,4.0,-4.0,,,,,,,,,,,,,,False,,props_only,,,,,47.0,MIA,48.0,40.0,17.0,,,,,,,0.0,0.0,0.0,,,,,,0.0,0.0,,,,41.5,36.74,,,2.16,10.294117647058824,0.0,25.0,18.0,175.0,1.0,0.0,5.0,,,,,22.1,15.9,154.4,0.9,,,,,,,,,,,,,,,,,,,,
Erick All,TE,CIN,erick all,,,34.08,projection_propadj,17.0,"Mike Clay / ESPN, 17-game",2026-08-13,"Clay's guidance: minus 3 games (RB) / 2 games (QB,WR,TE)",0.061546160142295483,0.020515386714098496,0.0,,,,,,,,,,,,,,,,,27.0,4.0,-9.0,,,,,NFFC,250.13,333.0,324.0,358.0,9.0,False,2026-08-29,,False,,props_only,,,,,48.0,CIN,47.0,40.0,17.0,,,,,,,0.0,0.0,0.0,,,,,,0.0,0.0,,,,38.5,34.08,,,2.0,9.117647058823529,0.0,23.0,17.0,155.0,1.0,0.0,4.0,,,,,20.3,15.0,136.8,0.9,,,,,,,,,,,,,,,,,,,,CIN
Josh Oliver,TE,MIN,josh oliver,,,33.72,projection_propadj,17.0,"Mike Clay / ESPN, 17-game",2026-08-13,"Clay's guidance: minus 3 games (RB) / 2 games (QB,WR,TE)",0.05621491977285549,0.01873830659095183,0.0,,,,,,,,,,,,,,,,,12.0,2.0,-5.0,,,,,,,,,,,,,,False,,props_only,,,,,49.0,MIN,50.0,38.0,17.0,,,,,,,0.0,0.0,0.0,,,,,,0.0,0.0,,,,38.1,33.72,,,1.98,8.882352941176471,0.0,22.0,17.0,151.0,1.0,0.0,4.0,,,,,19.4,15.0,133.2,0.9,,,,,,,,,,,,,,,,,,,,
Drew Sample,TE,CIN,drew sample,,,33.28,projection_propadj,17.0,"Mike Clay / ESPN, 17-game",2026-08-13,"Clay's guidance: minus 3 games (RB) / 2 games (QB,WR,TE)",0.049971413073815196,0.016657137691271733,0.0,,,,,,,,,,,,,,,,,27.0,4.0,-9.0,,,,,,,,,,,,,,False,,props_only,,,,,50.0,CIN,49.0,39.0,17.0,,,,,,,0.0,0.0,0.0,,,,,,0.0,0.0,,,,37.6,33.28,,,1.96,8.588235294117647,0.0,23.0,17.0,146.0,1.0,0.0,4.0,,,,,20.3,15.0,128.8,0.9,,,,,,,,,,,,,,,,,,,,
Eli Raridon,TE,NE,eli raridon,,,32.82,projection_propadj,17.0,"Mike Clay / ESPN, 17-game",2026-08-13,"Clay's guidance: minus 3 games (RB) / 2 games (QB,WR,TE)",0.05621491977285549,0.01873830659095183,0.0,,,,,,,,,,,,,,,,,13.0,2.0,-4.0,,,,,NFFC,255.62,368.0,69.0,351.0,21.0,True,2026-08-29,,False,,props_only,,,,,51.0,NE,52.0,37.0,17.0,,,,,,,0.0,0.0,0.0,,,,,,0.0,0.0,,,,37.1,32.82,,,1.93,8.882352941176471,0.0,21.0,16.0,151.0,1.0,0.0,4.0,,,,,18.5,14.1,133.2,0.9,,,,,,,,,,,,,,,,,,,,NE
Tyler Higbee,TE,LAR,tyler higbee,,,32.19,projection_propadj,17.0,"Mike Clay / ESPN, 17-game",2026-08-13,"Clay's guidance: minus 3 games (RB) / 2 games (QB,WR,TE)",0.06018498160968972,0.02006166053656324,0.0,,,,,,,,,,,,,,,,,8.0,1.0,6.0,,,,,NFFC,252.59,349.0,314.0,360.0,11.0,False,2026-08-29,,False,,props_only,,,,,52.0,LAR,51.0,38.0,17.0,,,,,,,0.0,0.0,0.0,,,,,,0.0,0.0,,,,36.4,32.19,,,1.89,9.058823529411764,0.0,22.0,15.0,154.0,1.0,0.0,4.0,,,,,19.4,13.2,135.9,0.9,,,,,,,,,,,,,,,,,,,,LAR
Charlie Kolar,TE,LAC,charlie kolar,Iowa State,True,31.66,projection_propadj,17.0,"Mike Clay / ESPN, 17-game",2026-08-13,"Clay's guidance: minus 3 games (RB) / 2 games (QB,WR,TE)",0.052413338262968075,0.01747111275432269,0.0,,,,,,,,,,,,,,,,,6.0,1.0,2.0,,,,,NFFC,251.85,343.0,199.0,355.0,16.0,True,2026-08-29,,False,,props_only,,,,,53.0,LAC,53.0,36.0,17.0,,,,,,,0.0,0.0,0.0,,,,,,0.0,0.0,,,,35.8,31.66,,,1.86,8.705882352941176,0.0,21.0,15.0,148.0,1.0,0.0,4.0,,,,,18.5,13.2,130.6,0.9,,,,,,,,,,,,,,,,,,,,LAC
Cade Stover,TE,HOU,cade stover,Ohio State,True,31.3,projection_propadj,17.0,"Mike Clay / ESPN, 17-game",2026-08-13,"Clay's guidance: minus 3 games (RB) / 2 games (QB,WR,TE)",0.04760263071302902,0.01586754357100967,0.0,,,,,,,,,,,,,,,,,29.0,4.0,-2.0,,,,,,,,,,,,,,False,,props_only,,,,,54.0,HST,54.0,35.0,17.0,,,,,,,4.0,10.0,0.0,,,,,,8.8,0.0,,,,35.4,31.3,,,1.84,8.470588235294118,0.0,22.0,15.0,134.0,1.0,1.0,4.0,,,,,19.4,13.2,118.2,0.9,,,,,,,,,,,,,,,,,,,,
John Bates,TE,WAS,john bates,,,29.8,projection_propadj,17.0,"Mike Clay / ESPN, 17-game",2026-08-13,"Clay's guidance: minus 3 games (RB) / 2 games (QB,WR,TE)",0.03884394378333407,0.012947981261111356,0.0,,,,,,,,,,,,,,,,,32.0,4.0,3.0,,,,,,,,,,,,,,False,,props_only,,,,,55.0,WAS,55.0,35.0,17.0,,,,,,,0.0,0.0,0.0,,,,,,0.0,0.0,,,,33.6,29.8,,,1.75,8.0,0.0,21.0,14.0,136.0,1.0,0.0,4.0,,,,,18.5,12.4,120.0,0.9,,,,,,,,,,,,,,,,,,,,
Jake Tonges,TE,SF,jake tonges,,,28.81,projection_propadj,17.0,"Mike Clay / ESPN, 17-game",2026-08-13,"Clay's guidance: minus 3 games (RB) / 2 games (QB,WR,TE)",0.03782808918863374,0.012609363062877913,0.0,,,,,,,,,,,,,,,,,7.0,1.0,5.0,,,,,NFFC,239.67,224.0,197.0,311.0,55.0,True,2026-08-29,,False,,props_only,,,,,56.0,SF,56.0,33.0,17.0,,,,,,,0.0,0.0,0.0,,,,,,0.0,0.0,,,,32.5,28.81,,,1.69,7.9411764705882355,0.0,18.0,13.0,135.0,1.0,0.0,4.0,,,,,15.9,11.5,119.1,0.9,,,,,,,,,,,,,,,,,,,,SF
Tanner Hudson,TE,CIN,tanner hudson,,,26.61,projection_propadj,17.0,"Mike Clay / ESPN, 17-game",2026-08-13,"Clay's guidance: minus 3 games (RB) / 2 games (QB,WR,TE)",0.017728236771007565,0.005909412257002522,0.0,,,,,,,,,,,,,,,,,27.0,4.0,-9.0,,,,,,,,,,,,,,False,,props_only,,,,,57.0,CIN,57.0,29.0,17.0,,,,,,,0.0,0.0,0.0,,,,,,0.0,0.0,,,,30.0,26.61,,,1.57,6.470588235294118,0.0,17.0,13.0,110.0,1.0,0.0,3.0,,,,,15.0,11.5,97.1,0.9,,,,,,,,,,,,,,,,,,,,
Eli Stowers,TE,PHI,eli stowers,,,26.3,projection_propadj,17.0,"Mike Clay / ESPN, 17-game",2026-08-13,"Clay's guidance: minus 3 games (RB) / 2 games (QB,WR,TE)",0.03031174862834111,0.010103916209447037,0.0,0.0,28.0,0.2593,3.0,,NONE - TE analysis has no archetype row and no hit-rate table,Minimal Concerns,,,,,,NO base rates available for TE - the analyst supplied no archetype back-test for this position,N,gold,4.0,2.0,1.0,-3.0,,,,,NFFC,257.31,373.0,242.0,352.0,22.0,True,2026-08-29,,False,,both,,,,,58.0,PHI,58.0,29.0,17.0,,,,,,,5.0,20.0,0.0,,,,,,17.6,0.0,,,,29.7,26.3,,,1.55,7.470588235294118,0.0,15.0,11.0,107.0,1.0,1.0,3.0,,,,,13.2,9.7,94.4,0.9,,,,,,,,TE_PLAYER_PRIORS_2026,2026.0,31.0,Eli Stowers,Eli Stowers,,"factor_score is an ordinal composite of colour-coded judgments, NOT fantasy points; not comparable across positions. tier_color is the analyst colour tier from the scoring table, no printed legend.",,,,,,PHI
Adam Trautman,TE,DEN,adam trautman,,,25.97,projection_propadj,17.0,"Mike Clay / ESPN, 17-game",2026-08-13,"Clay's guidance: minus 3 games (RB) / 2 games (QB,WR,TE)",0.019633206136863673,0.006544402045621224,0.0,,,,,,,,,,,,,,,,,1.0,1.0,0.0,,,,,,,,,,,,,,False,,props_only,,,,,59.0,DEN,59.0,29.0,17.0,,,,,,,0.0,0.0,0.0,,,,,,0.0,0.0,,,,29.3,25.97,,,1.53,6.647058823529412,0.0,17.0,12.0,113.0,1.0,0.0,3.0,,,,,15.0,10.6,99.7,0.9,,,,,,,,,,,,,,,,,,,,
Mo Alie-Cox,TE,IND,mo alie cox,,,24.89,projection_propadj,17.0,"Mike Clay / ESPN, 17-game",2026-08-13,"Clay's guidance: minus 3 games (RB) / 2 games (QB,WR,TE)",0.01834890733183345,0.006116302443944483,0.0,,,,,,,,,,,,,,,,,9.0,2.0,-13.0,,,,,,,,,,,,,,False,,props_only,,,,,60.0,IND,62.0,27.0,17.0,,,,,,,0.0,0.0,0.0,,,,,,0.0,0.0,,,,28.1,24.89,,,1.46,6.529411764705882,0.0,16.0,11.0,111.0,1.0,0.0,3.0,,,,,14.1,9.7,97.9,0.9,,,,,,,,,,,,,,,,,,,,
Luke Schoonmaker,TE,DAL,luke schoonmaker,,,24.81,projection_propadj,17.0,"Mike Clay / ESPN, 17-game",2026-08-13,"Clay's guidance: minus 3 games (RB) / 2 games (QB,WR,TE)",0.017728236771007565,0.005909412257002522,0.0,,,,,,,,,,,,,,,,,16.0,2.0,0.0,,,,,,,,,,,,,,False,,props_only,,,,,61.0,DAL,60.0,28.0,17.0,,,,,,,0.0,0.0,0.0,,,,,,0.0,0.0,,,,28.0,24.81,,,1.46,6.470588235294118,0.0,17.0,11.0,110.0,1.0,0.0,3.0,,,,,15.0,9.7,97.1,0.9,,,,,,,,,,,,,,,,,,,,
Jackson Hawes,TE,BUF,jackson hawes,,,24.81,projection_propadj,17.0,"Mike Clay / ESPN, 17-game",2026-08-13,"Clay's guidance: minus 3 games (RB) / 2 games (QB,WR,TE)",0.017728236771007565,0.005909412257002522,0.0,,,,,,,,,,,,,,,,,5.0,1.0,1.0,,,,,,,,,,,,,,False,,props_only,,,,,62.0,BUF,61.0,27.0,17.0,,,,,,,0.0,0.0,0.0,,,,,,0.0,0.0,,,,28.0,24.81,,,1.46,6.470588235294118,0.0,15.0,11.0,110.0,1.0,0.0,3.0,,,,,13.2,9.7,97.1,0.9,,,,,,,,,,,,,,,,,,,,
Ja'Tavion Sanders,TE,CAR,jatavion sanders,,,24.65,projection_propadj,17.0,"Mike Clay / ESPN, 17-game",2026-08-13,"Clay's guidance: minus 3 games (RB) / 2 games (QB,WR,TE)",0.011341083461686796,0.003780361153895599,0.0,,,,,,,,,,,,,,,,,23.0,3.0,9.0,,,,,NFFC,245.38,307.0,329.0,356.0,4.0,False,2026-08-29,,False,,props_only,,,,,63.0,CAR,65.0,25.0,17.0,,,,,,,0.0,0.0,0.0,,,,,,0.0,0.0,,,,27.8,24.65,,,1.45,5.764705882352941,0.0,16.0,12.0,98.0,1.0,0.0,3.0,,,,,14.1,10.6,86.5,0.9,,,,,,,,,,,,,,,,,,,,CAR
Ben Sinnott,TE,WAS,ben sinnott,,,24.54,projection_propadj,17.0,"Mike Clay / ESPN, 17-game",2026-08-13,"Clay's guidance: minus 3 games (RB) / 2 games (QB,WR,TE)",0.015950454327436553,0.005316818109145518,0.0,,,,,,,,,,,,,,,,,32.0,4.0,3.0,,,,,NFFC,242.81,264.0,322.0,336.0,2.0,False,2026-08-29,,False,,props_only,,,,,64.0,WAS,63.0,27.0,17.0,,,,,,,0.0,0.0,0.0,,,,,,0.0,0.0,,,,27.7,24.54,,,1.44,6.294117647058823,0.0,15.0,11.0,107.0,1.0,0.0,3.0,,,,,13.2,9.7,94.4,0.9,,,,,,,,,,,,,,,,,,,,WAS
Jeremy Ruckert,TE,NYJ,jeremy ruckert,Ohio State,True,24.47,projection_propadj,17.0,"Mike Clay / ESPN, 17-game",2026-08-13,"Clay's guidance: minus 3 games (RB) / 2 games (QB,WR,TE)",0.010456519542124643,0.003485506514041548,0.0,,,,,,,,,,,,,,,,,19.0,3.0,4.0,,,,,,,,,,,,,,False,,props_only,,,,,65.0,NYJ,66.0,25.0,17.0,,,,,,,0.0,0.0,0.0,,,,,,0.0,0.0,,,,27.6,24.47,,,1.44,5.647058823529412,0.0,16.0,12.0,96.0,1.0,0.0,3.0,,,,,14.1,10.6,84.7,0.9,,,,,,,,,,,,,,,,,,,,
Luke Musgrave,TE,GB,luke musgrave,,,24.1,projection_propadj,17.0,"Mike Clay / ESPN, 17-game",2026-08-13,"Clay's guidance: minus 3 games (RB) / 2 games (QB,WR,TE)",0.013259588871970407,0.004419862957323469,0.0,,,,,,,,,,,,,,,,,25.0,4.0,11.0,,,,,NFFC,243.13,268.0,337.0,352.0,2.0,False,2026-08-29,,False,,props_only,,,,,66.0,GB,67.0,24.0,17.0,,,,,,,0.0,0.0,0.0,,,,,,0.0,0.0,,,,27.2,24.1,,,1.42,6.0,0.0,16.0,11.0,102.0,1.0,0.0,3.0,,,,,14.1,9.7,90.0,0.9,,,,,,,,,,,,,,,,,,,,GB
Durham Smythe,TE,BAL,durham smythe,,,22.49,projection_propadj,17.0,"Mike Clay / ESPN, 17-game",2026-08-13,"Clay's guidance: minus 3 games (RB) / 2 games (QB,WR,TE)",0.009620068275388005,0.003206689425129335,0.0,,,,,,,,,,,,,,,,,22.0,3.0,7.0,,,,,,,,,,,,,,False,,props_only,,,,,67.0,BLT,68.0,24.0,17.0,,,,,,,0.0,0.0,0.0,,,,,,0.0,0.0,,,,25.4,22.49,,,1.32,5.529411764705882,0.0,14.0,10.0,94.0,1.0,0.0,3.0,,,,,12.4,8.8,82.9,0.9,,,,,,,,,,,,,,,,,,,,
Daniel Bellinger,TE,TEN,daniel bellinger,,,21.38,projection_propadj,17.0,"Mike Clay / ESPN, 17-game",2026-08-13,"Clay's guidance: minus 3 games (RB) / 2 games (QB,WR,TE)",0.01898385086601235,0.006327950288670783,0.0,,,,,,,,,,,,,,,,,30.0,4.0,0.0,,,,,NFFC,243.2,270.0,338.0,357.0,2.0,False,2026-08-29,,False,,props_only,,,,,68.0,TEN,64.0,27.0,17.0,,,,,,,0.0,0.0,0.0,,,,,,0.0,0.0,,,,24.2,21.38,,,1.26,6.588235294117647,0.0,17.0,13.0,112.0,0.0,0.0,3.0,,,,,15.0,11.5,98.8,0.0,,,,,,,,,,,,,,,,,,,,TEN
Foster Moreau,TE,HOU,foster moreau,,,19.47,projection_propadj,17.0,"Mike Clay / ESPN, 17-game",2026-08-13,"Clay's guidance: minus 3 games (RB) / 2 games (QB,WR,TE)",0.004747693243887913,0.0015825644146293045,0.0,,,,,,,,,,,,,,,,,29.0,4.0,-2.0,,,,,,,,,,,,,,False,,props_only,,,,,69.0,HST,70.0,19.0,17.0,,,,,,,0.0,0.0,0.0,,,,,,0.0,0.0,,,,21.9,19.47,,,1.15,4.647058823529412,0.0,11.0,8.0,79.0,1.0,0.0,2.0,,,,,9.7,7.1,69.7,0.9,,,,,,,,,,,,,,,,,,,,
Davis Allen,TE,LAR,davis allen,,,19.03,projection_propadj,17.0,"Mike Clay / ESPN, 17-game",2026-08-13,"Clay's guidance: minus 3 games (RB) / 2 games (QB,WR,TE)",0.003610547937058785,0.001203515979019595,0.0,,,,,,,,,,,,,,,,,8.0,1.0,6.0,,,,,,,,,,,,,,False,,props_only,,,,,70.0,LAR,69.0,20.0,17.0,,,,,,,0.0,0.0,0.0,,,,,,0.0,0.0,,,,21.4,19.03,,,1.12,4.352941176470588,0.0,11.0,8.0,74.0,1.0,0.0,2.0,,,,,9.7,7.1,65.3,0.9,,,,,,,,,,,,,,,,,,,,
Nate Boerkircher,TE,JAX,nate boerkircher,,,18.94,projection_propadj,17.0,"Mike Clay / ESPN, 17-game",2026-08-13,"Clay's guidance: minus 3 games (RB) / 2 games (QB,WR,TE)",0.0034086597003135104,0.0011362199001045035,0.0,,,,,,,,,,,,,,,,,26.0,4.0,13.0,,,,,,,,,,,,,,False,,props_only,,,,,71.0,JAX,73.0,18.0,17.0,,,,,,,0.0,0.0,0.0,,,,,,0.0,0.0,,,,21.3,18.94,,,1.11,4.294117647058823,0.0,11.0,8.0,73.0,1.0,0.0,2.0,,,,,9.7,7.1,64.4,0.9,,,,,,,,,,,,,,,,,,,,
Brock Wright,TE,DET,brock wright,,,18.85,projection_propadj,17.0,"Mike Clay / ESPN, 17-game",2026-08-13,"Clay's guidance: minus 3 games (RB) / 2 games (QB,WR,TE)",0.0032148681067574484,0.0010716227022524829,0.0,,,,,,,,,,,,,,,,,18.0,3.0,2.0,,,,,,,,,,,,,,False,,props_only,,,,,72.0,DET,72.0,19.0,17.0,,,,,,,0.0,0.0,0.0,,,,,,0.0,0.0,,,,21.2,18.85,,,1.11,4.235294117647059,0.0,11.0,8.0,72.0,1.0,0.0,2.0,,,,,9.7,7.1,63.5,0.9,,,,,,,,,,,,,,,,,,,,
Nate Adkins,TE,DEN,nate adkins,,,18.59,projection_propadj,17.0,"Mike Clay / ESPN, 17-game",2026-08-13,"Clay's guidance: minus 3 games (RB) / 2 games (QB,WR,TE)",0.0026802762666106265,0.0008934254222035422,0.0,,,,,,,,,,,,,,,,,1.0,1.0,0.0,,,,,,,,,,,,,,False,,props_only,,,,,73.0,DEN,71.0,19.0,17.0,,,,,,,0.0,0.0,0.0,,,,,,0.0,0.0,,,,20.9,18.59,,,1.09,4.0588235294117645,0.0,11.0,8.0,69.0,1.0,0.0,2.0,,,,,9.7,7.1,60.9,0.9,,,,,,,,,,,,,,,,,,,,
Payne Durham,TE,TB,payne durham,,,17.86,projection_propadj,17.0,"Mike Clay / ESPN, 17-game",2026-08-13,"Clay's guidance: minus 3 games (RB) / 2 games (QB,WR,TE)",0.0030289936165515986,0.001009664538850533,0.0,,,,,,,,,,,,,,,,,3.0,1.0,-2.0,,,,,,,,,,,,,,False,,props_only,,,,,74.0,TB,74.0,18.0,17.0,,,,,,,0.0,0.0,0.0,,,,,,0.0,0.0,,,,20.1,17.86,,,1.05,4.176470588235294,0.0,11.0,7.0,71.0,1.0,0.0,2.0,,,,,9.7,6.2,62.6,0.9,,,,,,,,,,,,,,,,,,,,
Joe Royer,TE,CLE,joe royer,,,13.01,projection_propadj,17.0,"Mike Clay / ESPN, 17-game",2026-08-13,"Clay's guidance: minus 3 games (RB) / 2 games (QB,WR,TE)",0.0023610661300061024,0.0007870220433353675,0.0,,,,,,,,,,,,,,,,,31.0,4.0,2.0,,,,,,,,,,,,,,False,,props_only,,,,,75.0,CLV,75.0,16.0,17.0,,,,,,,0.0,0.0,0.0,,,,,,0.0,0.0,,,,14.7,13.01,,,0.77,3.9411764705882355,0.0,10.0,8.0,67.0,0.0,0.0,2.0,,,,,8.8,7.1,59.1,0.0,,,,,,,,,,,,,,,,,,,,
Ben Sims,TE,MIA,ben sims,,,11.94,projection_propadj,17.0,"Mike Clay / ESPN, 17-game",2026-08-13,"Clay's guidance: minus 3 games (RB) / 2 games (QB,WR,TE)",0.002069919717269203,0.0006899732390897343,0.0,,,,,,,,,,,,,,,,,28.0,4.0,-4.0,,,,,,,,,,,,,,False,,props_only,,,,,76.0,MIA,76.0,15.0,17.0,,,,,,,0.0,0.0,0.0,,,,,,0.0,0.0,,,,13.5,11.94,,,0.7,3.823529411764706,0.0,10.0,7.0,65.0,0.0,0.0,2.0,,,,,8.8,6.2,57.4,0.0,,,,,,,,,,,,,,,,,,,,
Luke Farrell,TE,SF,luke farrell,,,7.12,projection_propadj,17.0,"Mike Clay / ESPN, 17-game",2026-08-13,"Clay's guidance: minus 3 games (RB) / 2 games (QB,WR,TE)",0.00024826048760792033,8.275349586930677e-05,0.0,,,,,,,,,,,,,,,,,7.0,1.0,5.0,,,,,,,,,,,,,,False,,props_only,,,,,77.0,SF,77.0,10.0,17.0,,,,,,,0.0,0.0,0.0,,,,,,0.0,0.0,,,,8.1,7.12,,,0.42,2.411764705882353,0.0,6.0,4.0,41.0,0.0,0.0,1.0,,,,,5.3,3.5,36.2,0.0,,,,,,,,,,,,,,,,,,,,
Max Klare,TE,LAR,max klare,,,6.85,projection_propadj,17.0,"Mike Clay / ESPN, 17-game",2026-08-13,"Clay's guidance: minus 3 games (RB) / 2 games (QB,WR,TE)",0.0001712513379471114,5.70837793157038e-05,0.0,,,,,,,,,,,,,,,,,8.0,1.0,6.0,,,,,NFFC,244.28,291.0,343.0,354.0,3.0,False,2026-08-29,,False,,props_only,,,,,78.0,LAR,78.0,10.0,17.0,,,,,,,0.0,0.0,0.0,,,,,,0.0,0.0,,,,7.8,6.85,,,0.4,2.235294117647059,0.0,6.0,4.0,38.0,0.0,0.0,1.0,,,,,5.3,3.5,33.5,0.0,,,,,,,,,,,,,,,,,,,,LAR
Justin Joly,TE,DEN,justin joly,,,6.85,projection_propadj,17.0,"Mike Clay / ESPN, 17-game",2026-08-13,"Clay's guidance: minus 3 games (RB) / 2 games (QB,WR,TE)",0.0001712513379471114,5.70837793157038e-05,0.0,,,,,,,,,,,,,,,,,1.0,1.0,0.0,,,,,NFFC,243.21,272.0,236.0,358.0,3.0,False,2026-08-29,,False,,props_only,,,,,79.0,DEN,79.0,10.0,17.0,,,,,,,0.0,0.0,0.0,,,,,,0.0,0.0,,,,7.8,6.85,,,0.4,2.235294117647059,0.0,6.0,4.0,38.0,0.0,0.0,1.0,,,,,5.3,3.5,33.5,0.0,,,,,,,,,,,,,,,,,,,,DEN
Brevyn Spann-Ford,TE,DAL,brevyn spann ford,,,6.76,projection_propadj,17.0,"Mike Clay / ESPN, 17-game",2026-08-13,"Clay's guidance: minus 3 games (RB) / 2 games (QB,WR,TE)",0.00015010672427129962,5.003557475709987e-05,0.0,,,,,,,,,,,,,,,,,16.0,2.0,0.0,,,,,,,,,,,,,,False,,props_only,,,,,80.0,DAL,80.0,9.0,17.0,,,,,,,0.0,0.0,0.0,,,,,,0.0,0.0,,,,7.7,6.76,,,0.4,2.176470588235294,0.0,6.0,4.0,37.0,0.0,0.0,1.0,,,,,5.3,3.5,32.6,0.0,,,,,,,,,,,,,,,,,,,,
Brandon Aubrey,K,DAL,brandon aubrey,,,,,,,,,,,,,,,,,,,,,,,,,,,,,,,Sleeper,93.0,93.0,2026-08-29,,,,,,,,,,,,,,,,,,,,,,,,,,,,,,,,,,,,,,,,,,,,,,,,,,,,,,,,,,,,,,,,,,,,,,,,,,,,,,,,,
Cameron Dicker,K,LAC,cameron dicker,,,,,,,,,,,,,,,,,,,,,,,,,,,,,,,Sleeper,118.0,118.0,2026-08-29,,,,,,,,,,,,,,,,,,,,,,,,,,,,,,,,,,,,,,,,,,,,,,,,,,,,,,,,,,,,,,,,,,,,,,,,,,,,,,,,,
Jason Myers,K,SEA,jason myers,,,,,,,,,,,,,,,,,,,,,,,,,,,,,,,Sleeper,125.0,125.0,2026-08-29,,,,,,,,,,,,,,,,,,,,,,,,,,,,,,,,,,,,,,,,,,,,,,,,,,,,,,,,,,,,,,,,,,,,,,,,,,,,,,,,,
Ka'imi Fairbairn,K,HOU,kaimi fairbairn,,,,,,,,,,,,,,,,,,,,,,,,,,,,,,,Sleeper,130.0,129.0,2026-08-29,,,,,,,,,,,,,,,,,,,,,,,,,,,,,,,,,,,,,,,,,,,,,,,,,,,,,,,,,,,,,,,,,,,,,,,,,,,,,,,,,
Cam Little,K,JAX,cam little,,,,,,,,,,,,,,,,,,,,,,,,,,,,,,,Sleeper,134.0,133.0,2026-08-29,,,,,,,,,,,,,,,,,,,,,,,,,,,,,,,,,,,,,,,,,,,,,,,,,,,,,,,,,,,,,,,,,,,,,,,,,,,,,,,,,
Jake Bates,K,DET,jake bates,,,,,,,,,,,,,,,,,,,,,,,,,,,,,,,Sleeper,141.0,140.0,2026-08-29,,,,,,,,,,,,,,,,,,,,,,,,,,,,,,,,,,,,,,,,,,,,,,,,,,,,,,,,,,,,,,,,,,,,,,,,,,,,,,,,,
Harrison Mevis,K,LAR,harrison mevis,,,,,,,,,,,,,,,,,,,,,,,,,,,,,,,Sleeper,150.0,149.0,2026-08-29,,,,,,,,,,,,,,,,,,,,,,,,,,,,,,,,,,,,,,,,,,,,,,,,,,,,,,,,,,,,,,,,,,,,,,,,,,,,,,,,,
Andres Borregales,K,NE,andres borregales,,,,,,,,,,,,,,,,,,,,,,,,,,,,,,,Sleeper,156.0,155.0,2026-08-29,,,,,,,,,,,,,,,,,,,,,,,,,,,,,,,,,,,,,,,,,,,,,,,,,,,,,,,,,,,,,,,,,,,,,,,,,,,,,,,,,
Chris Boswell,K,PIT,chris boswell,,,,,,,,,,,,,,,,,,,,,,,,,,,,,,,Sleeper,158.0,157.0,2026-08-29,,,,,,,,,,,,,,,,,,,,,,,,,,,,,,,,,,,,,,,,,,,,,,,,,,,,,,,,,,,,,,,,,,,,,,,,,,,,,,,,,
Will Reichard,K,MIN,will reichard,,,,,,,,,,,,,,,,,,,,,,,,,,,,,,,Sleeper,170.0,169.0,2026-08-29,,,,,,,,,,,,,,,,,,,,,,,,,,,,,,,,,,,,,,,,,,,,,,,,,,,,,,,,,,,,,,,,,,,,,,,,,,,,,,,,,
Harrison Butker,K,KC,harrison butker,,,,,,,,,,,,,,,,,,,,,,,,,,,,,,,Sleeper,173.0,171.0,2026-08-29,,,,,,,,,,,,,,,,,,,,,,,,,,,,,,,,,,,,,,,,,,,,,,,,,,,,,,,,,,,,,,,,,,,,,,,,,,,,,,,,,
Evan McPherson,K,CIN,evan mcpherson,,,,,,,,,,,,,,,,,,,,,,,,,,,,,,,Sleeper,180.0,177.0,2026-08-29,,,,,,,,,,,,,,,,,,,,,,,,,,,,,,,,,,,,,,,,,,,,,,,,,,,,,,,,,,,,,,,,,,,,,,,,,,,,,,,,,
Eddy Pineiro,K,SF,eddy pineiro,,,,,,,,,,,,,,,,,,,,,,,,,,,,,,,Sleeper,193.0,190.0,2026-08-29,,,,,,,,,,,,,,,,,,,,,,,,,,,,,,,,,,,,,,,,,,,,,,,,,,,,,,,,,,,,,,,,,,,,,,,,,,,,,,,,,
Tyler Loop,K,BAL,tyler loop,,,,,,,,,,,,,,,,,,,,,,,,,,,,,,,Sleeper,199.0,196.0,2026-08-29,,,,,,,,,,,,,,,,,,,,,,,,,,,,,,,,,,,,,,,,,,,,,,,,,,,,,,,,,,,,,,,,,,,,,,,,,,,,,,,,,
Trey Smack,K,GB,trey smack,,,,,,,,,,,,,,,,,,,,,,,,,,,,,,,Sleeper,212.0,208.0,2026-08-29,,,,,,,,,,,,,,,,,,,,,,,,,,,,,,,,,,,,,,,,,,,,,,,,,,,,,,,,,,,,,,,,,,,,,,,,,,,,,,,,,
Jake Elliott,K,PHI,jake elliott,,,,,,,,,,,,,,,,,,,,,,,,,,,,,,,Sleeper,217.0,213.0,2026-08-29,,,,,,,,,,,,,,,,,,,,,,,,,,,,,,,,,,,,,,,,,,,,,,,,,,,,,,,,,,,,,,,,,,,,,,,,,,,,,,,,,
Chase McLaughlin,K,TB,chase mclaughlin,,,,,,,,,,,,,,,,,,,,,,,,,,,,,,,Sleeper,226.0,221.0,2026-08-29,,,,,,,,,,,,,,,,,,,,,,,,,,,,,,,,,,,,,,,,,,,,,,,,,,,,,,,,,,,,,,,,,,,,,,,,,,,,,,,,,
Cairo Santos,K,CHI,cairo santos,,,,,,,,,,,,,,,,,,,,,,,,,,,,,,,Sleeper,257.0,243.0,2026-08-29,,,,,,,,,,,,,,,,,,,,,,,,,,,,,,,,,,,,,,,,,,,,,,,,,,,,,,,,,,,,,,,,,,,,,,,,,,,,,,,,,
