analysis_id,source,source_type,analyst,source_date,adp_basis,season,threshold_basis,position,adp_position_rank,player_name_source,player_name_normalized,nfl_team,factor,factor_group,factor_kind,league_average_reference,response,color,color_points,counts_toward_score,extraction_confidence,extraction_method
QB_FACTOR_GRID_2026,"Analyst colour-coded QB factor grid (screenshots, 7 images; QB9-16 supplied twice)",third_party_analyst_screenshot,UNKNOWN - owner to supply,UNKNOWN - owner to supply,"Underdog Fantasy ADP (best-ball), 2026",2026,"Elite QB benchmark, NOT a cohort average - grids are titled ""Based on Elite QBs""",QB,1,Josh Allen,Josh Allen,,Pass Attempts,volume,binary_vs_elite,576.50,Yes,yellow,3,Y,high,programmatic cell-fill sampling; validated vs published colour counts and cross-checked against a duplicate screenshot of QB9-16
QB_FACTOR_GRID_2026,"Analyst colour-coded QB factor grid (screenshots, 7 images; QB9-16 supplied twice)",third_party_analyst_screenshot,UNKNOWN - owner to supply,UNKNOWN - owner to supply,"Underdog Fantasy ADP (best-ball), 2026",2026,"Elite QB benchmark, NOT a cohort average - grids are titled ""Based on Elite QBs""",QB,1,Josh Allen,Josh Allen,,Passing TDs,volume,binary_vs_elite,44.63,Yes,green,5,Y,high,programmatic cell-fill sampling; validated vs published colour counts and cross-checked against a duplicate screenshot of QB9-16
QB_FACTOR_GRID_2026,"Analyst colour-coded QB factor grid (screenshots, 7 images; QB9-16 supplied twice)",third_party_analyst_screenshot,UNKNOWN - owner to supply,UNKNOWN - owner to supply,"Underdog Fantasy ADP (best-ball), 2026",2026,"Elite QB benchmark, NOT a cohort average - grids are titled ""Based on Elite QBs""",QB,1,Josh Allen,Josh Allen,,Rush Attempts,volume,binary_vs_elite,97.62,Yes,green,5,Y,high,programmatic cell-fill sampling; validated vs published colour counts and cross-checked against a duplicate screenshot of QB9-16
QB_FACTOR_GRID_2026,"Analyst colour-coded QB factor grid (screenshots, 7 images; QB9-16 supplied twice)",third_party_analyst_screenshot,UNKNOWN - owner to supply,UNKNOWN - owner to supply,"Underdog Fantasy ADP (best-ball), 2026",2026,"Elite QB benchmark, NOT a cohort average - grids are titled ""Based on Elite QBs""",QB,1,Josh Allen,Josh Allen,,Rushing TDs,volume,binary_vs_elite,0.32,Yes,green,5,Y,high,programmatic cell-fill sampling; validated vs published colour counts and cross-checked against a duplicate screenshot of QB9-16
QB_FACTOR_GRID_2026,"Analyst colour-coded QB factor grid (screenshots, 7 images; QB9-16 supplied twice)",third_party_analyst_screenshot,UNKNOWN - owner to supply,UNKNOWN - owner to supply,"Underdog Fantasy ADP (best-ball), 2026",2026,"Elite QB benchmark, NOT a cohort average - grids are titled ""Based on Elite QBs""",QB,1,Josh Allen,Josh Allen,,Offensive Rank in PPG,situational,binary_vs_elite,6.35,Yes,green,5,Y,high,programmatic cell-fill sampling; validated vs published colour counts and cross-checked against a duplicate screenshot of QB9-16
QB_FACTOR_GRID_2026,"Analyst colour-coded QB factor grid (screenshots, 7 images; QB9-16 supplied twice)",third_party_analyst_screenshot,UNKNOWN - owner to supply,UNKNOWN - owner to supply,"Underdog Fantasy ADP (best-ball), 2026",2026,"Elite QB benchmark, NOT a cohort average - grids are titled ""Based on Elite QBs""",QB,1,Josh Allen,Josh Allen,,Offensive Line Rank in Pass Blocking,situational,binary_vs_elite,11.54,Yes,green,5,Y,high,programmatic cell-fill sampling; validated vs published colour counts and cross-checked against a duplicate screenshot of QB9-16
QB_FACTOR_GRID_2026,"Analyst colour-coded QB factor grid (screenshots, 7 images; QB9-16 supplied twice)",third_party_analyst_screenshot,UNKNOWN - owner to supply,UNKNOWN - owner to supply,"Underdog Fantasy ADP (best-ball), 2026",2026,"Elite QB benchmark, NOT a cohort average - grids are titled ""Based on Elite QBs""",QB,1,Josh Allen,Josh Allen,,Deep Ball Attempts/Game,situational,binary_vs_elite,4.31,Yes,yellow,3,Y,high,programmatic cell-fill sampling; validated vs published colour counts and cross-checked against a duplicate screenshot of QB9-16
QB_FACTOR_GRID_2026,"Analyst colour-coded QB factor grid (screenshots, 7 images; QB9-16 supplied twice)",third_party_analyst_screenshot,UNKNOWN - owner to supply,UNKNOWN - owner to supply,"Underdog Fantasy ADP (best-ball), 2026",2026,"Elite QB benchmark, NOT a cohort average - grids are titled ""Based on Elite QBs""",QB,1,Josh Allen,Josh Allen,,Rank in QBR,situational,binary_vs_elite,6.90,Yes,green,5,Y,high,programmatic cell-fill sampling; validated vs published colour counts and cross-checked against a duplicate screenshot of QB9-16
QB_FACTOR_GRID_2026,"Analyst colour-coded QB factor grid (screenshots, 7 images; QB9-16 supplied twice)",third_party_analyst_screenshot,UNKNOWN - owner to supply,UNKNOWN - owner to supply,"Underdog Fantasy ADP (best-ball), 2026",2026,"Elite QB benchmark, NOT a cohort average - grids are titled ""Based on Elite QBs""",QB,1,Josh Allen,Josh Allen,,RedZone Combined Attempts,situational,binary_vs_elite,6.30,Yes,green,5,Y,high,programmatic cell-fill sampling; validated vs published colour counts and cross-checked against a duplicate screenshot of QB9-16
QB_FACTOR_GRID_2026,"Analyst colour-coded QB factor grid (screenshots, 7 images; QB9-16 supplied twice)",third_party_analyst_screenshot,UNKNOWN - owner to supply,UNKNOWN - owner to supply,"Underdog Fantasy ADP (best-ball), 2026",2026,"Elite QB benchmark, NOT a cohort average - grids are titled ""Based on Elite QBs""",QB,1,Josh Allen,Josh Allen,,Rank in Neutral Pace,situational,binary_vs_elite,12.86,No,red,-3,Y,high,programmatic cell-fill sampling; validated vs published colour counts and cross-checked against a duplicate screenshot of QB9-16
QB_FACTOR_GRID_2026,"Analyst colour-coded QB factor grid (screenshots, 7 images; QB9-16 supplied twice)",third_party_analyst_screenshot,UNKNOWN - owner to supply,UNKNOWN - owner to supply,"Underdog Fantasy ADP (best-ball), 2026",2026,"Elite QB benchmark, NOT a cohort average - grids are titled ""Based on Elite QBs""",QB,1,Josh Allen,Josh Allen,,Rank in Pass Offense DVOA,situational,binary_vs_elite,7.01,Yes,yellow,3,Y,high,programmatic cell-fill sampling; validated vs published colour counts and cross-checked against a duplicate screenshot of QB9-16
QB_FACTOR_GRID_2026,"Analyst colour-coded QB factor grid (screenshots, 7 images; QB9-16 supplied twice)",third_party_analyst_screenshot,UNKNOWN - owner to supply,UNKNOWN - owner to supply,"Underdog Fantasy ADP (best-ball), 2026",2026,"Elite QB benchmark, NOT a cohort average - grids are titled ""Based on Elite QBs""",QB,2,Lamar Jackson,Lamar Jackson,,Pass Attempts,volume,binary_vs_elite,576.50,?,orange,-1,Y,high,programmatic cell-fill sampling; validated vs published colour counts and cross-checked against a duplicate screenshot of QB9-16
QB_FACTOR_GRID_2026,"Analyst colour-coded QB factor grid (screenshots, 7 images; QB9-16 supplied twice)",third_party_analyst_screenshot,UNKNOWN - owner to supply,UNKNOWN - owner to supply,"Underdog Fantasy ADP (best-ball), 2026",2026,"Elite QB benchmark, NOT a cohort average - grids are titled ""Based on Elite QBs""",QB,2,Lamar Jackson,Lamar Jackson,,Passing TDs,volume,binary_vs_elite,44.63,Yes,yellow,3,Y,high,programmatic cell-fill sampling; validated vs published colour counts and cross-checked against a duplicate screenshot of QB9-16
QB_FACTOR_GRID_2026,"Analyst colour-coded QB factor grid (screenshots, 7 images; QB9-16 supplied twice)",third_party_analyst_screenshot,UNKNOWN - owner to supply,UNKNOWN - owner to supply,"Underdog Fantasy ADP (best-ball), 2026",2026,"Elite QB benchmark, NOT a cohort average - grids are titled ""Based on Elite QBs""",QB,2,Lamar Jackson,Lamar Jackson,,Rush Attempts,volume,binary_vs_elite,97.62,Yes,green,5,Y,high,programmatic cell-fill sampling; validated vs published colour counts and cross-checked against a duplicate screenshot of QB9-16
QB_FACTOR_GRID_2026,"Analyst colour-coded QB factor grid (screenshots, 7 images; QB9-16 supplied twice)",third_party_analyst_screenshot,UNKNOWN - owner to supply,UNKNOWN - owner to supply,"Underdog Fantasy ADP (best-ball), 2026",2026,"Elite QB benchmark, NOT a cohort average - grids are titled ""Based on Elite QBs""",QB,2,Lamar Jackson,Lamar Jackson,,Rushing TDs,volume,binary_vs_elite,0.32,Yes,yellow,3,Y,high,programmatic cell-fill sampling; validated vs published colour counts and cross-checked against a duplicate screenshot of QB9-16
QB_FACTOR_GRID_2026,"Analyst colour-coded QB factor grid (screenshots, 7 images; QB9-16 supplied twice)",third_party_analyst_screenshot,UNKNOWN - owner to supply,UNKNOWN - owner to supply,"Underdog Fantasy ADP (best-ball), 2026",2026,"Elite QB benchmark, NOT a cohort average - grids are titled ""Based on Elite QBs""",QB,2,Lamar Jackson,Lamar Jackson,,Offensive Rank in PPG,situational,binary_vs_elite,6.35,Yes,yellow,3,Y,high,programmatic cell-fill sampling; validated vs published colour counts and cross-checked against a duplicate screenshot of QB9-16
QB_FACTOR_GRID_2026,"Analyst colour-coded QB factor grid (screenshots, 7 images; QB9-16 supplied twice)",third_party_analyst_screenshot,UNKNOWN - owner to supply,UNKNOWN - owner to supply,"Underdog Fantasy ADP (best-ball), 2026",2026,"Elite QB benchmark, NOT a cohort average - grids are titled ""Based on Elite QBs""",QB,2,Lamar Jackson,Lamar Jackson,,Offensive Line Rank in Pass Blocking,situational,binary_vs_elite,11.54,Yes,yellow,3,Y,high,programmatic cell-fill sampling; validated vs published colour counts and cross-checked against a duplicate screenshot of QB9-16
QB_FACTOR_GRID_2026,"Analyst colour-coded QB factor grid (screenshots, 7 images; QB9-16 supplied twice)",third_party_analyst_screenshot,UNKNOWN - owner to supply,UNKNOWN - owner to supply,"Underdog Fantasy ADP (best-ball), 2026",2026,"Elite QB benchmark, NOT a cohort average - grids are titled ""Based on Elite QBs""",QB,2,Lamar Jackson,Lamar Jackson,,Deep Ball Attempts/Game,situational,binary_vs_elite,4.31,Yes,yellow,3,Y,high,programmatic cell-fill sampling; validated vs published colour counts and cross-checked against a duplicate screenshot of QB9-16
QB_FACTOR_GRID_2026,"Analyst colour-coded QB factor grid (screenshots, 7 images; QB9-16 supplied twice)",third_party_analyst_screenshot,UNKNOWN - owner to supply,UNKNOWN - owner to supply,"Underdog Fantasy ADP (best-ball), 2026",2026,"Elite QB benchmark, NOT a cohort average - grids are titled ""Based on Elite QBs""",QB,2,Lamar Jackson,Lamar Jackson,,Rank in QBR,situational,binary_vs_elite,6.90,Yes,yellow,3,Y,high,programmatic cell-fill sampling; validated vs published colour counts and cross-checked against a duplicate screenshot of QB9-16
QB_FACTOR_GRID_2026,"Analyst colour-coded QB factor grid (screenshots, 7 images; QB9-16 supplied twice)",third_party_analyst_screenshot,UNKNOWN - owner to supply,UNKNOWN - owner to supply,"Underdog Fantasy ADP (best-ball), 2026",2026,"Elite QB benchmark, NOT a cohort average - grids are titled ""Based on Elite QBs""",QB,2,Lamar Jackson,Lamar Jackson,,RedZone Combined Attempts,situational,binary_vs_elite,6.30,Yes,yellow,3,Y,high,programmatic cell-fill sampling; validated vs published colour counts and cross-checked against a duplicate screenshot of QB9-16
QB_FACTOR_GRID_2026,"Analyst colour-coded QB factor grid (screenshots, 7 images; QB9-16 supplied twice)",third_party_analyst_screenshot,UNKNOWN - owner to supply,UNKNOWN - owner to supply,"Underdog Fantasy ADP (best-ball), 2026",2026,"Elite QB benchmark, NOT a cohort average - grids are titled ""Based on Elite QBs""",QB,2,Lamar Jackson,Lamar Jackson,,Rank in Neutral Pace,situational,binary_vs_elite,12.86,?,orange,-1,Y,high,programmatic cell-fill sampling; validated vs published colour counts and cross-checked against a duplicate screenshot of QB9-16
QB_FACTOR_GRID_2026,"Analyst colour-coded QB factor grid (screenshots, 7 images; QB9-16 supplied twice)",third_party_analyst_screenshot,UNKNOWN - owner to supply,UNKNOWN - owner to supply,"Underdog Fantasy ADP (best-ball), 2026",2026,"Elite QB benchmark, NOT a cohort average - grids are titled ""Based on Elite QBs""",QB,2,Lamar Jackson,Lamar Jackson,,Rank in Pass Offense DVOA,situational,binary_vs_elite,7.01,Yes,yellow,3,Y,high,programmatic cell-fill sampling; validated vs published colour counts and cross-checked against a duplicate screenshot of QB9-16
QB_FACTOR_GRID_2026,"Analyst colour-coded QB factor grid (screenshots, 7 images; QB9-16 supplied twice)",third_party_analyst_screenshot,UNKNOWN - owner to supply,UNKNOWN - owner to supply,"Underdog Fantasy ADP (best-ball), 2026",2026,"Elite QB benchmark, NOT a cohort average - grids are titled ""Based on Elite QBs""",QB,3,Drake Maye,Drake Maye,,Pass Attempts,volume,binary_vs_elite,576.50,?,orange,-1,Y,high,programmatic cell-fill sampling; validated vs published colour counts and cross-checked against a duplicate screenshot of QB9-16
QB_FACTOR_GRID_2026,"Analyst colour-coded QB factor grid (screenshots, 7 images; QB9-16 supplied twice)",third_party_analyst_screenshot,UNKNOWN - owner to supply,UNKNOWN - owner to supply,"Underdog Fantasy ADP (best-ball), 2026",2026,"Elite QB benchmark, NOT a cohort average - grids are titled ""Based on Elite QBs""",QB,3,Drake Maye,Drake Maye,,Passing TDs,volume,binary_vs_elite,44.63,Yes,yellow,3,Y,high,programmatic cell-fill sampling; validated vs published colour counts and cross-checked against a duplicate screenshot of QB9-16
QB_FACTOR_GRID_2026,"Analyst colour-coded QB factor grid (screenshots, 7 images; QB9-16 supplied twice)",third_party_analyst_screenshot,UNKNOWN - owner to supply,UNKNOWN - owner to supply,"Underdog Fantasy ADP (best-ball), 2026",2026,"Elite QB benchmark, NOT a cohort average - grids are titled ""Based on Elite QBs""",QB,3,Drake Maye,Drake Maye,,Rush Attempts,volume,binary_vs_elite,97.62,Yes,yellow,3,Y,high,programmatic cell-fill sampling; validated vs published colour counts and cross-checked against a duplicate screenshot of QB9-16
QB_FACTOR_GRID_2026,"Analyst colour-coded QB factor grid (screenshots, 7 images; QB9-16 supplied twice)",third_party_analyst_screenshot,UNKNOWN - owner to supply,UNKNOWN - owner to supply,"Underdog Fantasy ADP (best-ball), 2026",2026,"Elite QB benchmark, NOT a cohort average - grids are titled ""Based on Elite QBs""",QB,3,Drake Maye,Drake Maye,,Rushing TDs,volume,binary_vs_elite,0.32,Yes,yellow,3,Y,high,programmatic cell-fill sampling; validated vs published colour counts and cross-checked against a duplicate screenshot of QB9-16
QB_FACTOR_GRID_2026,"Analyst colour-coded QB factor grid (screenshots, 7 images; QB9-16 supplied twice)",third_party_analyst_screenshot,UNKNOWN - owner to supply,UNKNOWN - owner to supply,"Underdog Fantasy ADP (best-ball), 2026",2026,"Elite QB benchmark, NOT a cohort average - grids are titled ""Based on Elite QBs""",QB,3,Drake Maye,Drake Maye,,Offensive Rank in PPG,situational,binary_vs_elite,6.35,Yes,yellow,3,Y,high,programmatic cell-fill sampling; validated vs published colour counts and cross-checked against a duplicate screenshot of QB9-16
QB_FACTOR_GRID_2026,"Analyst colour-coded QB factor grid (screenshots, 7 images; QB9-16 supplied twice)",third_party_analyst_screenshot,UNKNOWN - owner to supply,UNKNOWN - owner to supply,"Underdog Fantasy ADP (best-ball), 2026",2026,"Elite QB benchmark, NOT a cohort average - grids are titled ""Based on Elite QBs""",QB,3,Drake Maye,Drake Maye,,Offensive Line Rank in Pass Blocking,situational,binary_vs_elite,11.54,Yes,yellow,3,Y,high,programmatic cell-fill sampling; validated vs published colour counts and cross-checked against a duplicate screenshot of QB9-16
QB_FACTOR_GRID_2026,"Analyst colour-coded QB factor grid (screenshots, 7 images; QB9-16 supplied twice)",third_party_analyst_screenshot,UNKNOWN - owner to supply,UNKNOWN - owner to supply,"Underdog Fantasy ADP (best-ball), 2026",2026,"Elite QB benchmark, NOT a cohort average - grids are titled ""Based on Elite QBs""",QB,3,Drake Maye,Drake Maye,,Deep Ball Attempts/Game,situational,binary_vs_elite,4.31,Yes,green,5,Y,high,programmatic cell-fill sampling; validated vs published colour counts and cross-checked against a duplicate screenshot of QB9-16
QB_FACTOR_GRID_2026,"Analyst colour-coded QB factor grid (screenshots, 7 images; QB9-16 supplied twice)",third_party_analyst_screenshot,UNKNOWN - owner to supply,UNKNOWN - owner to supply,"Underdog Fantasy ADP (best-ball), 2026",2026,"Elite QB benchmark, NOT a cohort average - grids are titled ""Based on Elite QBs""",QB,3,Drake Maye,Drake Maye,,Rank in QBR,situational,binary_vs_elite,6.90,Yes,green,5,Y,high,programmatic cell-fill sampling; validated vs published colour counts and cross-checked against a duplicate screenshot of QB9-16
QB_FACTOR_GRID_2026,"Analyst colour-coded QB factor grid (screenshots, 7 images; QB9-16 supplied twice)",third_party_analyst_screenshot,UNKNOWN - owner to supply,UNKNOWN - owner to supply,"Underdog Fantasy ADP (best-ball), 2026",2026,"Elite QB benchmark, NOT a cohort average - grids are titled ""Based on Elite QBs""",QB,3,Drake Maye,Drake Maye,,RedZone Combined Attempts,situational,binary_vs_elite,6.30,Yes,yellow,3,Y,high,programmatic cell-fill sampling; validated vs published colour counts and cross-checked against a duplicate screenshot of QB9-16
QB_FACTOR_GRID_2026,"Analyst colour-coded QB factor grid (screenshots, 7 images; QB9-16 supplied twice)",third_party_analyst_screenshot,UNKNOWN - owner to supply,UNKNOWN - owner to supply,"Underdog Fantasy ADP (best-ball), 2026",2026,"Elite QB benchmark, NOT a cohort average - grids are titled ""Based on Elite QBs""",QB,3,Drake Maye,Drake Maye,,Rank in Neutral Pace,situational,binary_vs_elite,12.86,Yes,yellow,3,Y,high,programmatic cell-fill sampling; validated vs published colour counts and cross-checked against a duplicate screenshot of QB9-16
QB_FACTOR_GRID_2026,"Analyst colour-coded QB factor grid (screenshots, 7 images; QB9-16 supplied twice)",third_party_analyst_screenshot,UNKNOWN - owner to supply,UNKNOWN - owner to supply,"Underdog Fantasy ADP (best-ball), 2026",2026,"Elite QB benchmark, NOT a cohort average - grids are titled ""Based on Elite QBs""",QB,3,Drake Maye,Drake Maye,,Rank in Pass Offense DVOA,situational,binary_vs_elite,7.01,Yes,yellow,3,Y,high,programmatic cell-fill sampling; validated vs published colour counts and cross-checked against a duplicate screenshot of QB9-16
QB_FACTOR_GRID_2026,"Analyst colour-coded QB factor grid (screenshots, 7 images; QB9-16 supplied twice)",third_party_analyst_screenshot,UNKNOWN - owner to supply,UNKNOWN - owner to supply,"Underdog Fantasy ADP (best-ball), 2026",2026,"Elite QB benchmark, NOT a cohort average - grids are titled ""Based on Elite QBs""",QB,4,Jayden Daniels,Jayden Daniels,,Pass Attempts,volume,binary_vs_elite,576.50,No,red,-3,Y,high,programmatic cell-fill sampling; validated vs published colour counts and cross-checked against a duplicate screenshot of QB9-16
QB_FACTOR_GRID_2026,"Analyst colour-coded QB factor grid (screenshots, 7 images; QB9-16 supplied twice)",third_party_analyst_screenshot,UNKNOWN - owner to supply,UNKNOWN - owner to supply,"Underdog Fantasy ADP (best-ball), 2026",2026,"Elite QB benchmark, NOT a cohort average - grids are titled ""Based on Elite QBs""",QB,4,Jayden Daniels,Jayden Daniels,,Passing TDs,volume,binary_vs_elite,44.63,?,orange,-1,Y,high,programmatic cell-fill sampling; validated vs published colour counts and cross-checked against a duplicate screenshot of QB9-16
QB_FACTOR_GRID_2026,"Analyst colour-coded QB factor grid (screenshots, 7 images; QB9-16 supplied twice)",third_party_analyst_screenshot,UNKNOWN - owner to supply,UNKNOWN - owner to supply,"Underdog Fantasy ADP (best-ball), 2026",2026,"Elite QB benchmark, NOT a cohort average - grids are titled ""Based on Elite QBs""",QB,4,Jayden Daniels,Jayden Daniels,,Rush Attempts,volume,binary_vs_elite,97.62,Yes,green,5,Y,high,programmatic cell-fill sampling; validated vs published colour counts and cross-checked against a duplicate screenshot of QB9-16
QB_FACTOR_GRID_2026,"Analyst colour-coded QB factor grid (screenshots, 7 images; QB9-16 supplied twice)",third_party_analyst_screenshot,UNKNOWN - owner to supply,UNKNOWN - owner to supply,"Underdog Fantasy ADP (best-ball), 2026",2026,"Elite QB benchmark, NOT a cohort average - grids are titled ""Based on Elite QBs""",QB,4,Jayden Daniels,Jayden Daniels,,Rushing TDs,volume,binary_vs_elite,0.32,Yes,yellow,3,Y,high,programmatic cell-fill sampling; validated vs published colour counts and cross-checked against a duplicate screenshot of QB9-16
QB_FACTOR_GRID_2026,"Analyst colour-coded QB factor grid (screenshots, 7 images; QB9-16 supplied twice)",third_party_analyst_screenshot,UNKNOWN - owner to supply,UNKNOWN - owner to supply,"Underdog Fantasy ADP (best-ball), 2026",2026,"Elite QB benchmark, NOT a cohort average - grids are titled ""Based on Elite QBs""",QB,4,Jayden Daniels,Jayden Daniels,,Offensive Rank in PPG,situational,binary_vs_elite,6.35,?,orange,-1,Y,high,programmatic cell-fill sampling; validated vs published colour counts and cross-checked against a duplicate screenshot of QB9-16
QB_FACTOR_GRID_2026,"Analyst colour-coded QB factor grid (screenshots, 7 images; QB9-16 supplied twice)",third_party_analyst_screenshot,UNKNOWN - owner to supply,UNKNOWN - owner to supply,"Underdog Fantasy ADP (best-ball), 2026",2026,"Elite QB benchmark, NOT a cohort average - grids are titled ""Based on Elite QBs""",QB,4,Jayden Daniels,Jayden Daniels,,Offensive Line Rank in Pass Blocking,situational,binary_vs_elite,11.54,Yes,yellow,3,Y,high,programmatic cell-fill sampling; validated vs published colour counts and cross-checked against a duplicate screenshot of QB9-16
QB_FACTOR_GRID_2026,"Analyst colour-coded QB factor grid (screenshots, 7 images; QB9-16 supplied twice)",third_party_analyst_screenshot,UNKNOWN - owner to supply,UNKNOWN - owner to supply,"Underdog Fantasy ADP (best-ball), 2026",2026,"Elite QB benchmark, NOT a cohort average - grids are titled ""Based on Elite QBs""",QB,4,Jayden Daniels,Jayden Daniels,,Deep Ball Attempts/Game,situational,binary_vs_elite,4.31,No,red,-3,Y,high,programmatic cell-fill sampling; validated vs published colour counts and cross-checked against a duplicate screenshot of QB9-16
QB_FACTOR_GRID_2026,"Analyst colour-coded QB factor grid (screenshots, 7 images; QB9-16 supplied twice)",third_party_analyst_screenshot,UNKNOWN - owner to supply,UNKNOWN - owner to supply,"Underdog Fantasy ADP (best-ball), 2026",2026,"Elite QB benchmark, NOT a cohort average - grids are titled ""Based on Elite QBs""",QB,4,Jayden Daniels,Jayden Daniels,,Rank in QBR,situational,binary_vs_elite,6.90,Yes,yellow,3,Y,high,programmatic cell-fill sampling; validated vs published colour counts and cross-checked against a duplicate screenshot of QB9-16
QB_FACTOR_GRID_2026,"Analyst colour-coded QB factor grid (screenshots, 7 images; QB9-16 supplied twice)",third_party_analyst_screenshot,UNKNOWN - owner to supply,UNKNOWN - owner to supply,"Underdog Fantasy ADP (best-ball), 2026",2026,"Elite QB benchmark, NOT a cohort average - grids are titled ""Based on Elite QBs""",QB,4,Jayden Daniels,Jayden Daniels,,RedZone Combined Attempts,situational,binary_vs_elite,6.30,Yes,yellow,3,Y,high,programmatic cell-fill sampling; validated vs published colour counts and cross-checked against a duplicate screenshot of QB9-16
QB_FACTOR_GRID_2026,"Analyst colour-coded QB factor grid (screenshots, 7 images; QB9-16 supplied twice)",third_party_analyst_screenshot,UNKNOWN - owner to supply,UNKNOWN - owner to supply,"Underdog Fantasy ADP (best-ball), 2026",2026,"Elite QB benchmark, NOT a cohort average - grids are titled ""Based on Elite QBs""",QB,4,Jayden Daniels,Jayden Daniels,,Rank in Neutral Pace,situational,binary_vs_elite,12.86,Yes,yellow,3,Y,high,programmatic cell-fill sampling; validated vs published colour counts and cross-checked against a duplicate screenshot of QB9-16
QB_FACTOR_GRID_2026,"Analyst colour-coded QB factor grid (screenshots, 7 images; QB9-16 supplied twice)",third_party_analyst_screenshot,UNKNOWN - owner to supply,UNKNOWN - owner to supply,"Underdog Fantasy ADP (best-ball), 2026",2026,"Elite QB benchmark, NOT a cohort average - grids are titled ""Based on Elite QBs""",QB,4,Jayden Daniels,Jayden Daniels,,Rank in Pass Offense DVOA,situational,binary_vs_elite,7.01,No,red,-3,Y,high,programmatic cell-fill sampling; validated vs published colour counts and cross-checked against a duplicate screenshot of QB9-16
QB_FACTOR_GRID_2026,"Analyst colour-coded QB factor grid (screenshots, 7 images; QB9-16 supplied twice)",third_party_analyst_screenshot,UNKNOWN - owner to supply,UNKNOWN - owner to supply,"Underdog Fantasy ADP (best-ball), 2026",2026,"Elite QB benchmark, NOT a cohort average - grids are titled ""Based on Elite QBs""",QB,5,Joe Burrow,Joe Burrow,,Pass Attempts,volume,binary_vs_elite,576.50,Yes,green,5,Y,high,programmatic cell-fill sampling; validated vs published colour counts and cross-checked against a duplicate screenshot of QB9-16
QB_FACTOR_GRID_2026,"Analyst colour-coded QB factor grid (screenshots, 7 images; QB9-16 supplied twice)",third_party_analyst_screenshot,UNKNOWN - owner to supply,UNKNOWN - owner to supply,"Underdog Fantasy ADP (best-ball), 2026",2026,"Elite QB benchmark, NOT a cohort average - grids are titled ""Based on Elite QBs""",QB,5,Joe Burrow,Joe Burrow,,Passing TDs,volume,binary_vs_elite,44.63,Yes,green,5,Y,high,programmatic cell-fill sampling; validated vs published colour counts and cross-checked against a duplicate screenshot of QB9-16
QB_FACTOR_GRID_2026,"Analyst colour-coded QB factor grid (screenshots, 7 images; QB9-16 supplied twice)",third_party_analyst_screenshot,UNKNOWN - owner to supply,UNKNOWN - owner to supply,"Underdog Fantasy ADP (best-ball), 2026",2026,"Elite QB benchmark, NOT a cohort average - grids are titled ""Based on Elite QBs""",QB,5,Joe Burrow,Joe Burrow,,Rush Attempts,volume,binary_vs_elite,97.62,?,orange,-1,Y,high,programmatic cell-fill sampling; validated vs published colour counts and cross-checked against a duplicate screenshot of QB9-16
QB_FACTOR_GRID_2026,"Analyst colour-coded QB factor grid (screenshots, 7 images; QB9-16 supplied twice)",third_party_analyst_screenshot,UNKNOWN - owner to supply,UNKNOWN - owner to supply,"Underdog Fantasy ADP (best-ball), 2026",2026,"Elite QB benchmark, NOT a cohort average - grids are titled ""Based on Elite QBs""",QB,5,Joe Burrow,Joe Burrow,,Rushing TDs,volume,binary_vs_elite,0.32,Yes,yellow,3,Y,high,programmatic cell-fill sampling; validated vs published colour counts and cross-checked against a duplicate screenshot of QB9-16
QB_FACTOR_GRID_2026,"Analyst colour-coded QB factor grid (screenshots, 7 images; QB9-16 supplied twice)",third_party_analyst_screenshot,UNKNOWN - owner to supply,UNKNOWN - owner to supply,"Underdog Fantasy ADP (best-ball), 2026",2026,"Elite QB benchmark, NOT a cohort average - grids are titled ""Based on Elite QBs""",QB,5,Joe Burrow,Joe Burrow,,Offensive Rank in PPG,situational,binary_vs_elite,6.35,Yes,green,5,Y,high,programmatic cell-fill sampling; validated vs published colour counts and cross-checked against a duplicate screenshot of QB9-16
QB_FACTOR_GRID_2026,"Analyst colour-coded QB factor grid (screenshots, 7 images; QB9-16 supplied twice)",third_party_analyst_screenshot,UNKNOWN - owner to supply,UNKNOWN - owner to supply,"Underdog Fantasy ADP (best-ball), 2026",2026,"Elite QB benchmark, NOT a cohort average - grids are titled ""Based on Elite QBs""",QB,5,Joe Burrow,Joe Burrow,,Offensive Line Rank in Pass Blocking,situational,binary_vs_elite,11.54,?,orange,-1,Y,high,programmatic cell-fill sampling; validated vs published colour counts and cross-checked against a duplicate screenshot of QB9-16
QB_FACTOR_GRID_2026,"Analyst colour-coded QB factor grid (screenshots, 7 images; QB9-16 supplied twice)",third_party_analyst_screenshot,UNKNOWN - owner to supply,UNKNOWN - owner to supply,"Underdog Fantasy ADP (best-ball), 2026",2026,"Elite QB benchmark, NOT a cohort average - grids are titled ""Based on Elite QBs""",QB,5,Joe Burrow,Joe Burrow,,Deep Ball Attempts/Game,situational,binary_vs_elite,4.31,Yes,yellow,3,Y,high,programmatic cell-fill sampling; validated vs published colour counts and cross-checked against a duplicate screenshot of QB9-16
QB_FACTOR_GRID_2026,"Analyst colour-coded QB factor grid (screenshots, 7 images; QB9-16 supplied twice)",third_party_analyst_screenshot,UNKNOWN - owner to supply,UNKNOWN - owner to supply,"Underdog Fantasy ADP (best-ball), 2026",2026,"Elite QB benchmark, NOT a cohort average - grids are titled ""Based on Elite QBs""",QB,5,Joe Burrow,Joe Burrow,,Rank in QBR,situational,binary_vs_elite,6.90,Yes,green,5,Y,high,programmatic cell-fill sampling; validated vs published colour counts and cross-checked against a duplicate screenshot of QB9-16
QB_FACTOR_GRID_2026,"Analyst colour-coded QB factor grid (screenshots, 7 images; QB9-16 supplied twice)",third_party_analyst_screenshot,UNKNOWN - owner to supply,UNKNOWN - owner to supply,"Underdog Fantasy ADP (best-ball), 2026",2026,"Elite QB benchmark, NOT a cohort average - grids are titled ""Based on Elite QBs""",QB,5,Joe Burrow,Joe Burrow,,RedZone Combined Attempts,situational,binary_vs_elite,6.30,Yes,green,5,Y,high,programmatic cell-fill sampling; validated vs published colour counts and cross-checked against a duplicate screenshot of QB9-16
QB_FACTOR_GRID_2026,"Analyst colour-coded QB factor grid (screenshots, 7 images; QB9-16 supplied twice)",third_party_analyst_screenshot,UNKNOWN - owner to supply,UNKNOWN - owner to supply,"Underdog Fantasy ADP (best-ball), 2026",2026,"Elite QB benchmark, NOT a cohort average - grids are titled ""Based on Elite QBs""",QB,5,Joe Burrow,Joe Burrow,,Rank in Neutral Pace,situational,binary_vs_elite,12.86,Yes,yellow,3,Y,high,programmatic cell-fill sampling; validated vs published colour counts and cross-checked against a duplicate screenshot of QB9-16
QB_FACTOR_GRID_2026,"Analyst colour-coded QB factor grid (screenshots, 7 images; QB9-16 supplied twice)",third_party_analyst_screenshot,UNKNOWN - owner to supply,UNKNOWN - owner to supply,"Underdog Fantasy ADP (best-ball), 2026",2026,"Elite QB benchmark, NOT a cohort average - grids are titled ""Based on Elite QBs""",QB,5,Joe Burrow,Joe Burrow,,Rank in Pass Offense DVOA,situational,binary_vs_elite,7.01,Yes,green,5,Y,high,programmatic cell-fill sampling; validated vs published colour counts and cross-checked against a duplicate screenshot of QB9-16
QB_FACTOR_GRID_2026,"Analyst colour-coded QB factor grid (screenshots, 7 images; QB9-16 supplied twice)",third_party_analyst_screenshot,UNKNOWN - owner to supply,UNKNOWN - owner to supply,"Underdog Fantasy ADP (best-ball), 2026",2026,"Elite QB benchmark, NOT a cohort average - grids are titled ""Based on Elite QBs""",QB,6,Caleb Williams,Caleb Williams,,Pass Attempts,volume,binary_vs_elite,576.50,Yes,yellow,3,Y,high,programmatic cell-fill sampling; validated vs published colour counts and cross-checked against a duplicate screenshot of QB9-16
QB_FACTOR_GRID_2026,"Analyst colour-coded QB factor grid (screenshots, 7 images; QB9-16 supplied twice)",third_party_analyst_screenshot,UNKNOWN - owner to supply,UNKNOWN - owner to supply,"Underdog Fantasy ADP (best-ball), 2026",2026,"Elite QB benchmark, NOT a cohort average - grids are titled ""Based on Elite QBs""",QB,6,Caleb Williams,Caleb Williams,,Passing TDs,volume,binary_vs_elite,44.63,Yes,yellow,3,Y,high,programmatic cell-fill sampling; validated vs published colour counts and cross-checked against a duplicate screenshot of QB9-16
QB_FACTOR_GRID_2026,"Analyst colour-coded QB factor grid (screenshots, 7 images; QB9-16 supplied twice)",third_party_analyst_screenshot,UNKNOWN - owner to supply,UNKNOWN - owner to supply,"Underdog Fantasy ADP (best-ball), 2026",2026,"Elite QB benchmark, NOT a cohort average - grids are titled ""Based on Elite QBs""",QB,6,Caleb Williams,Caleb Williams,,Rush Attempts,volume,binary_vs_elite,97.62,Yes,yellow,3,Y,high,programmatic cell-fill sampling; validated vs published colour counts and cross-checked against a duplicate screenshot of QB9-16
QB_FACTOR_GRID_2026,"Analyst colour-coded QB factor grid (screenshots, 7 images; QB9-16 supplied twice)",third_party_analyst_screenshot,UNKNOWN - owner to supply,UNKNOWN - owner to supply,"Underdog Fantasy ADP (best-ball), 2026",2026,"Elite QB benchmark, NOT a cohort average - grids are titled ""Based on Elite QBs""",QB,6,Caleb Williams,Caleb Williams,,Rushing TDs,volume,binary_vs_elite,0.32,Yes,yellow,3,Y,high,programmatic cell-fill sampling; validated vs published colour counts and cross-checked against a duplicate screenshot of QB9-16
QB_FACTOR_GRID_2026,"Analyst colour-coded QB factor grid (screenshots, 7 images; QB9-16 supplied twice)",third_party_analyst_screenshot,UNKNOWN - owner to supply,UNKNOWN - owner to supply,"Underdog Fantasy ADP (best-ball), 2026",2026,"Elite QB benchmark, NOT a cohort average - grids are titled ""Based on Elite QBs""",QB,6,Caleb Williams,Caleb Williams,,Offensive Rank in PPG,situational,binary_vs_elite,6.35,Yes,green,5,Y,high,programmatic cell-fill sampling; validated vs published colour counts and cross-checked against a duplicate screenshot of QB9-16
QB_FACTOR_GRID_2026,"Analyst colour-coded QB factor grid (screenshots, 7 images; QB9-16 supplied twice)",third_party_analyst_screenshot,UNKNOWN - owner to supply,UNKNOWN - owner to supply,"Underdog Fantasy ADP (best-ball), 2026",2026,"Elite QB benchmark, NOT a cohort average - grids are titled ""Based on Elite QBs""",QB,6,Caleb Williams,Caleb Williams,,Offensive Line Rank in Pass Blocking,situational,binary_vs_elite,11.54,Yes,yellow,3,Y,high,programmatic cell-fill sampling; validated vs published colour counts and cross-checked against a duplicate screenshot of QB9-16
QB_FACTOR_GRID_2026,"Analyst colour-coded QB factor grid (screenshots, 7 images; QB9-16 supplied twice)",third_party_analyst_screenshot,UNKNOWN - owner to supply,UNKNOWN - owner to supply,"Underdog Fantasy ADP (best-ball), 2026",2026,"Elite QB benchmark, NOT a cohort average - grids are titled ""Based on Elite QBs""",QB,6,Caleb Williams,Caleb Williams,,Deep Ball Attempts/Game,situational,binary_vs_elite,4.31,Yes,green,5,Y,high,programmatic cell-fill sampling; validated vs published colour counts and cross-checked against a duplicate screenshot of QB9-16
QB_FACTOR_GRID_2026,"Analyst colour-coded QB factor grid (screenshots, 7 images; QB9-16 supplied twice)",third_party_analyst_screenshot,UNKNOWN - owner to supply,UNKNOWN - owner to supply,"Underdog Fantasy ADP (best-ball), 2026",2026,"Elite QB benchmark, NOT a cohort average - grids are titled ""Based on Elite QBs""",QB,6,Caleb Williams,Caleb Williams,,Rank in QBR,situational,binary_vs_elite,6.90,Yes,yellow,3,Y,high,programmatic cell-fill sampling; validated vs published colour counts and cross-checked against a duplicate screenshot of QB9-16
QB_FACTOR_GRID_2026,"Analyst colour-coded QB factor grid (screenshots, 7 images; QB9-16 supplied twice)",third_party_analyst_screenshot,UNKNOWN - owner to supply,UNKNOWN - owner to supply,"Underdog Fantasy ADP (best-ball), 2026",2026,"Elite QB benchmark, NOT a cohort average - grids are titled ""Based on Elite QBs""",QB,6,Caleb Williams,Caleb Williams,,RedZone Combined Attempts,situational,binary_vs_elite,6.30,Yes,yellow,3,Y,high,programmatic cell-fill sampling; validated vs published colour counts and cross-checked against a duplicate screenshot of QB9-16
QB_FACTOR_GRID_2026,"Analyst colour-coded QB factor grid (screenshots, 7 images; QB9-16 supplied twice)",third_party_analyst_screenshot,UNKNOWN - owner to supply,UNKNOWN - owner to supply,"Underdog Fantasy ADP (best-ball), 2026",2026,"Elite QB benchmark, NOT a cohort average - grids are titled ""Based on Elite QBs""",QB,6,Caleb Williams,Caleb Williams,,Rank in Neutral Pace,situational,binary_vs_elite,12.86,Yes,yellow,3,Y,high,programmatic cell-fill sampling; validated vs published colour counts and cross-checked against a duplicate screenshot of QB9-16
QB_FACTOR_GRID_2026,"Analyst colour-coded QB factor grid (screenshots, 7 images; QB9-16 supplied twice)",third_party_analyst_screenshot,UNKNOWN - owner to supply,UNKNOWN - owner to supply,"Underdog Fantasy ADP (best-ball), 2026",2026,"Elite QB benchmark, NOT a cohort average - grids are titled ""Based on Elite QBs""",QB,6,Caleb Williams,Caleb Williams,,Rank in Pass Offense DVOA,situational,binary_vs_elite,7.01,Yes,green,5,Y,high,programmatic cell-fill sampling; validated vs published colour counts and cross-checked against a duplicate screenshot of QB9-16
QB_FACTOR_GRID_2026,"Analyst colour-coded QB factor grid (screenshots, 7 images; QB9-16 supplied twice)",third_party_analyst_screenshot,UNKNOWN - owner to supply,UNKNOWN - owner to supply,"Underdog Fantasy ADP (best-ball), 2026",2026,"Elite QB benchmark, NOT a cohort average - grids are titled ""Based on Elite QBs""",QB,7,Jalen Hurts,Jalen Hurts,,Pass Attempts,volume,binary_vs_elite,576.50,?,orange,-1,Y,high,programmatic cell-fill sampling; validated vs published colour counts and cross-checked against a duplicate screenshot of QB9-16
QB_FACTOR_GRID_2026,"Analyst colour-coded QB factor grid (screenshots, 7 images; QB9-16 supplied twice)",third_party_analyst_screenshot,UNKNOWN - owner to supply,UNKNOWN - owner to supply,"Underdog Fantasy ADP (best-ball), 2026",2026,"Elite QB benchmark, NOT a cohort average - grids are titled ""Based on Elite QBs""",QB,7,Jalen Hurts,Jalen Hurts,,Passing TDs,volume,binary_vs_elite,44.63,No,red,-3,Y,high,programmatic cell-fill sampling; validated vs published colour counts and cross-checked against a duplicate screenshot of QB9-16
QB_FACTOR_GRID_2026,"Analyst colour-coded QB factor grid (screenshots, 7 images; QB9-16 supplied twice)",third_party_analyst_screenshot,UNKNOWN - owner to supply,UNKNOWN - owner to supply,"Underdog Fantasy ADP (best-ball), 2026",2026,"Elite QB benchmark, NOT a cohort average - grids are titled ""Based on Elite QBs""",QB,7,Jalen Hurts,Jalen Hurts,,Rush Attempts,volume,binary_vs_elite,97.62,Yes,green,5,Y,high,programmatic cell-fill sampling; validated vs published colour counts and cross-checked against a duplicate screenshot of QB9-16
QB_FACTOR_GRID_2026,"Analyst colour-coded QB factor grid (screenshots, 7 images; QB9-16 supplied twice)",third_party_analyst_screenshot,UNKNOWN - owner to supply,UNKNOWN - owner to supply,"Underdog Fantasy ADP (best-ball), 2026",2026,"Elite QB benchmark, NOT a cohort average - grids are titled ""Based on Elite QBs""",QB,7,Jalen Hurts,Jalen Hurts,,Rushing TDs,volume,binary_vs_elite,0.32,Yes,green,5,Y,high,programmatic cell-fill sampling; validated vs published colour counts and cross-checked against a duplicate screenshot of QB9-16
QB_FACTOR_GRID_2026,"Analyst colour-coded QB factor grid (screenshots, 7 images; QB9-16 supplied twice)",third_party_analyst_screenshot,UNKNOWN - owner to supply,UNKNOWN - owner to supply,"Underdog Fantasy ADP (best-ball), 2026",2026,"Elite QB benchmark, NOT a cohort average - grids are titled ""Based on Elite QBs""",QB,7,Jalen Hurts,Jalen Hurts,,Offensive Rank in PPG,situational,binary_vs_elite,6.35,Yes,yellow,3,Y,high,programmatic cell-fill sampling; validated vs published colour counts and cross-checked against a duplicate screenshot of QB9-16
QB_FACTOR_GRID_2026,"Analyst colour-coded QB factor grid (screenshots, 7 images; QB9-16 supplied twice)",third_party_analyst_screenshot,UNKNOWN - owner to supply,UNKNOWN - owner to supply,"Underdog Fantasy ADP (best-ball), 2026",2026,"Elite QB benchmark, NOT a cohort average - grids are titled ""Based on Elite QBs""",QB,7,Jalen Hurts,Jalen Hurts,,Offensive Line Rank in Pass Blocking,situational,binary_vs_elite,11.54,Yes,green,5,Y,high,programmatic cell-fill sampling; validated vs published colour counts and cross-checked against a duplicate screenshot of QB9-16
QB_FACTOR_GRID_2026,"Analyst colour-coded QB factor grid (screenshots, 7 images; QB9-16 supplied twice)",third_party_analyst_screenshot,UNKNOWN - owner to supply,UNKNOWN - owner to supply,"Underdog Fantasy ADP (best-ball), 2026",2026,"Elite QB benchmark, NOT a cohort average - grids are titled ""Based on Elite QBs""",QB,7,Jalen Hurts,Jalen Hurts,,Deep Ball Attempts/Game,situational,binary_vs_elite,4.31,Yes,yellow,3,Y,high,programmatic cell-fill sampling; validated vs published colour counts and cross-checked against a duplicate screenshot of QB9-16
QB_FACTOR_GRID_2026,"Analyst colour-coded QB factor grid (screenshots, 7 images; QB9-16 supplied twice)",third_party_analyst_screenshot,UNKNOWN - owner to supply,UNKNOWN - owner to supply,"Underdog Fantasy ADP (best-ball), 2026",2026,"Elite QB benchmark, NOT a cohort average - grids are titled ""Based on Elite QBs""",QB,7,Jalen Hurts,Jalen Hurts,,Rank in QBR,situational,binary_vs_elite,6.90,?,orange,-1,Y,high,programmatic cell-fill sampling; validated vs published colour counts and cross-checked against a duplicate screenshot of QB9-16
QB_FACTOR_GRID_2026,"Analyst colour-coded QB factor grid (screenshots, 7 images; QB9-16 supplied twice)",third_party_analyst_screenshot,UNKNOWN - owner to supply,UNKNOWN - owner to supply,"Underdog Fantasy ADP (best-ball), 2026",2026,"Elite QB benchmark, NOT a cohort average - grids are titled ""Based on Elite QBs""",QB,7,Jalen Hurts,Jalen Hurts,,RedZone Combined Attempts,situational,binary_vs_elite,6.30,Yes,green,5,Y,high,programmatic cell-fill sampling; validated vs published colour counts and cross-checked against a duplicate screenshot of QB9-16
QB_FACTOR_GRID_2026,"Analyst colour-coded QB factor grid (screenshots, 7 images; QB9-16 supplied twice)",third_party_analyst_screenshot,UNKNOWN - owner to supply,UNKNOWN - owner to supply,"Underdog Fantasy ADP (best-ball), 2026",2026,"Elite QB benchmark, NOT a cohort average - grids are titled ""Based on Elite QBs""",QB,7,Jalen Hurts,Jalen Hurts,,Rank in Neutral Pace,situational,binary_vs_elite,12.86,?,orange,-1,Y,high,programmatic cell-fill sampling; validated vs published colour counts and cross-checked against a duplicate screenshot of QB9-16
QB_FACTOR_GRID_2026,"Analyst colour-coded QB factor grid (screenshots, 7 images; QB9-16 supplied twice)",third_party_analyst_screenshot,UNKNOWN - owner to supply,UNKNOWN - owner to supply,"Underdog Fantasy ADP (best-ball), 2026",2026,"Elite QB benchmark, NOT a cohort average - grids are titled ""Based on Elite QBs""",QB,7,Jalen Hurts,Jalen Hurts,,Rank in Pass Offense DVOA,situational,binary_vs_elite,7.01,Yes,yellow,3,Y,high,programmatic cell-fill sampling; validated vs published colour counts and cross-checked against a duplicate screenshot of QB9-16
QB_FACTOR_GRID_2026,"Analyst colour-coded QB factor grid (screenshots, 7 images; QB9-16 supplied twice)",third_party_analyst_screenshot,UNKNOWN - owner to supply,UNKNOWN - owner to supply,"Underdog Fantasy ADP (best-ball), 2026",2026,"Elite QB benchmark, NOT a cohort average - grids are titled ""Based on Elite QBs""",QB,8,Dak Prescott,Dak Prescott,,Pass Attempts,volume,binary_vs_elite,576.50,Yes,green,5,Y,high,programmatic cell-fill sampling; validated vs published colour counts and cross-checked against a duplicate screenshot of QB9-16
QB_FACTOR_GRID_2026,"Analyst colour-coded QB factor grid (screenshots, 7 images; QB9-16 supplied twice)",third_party_analyst_screenshot,UNKNOWN - owner to supply,UNKNOWN - owner to supply,"Underdog Fantasy ADP (best-ball), 2026",2026,"Elite QB benchmark, NOT a cohort average - grids are titled ""Based on Elite QBs""",QB,8,Dak Prescott,Dak Prescott,,Passing TDs,volume,binary_vs_elite,44.63,Yes,yellow,3,Y,high,programmatic cell-fill sampling; validated vs published colour counts and cross-checked against a duplicate screenshot of QB9-16
QB_FACTOR_GRID_2026,"Analyst colour-coded QB factor grid (screenshots, 7 images; QB9-16 supplied twice)",third_party_analyst_screenshot,UNKNOWN - owner to supply,UNKNOWN - owner to supply,"Underdog Fantasy ADP (best-ball), 2026",2026,"Elite QB benchmark, NOT a cohort average - grids are titled ""Based on Elite QBs""",QB,8,Dak Prescott,Dak Prescott,,Rush Attempts,volume,binary_vs_elite,97.62,No,red,-3,Y,high,programmatic cell-fill sampling; validated vs published colour counts and cross-checked against a duplicate screenshot of QB9-16
QB_FACTOR_GRID_2026,"Analyst colour-coded QB factor grid (screenshots, 7 images; QB9-16 supplied twice)",third_party_analyst_screenshot,UNKNOWN - owner to supply,UNKNOWN - owner to supply,"Underdog Fantasy ADP (best-ball), 2026",2026,"Elite QB benchmark, NOT a cohort average - grids are titled ""Based on Elite QBs""",QB,8,Dak Prescott,Dak Prescott,,Rushing TDs,volume,binary_vs_elite,0.32,?,orange,-1,Y,high,programmatic cell-fill sampling; validated vs published colour counts and cross-checked against a duplicate screenshot of QB9-16
QB_FACTOR_GRID_2026,"Analyst colour-coded QB factor grid (screenshots, 7 images; QB9-16 supplied twice)",third_party_analyst_screenshot,UNKNOWN - owner to supply,UNKNOWN - owner to supply,"Underdog Fantasy ADP (best-ball), 2026",2026,"Elite QB benchmark, NOT a cohort average - grids are titled ""Based on Elite QBs""",QB,8,Dak Prescott,Dak Prescott,,Offensive Rank in PPG,situational,binary_vs_elite,6.35,Yes,yellow,3,Y,high,programmatic cell-fill sampling; validated vs published colour counts and cross-checked against a duplicate screenshot of QB9-16
QB_FACTOR_GRID_2026,"Analyst colour-coded QB factor grid (screenshots, 7 images; QB9-16 supplied twice)",third_party_analyst_screenshot,UNKNOWN - owner to supply,UNKNOWN - owner to supply,"Underdog Fantasy ADP (best-ball), 2026",2026,"Elite QB benchmark, NOT a cohort average - grids are titled ""Based on Elite QBs""",QB,8,Dak Prescott,Dak Prescott,,Offensive Line Rank in Pass Blocking,situational,binary_vs_elite,11.54,?,orange,-1,Y,high,programmatic cell-fill sampling; validated vs published colour counts and cross-checked against a duplicate screenshot of QB9-16
QB_FACTOR_GRID_2026,"Analyst colour-coded QB factor grid (screenshots, 7 images; QB9-16 supplied twice)",third_party_analyst_screenshot,UNKNOWN - owner to supply,UNKNOWN - owner to supply,"Underdog Fantasy ADP (best-ball), 2026",2026,"Elite QB benchmark, NOT a cohort average - grids are titled ""Based on Elite QBs""",QB,8,Dak Prescott,Dak Prescott,,Deep Ball Attempts/Game,situational,binary_vs_elite,4.31,Yes,yellow,3,Y,high,programmatic cell-fill sampling; validated vs published colour counts and cross-checked against a duplicate screenshot of QB9-16
QB_FACTOR_GRID_2026,"Analyst colour-coded QB factor grid (screenshots, 7 images; QB9-16 supplied twice)",third_party_analyst_screenshot,UNKNOWN - owner to supply,UNKNOWN - owner to supply,"Underdog Fantasy ADP (best-ball), 2026",2026,"Elite QB benchmark, NOT a cohort average - grids are titled ""Based on Elite QBs""",QB,8,Dak Prescott,Dak Prescott,,Rank in QBR,situational,binary_vs_elite,6.90,Yes,yellow,3,Y,high,programmatic cell-fill sampling; validated vs published colour counts and cross-checked against a duplicate screenshot of QB9-16
QB_FACTOR_GRID_2026,"Analyst colour-coded QB factor grid (screenshots, 7 images; QB9-16 supplied twice)",third_party_analyst_screenshot,UNKNOWN - owner to supply,UNKNOWN - owner to supply,"Underdog Fantasy ADP (best-ball), 2026",2026,"Elite QB benchmark, NOT a cohort average - grids are titled ""Based on Elite QBs""",QB,8,Dak Prescott,Dak Prescott,,RedZone Combined Attempts,situational,binary_vs_elite,6.30,Yes,green,5,Y,high,programmatic cell-fill sampling; validated vs published colour counts and cross-checked against a duplicate screenshot of QB9-16
QB_FACTOR_GRID_2026,"Analyst colour-coded QB factor grid (screenshots, 7 images; QB9-16 supplied twice)",third_party_analyst_screenshot,UNKNOWN - owner to supply,UNKNOWN - owner to supply,"Underdog Fantasy ADP (best-ball), 2026",2026,"Elite QB benchmark, NOT a cohort average - grids are titled ""Based on Elite QBs""",QB,8,Dak Prescott,Dak Prescott,,Rank in Neutral Pace,situational,binary_vs_elite,12.86,Yes,green,5,Y,high,programmatic cell-fill sampling; validated vs published colour counts and cross-checked against a duplicate screenshot of QB9-16
QB_FACTOR_GRID_2026,"Analyst colour-coded QB factor grid (screenshots, 7 images; QB9-16 supplied twice)",third_party_analyst_screenshot,UNKNOWN - owner to supply,UNKNOWN - owner to supply,"Underdog Fantasy ADP (best-ball), 2026",2026,"Elite QB benchmark, NOT a cohort average - grids are titled ""Based on Elite QBs""",QB,8,Dak Prescott,Dak Prescott,,Rank in Pass Offense DVOA,situational,binary_vs_elite,7.01,Yes,green,5,Y,high,programmatic cell-fill sampling; validated vs published colour counts and cross-checked against a duplicate screenshot of QB9-16
QB_FACTOR_GRID_2026,"Analyst colour-coded QB factor grid (screenshots, 7 images; QB9-16 supplied twice)",third_party_analyst_screenshot,UNKNOWN - owner to supply,UNKNOWN - owner to supply,"Underdog Fantasy ADP (best-ball), 2026",2026,"Elite QB benchmark, NOT a cohort average - grids are titled ""Based on Elite QBs""",QB,9,Justin Herbert,Justin Herbert,,Pass Attempts,volume,binary_vs_elite,576.50,Yes,yellow,3,Y,high,programmatic cell-fill sampling; validated vs published colour counts and cross-checked against a duplicate screenshot of QB9-16
QB_FACTOR_GRID_2026,"Analyst colour-coded QB factor grid (screenshots, 7 images; QB9-16 supplied twice)",third_party_analyst_screenshot,UNKNOWN - owner to supply,UNKNOWN - owner to supply,"Underdog Fantasy ADP (best-ball), 2026",2026,"Elite QB benchmark, NOT a cohort average - grids are titled ""Based on Elite QBs""",QB,9,Justin Herbert,Justin Herbert,,Passing TDs,volume,binary_vs_elite,44.63,Yes,yellow,3,Y,high,programmatic cell-fill sampling; validated vs published colour counts and cross-checked against a duplicate screenshot of QB9-16
QB_FACTOR_GRID_2026,"Analyst colour-coded QB factor grid (screenshots, 7 images; QB9-16 supplied twice)",third_party_analyst_screenshot,UNKNOWN - owner to supply,UNKNOWN - owner to supply,"Underdog Fantasy ADP (best-ball), 2026",2026,"Elite QB benchmark, NOT a cohort average - grids are titled ""Based on Elite QBs""",QB,9,Justin Herbert,Justin Herbert,,Rush Attempts,volume,binary_vs_elite,97.62,Yes,yellow,3,Y,high,programmatic cell-fill sampling; validated vs published colour counts and cross-checked against a duplicate screenshot of QB9-16
QB_FACTOR_GRID_2026,"Analyst colour-coded QB factor grid (screenshots, 7 images; QB9-16 supplied twice)",third_party_analyst_screenshot,UNKNOWN - owner to supply,UNKNOWN - owner to supply,"Underdog Fantasy ADP (best-ball), 2026",2026,"Elite QB benchmark, NOT a cohort average - grids are titled ""Based on Elite QBs""",QB,9,Justin Herbert,Justin Herbert,,Rushing TDs,volume,binary_vs_elite,0.32,Yes,yellow,3,Y,high,programmatic cell-fill sampling; validated vs published colour counts and cross-checked against a duplicate screenshot of QB9-16
QB_FACTOR_GRID_2026,"Analyst colour-coded QB factor grid (screenshots, 7 images; QB9-16 supplied twice)",third_party_analyst_screenshot,UNKNOWN - owner to supply,UNKNOWN - owner to supply,"Underdog Fantasy ADP (best-ball), 2026",2026,"Elite QB benchmark, NOT a cohort average - grids are titled ""Based on Elite QBs""",QB,9,Justin Herbert,Justin Herbert,,Offensive Rank in PPG,situational,binary_vs_elite,6.35,Yes,green,5,Y,high,programmatic cell-fill sampling; validated vs published colour counts and cross-checked against a duplicate screenshot of QB9-16
QB_FACTOR_GRID_2026,"Analyst colour-coded QB factor grid (screenshots, 7 images; QB9-16 supplied twice)",third_party_analyst_screenshot,UNKNOWN - owner to supply,UNKNOWN - owner to supply,"Underdog Fantasy ADP (best-ball), 2026",2026,"Elite QB benchmark, NOT a cohort average - grids are titled ""Based on Elite QBs""",QB,9,Justin Herbert,Justin Herbert,,Offensive Line Rank in Pass Blocking,situational,binary_vs_elite,11.54,Yes,green,5,Y,high,programmatic cell-fill sampling; validated vs published colour counts and cross-checked against a duplicate screenshot of QB9-16
QB_FACTOR_GRID_2026,"Analyst colour-coded QB factor grid (screenshots, 7 images; QB9-16 supplied twice)",third_party_analyst_screenshot,UNKNOWN - owner to supply,UNKNOWN - owner to supply,"Underdog Fantasy ADP (best-ball), 2026",2026,"Elite QB benchmark, NOT a cohort average - grids are titled ""Based on Elite QBs""",QB,9,Justin Herbert,Justin Herbert,,Deep Ball Attempts/Game,situational,binary_vs_elite,4.31,Yes,yellow,3,Y,high,programmatic cell-fill sampling; validated vs published colour counts and cross-checked against a duplicate screenshot of QB9-16
QB_FACTOR_GRID_2026,"Analyst colour-coded QB factor grid (screenshots, 7 images; QB9-16 supplied twice)",third_party_analyst_screenshot,UNKNOWN - owner to supply,UNKNOWN - owner to supply,"Underdog Fantasy ADP (best-ball), 2026",2026,"Elite QB benchmark, NOT a cohort average - grids are titled ""Based on Elite QBs""",QB,9,Justin Herbert,Justin Herbert,,Rank in QBR,situational,binary_vs_elite,6.90,Yes,green,5,Y,high,programmatic cell-fill sampling; validated vs published colour counts and cross-checked against a duplicate screenshot of QB9-16
QB_FACTOR_GRID_2026,"Analyst colour-coded QB factor grid (screenshots, 7 images; QB9-16 supplied twice)",third_party_analyst_screenshot,UNKNOWN - owner to supply,UNKNOWN - owner to supply,"Underdog Fantasy ADP (best-ball), 2026",2026,"Elite QB benchmark, NOT a cohort average - grids are titled ""Based on Elite QBs""",QB,9,Justin Herbert,Justin Herbert,,RedZone Combined Attempts,situational,binary_vs_elite,6.30,Yes,yellow,3,Y,high,programmatic cell-fill sampling; validated vs published colour counts and cross-checked against a duplicate screenshot of QB9-16
QB_FACTOR_GRID_2026,"Analyst colour-coded QB factor grid (screenshots, 7 images; QB9-16 supplied twice)",third_party_analyst_screenshot,UNKNOWN - owner to supply,UNKNOWN - owner to supply,"Underdog Fantasy ADP (best-ball), 2026",2026,"Elite QB benchmark, NOT a cohort average - grids are titled ""Based on Elite QBs""",QB,9,Justin Herbert,Justin Herbert,,Rank in Neutral Pace,situational,binary_vs_elite,12.86,Yes,yellow,3,Y,high,programmatic cell-fill sampling; validated vs published colour counts and cross-checked against a duplicate screenshot of QB9-16
QB_FACTOR_GRID_2026,"Analyst colour-coded QB factor grid (screenshots, 7 images; QB9-16 supplied twice)",third_party_analyst_screenshot,UNKNOWN - owner to supply,UNKNOWN - owner to supply,"Underdog Fantasy ADP (best-ball), 2026",2026,"Elite QB benchmark, NOT a cohort average - grids are titled ""Based on Elite QBs""",QB,9,Justin Herbert,Justin Herbert,,Rank in Pass Offense DVOA,situational,binary_vs_elite,7.01,Yes,yellow,3,Y,high,programmatic cell-fill sampling; validated vs published colour counts and cross-checked against a duplicate screenshot of QB9-16
QB_FACTOR_GRID_2026,"Analyst colour-coded QB factor grid (screenshots, 7 images; QB9-16 supplied twice)",third_party_analyst_screenshot,UNKNOWN - owner to supply,UNKNOWN - owner to supply,"Underdog Fantasy ADP (best-ball), 2026",2026,"Elite QB benchmark, NOT a cohort average - grids are titled ""Based on Elite QBs""",QB,10,Trevor Lawrence,Trevor Lawrence,,Pass Attempts,volume,binary_vs_elite,576.50,Yes,yellow,3,Y,high,programmatic cell-fill sampling; validated vs published colour counts and cross-checked against a duplicate screenshot of QB9-16
QB_FACTOR_GRID_2026,"Analyst colour-coded QB factor grid (screenshots, 7 images; QB9-16 supplied twice)",third_party_analyst_screenshot,UNKNOWN - owner to supply,UNKNOWN - owner to supply,"Underdog Fantasy ADP (best-ball), 2026",2026,"Elite QB benchmark, NOT a cohort average - grids are titled ""Based on Elite QBs""",QB,10,Trevor Lawrence,Trevor Lawrence,,Passing TDs,volume,binary_vs_elite,44.63,Yes,yellow,3,Y,high,programmatic cell-fill sampling; validated vs published colour counts and cross-checked against a duplicate screenshot of QB9-16
QB_FACTOR_GRID_2026,"Analyst colour-coded QB factor grid (screenshots, 7 images; QB9-16 supplied twice)",third_party_analyst_screenshot,UNKNOWN - owner to supply,UNKNOWN - owner to supply,"Underdog Fantasy ADP (best-ball), 2026",2026,"Elite QB benchmark, NOT a cohort average - grids are titled ""Based on Elite QBs""",QB,10,Trevor Lawrence,Trevor Lawrence,,Rush Attempts,volume,binary_vs_elite,97.62,Yes,yellow,3,Y,high,programmatic cell-fill sampling; validated vs published colour counts and cross-checked against a duplicate screenshot of QB9-16
QB_FACTOR_GRID_2026,"Analyst colour-coded QB factor grid (screenshots, 7 images; QB9-16 supplied twice)",third_party_analyst_screenshot,UNKNOWN - owner to supply,UNKNOWN - owner to supply,"Underdog Fantasy ADP (best-ball), 2026",2026,"Elite QB benchmark, NOT a cohort average - grids are titled ""Based on Elite QBs""",QB,10,Trevor Lawrence,Trevor Lawrence,,Rushing TDs,volume,binary_vs_elite,0.32,Yes,yellow,3,Y,high,programmatic cell-fill sampling; validated vs published colour counts and cross-checked against a duplicate screenshot of QB9-16
QB_FACTOR_GRID_2026,"Analyst colour-coded QB factor grid (screenshots, 7 images; QB9-16 supplied twice)",third_party_analyst_screenshot,UNKNOWN - owner to supply,UNKNOWN - owner to supply,"Underdog Fantasy ADP (best-ball), 2026",2026,"Elite QB benchmark, NOT a cohort average - grids are titled ""Based on Elite QBs""",QB,10,Trevor Lawrence,Trevor Lawrence,,Offensive Rank in PPG,situational,binary_vs_elite,6.35,Yes,yellow,3,Y,high,programmatic cell-fill sampling; validated vs published colour counts and cross-checked against a duplicate screenshot of QB9-16
QB_FACTOR_GRID_2026,"Analyst colour-coded QB factor grid (screenshots, 7 images; QB9-16 supplied twice)",third_party_analyst_screenshot,UNKNOWN - owner to supply,UNKNOWN - owner to supply,"Underdog Fantasy ADP (best-ball), 2026",2026,"Elite QB benchmark, NOT a cohort average - grids are titled ""Based on Elite QBs""",QB,10,Trevor Lawrence,Trevor Lawrence,,Offensive Line Rank in Pass Blocking,situational,binary_vs_elite,11.54,Yes,yellow,3,Y,high,programmatic cell-fill sampling; validated vs published colour counts and cross-checked against a duplicate screenshot of QB9-16
QB_FACTOR_GRID_2026,"Analyst colour-coded QB factor grid (screenshots, 7 images; QB9-16 supplied twice)",third_party_analyst_screenshot,UNKNOWN - owner to supply,UNKNOWN - owner to supply,"Underdog Fantasy ADP (best-ball), 2026",2026,"Elite QB benchmark, NOT a cohort average - grids are titled ""Based on Elite QBs""",QB,10,Trevor Lawrence,Trevor Lawrence,,Deep Ball Attempts/Game,situational,binary_vs_elite,4.31,Yes,yellow,3,Y,high,programmatic cell-fill sampling; validated vs published colour counts and cross-checked against a duplicate screenshot of QB9-16
QB_FACTOR_GRID_2026,"Analyst colour-coded QB factor grid (screenshots, 7 images; QB9-16 supplied twice)",third_party_analyst_screenshot,UNKNOWN - owner to supply,UNKNOWN - owner to supply,"Underdog Fantasy ADP (best-ball), 2026",2026,"Elite QB benchmark, NOT a cohort average - grids are titled ""Based on Elite QBs""",QB,10,Trevor Lawrence,Trevor Lawrence,,Rank in QBR,situational,binary_vs_elite,6.90,Yes,yellow,3,Y,high,programmatic cell-fill sampling; validated vs published colour counts and cross-checked against a duplicate screenshot of QB9-16
QB_FACTOR_GRID_2026,"Analyst colour-coded QB factor grid (screenshots, 7 images; QB9-16 supplied twice)",third_party_analyst_screenshot,UNKNOWN - owner to supply,UNKNOWN - owner to supply,"Underdog Fantasy ADP (best-ball), 2026",2026,"Elite QB benchmark, NOT a cohort average - grids are titled ""Based on Elite QBs""",QB,10,Trevor Lawrence,Trevor Lawrence,,RedZone Combined Attempts,situational,binary_vs_elite,6.30,Yes,yellow,3,Y,high,programmatic cell-fill sampling; validated vs published colour counts and cross-checked against a duplicate screenshot of QB9-16
QB_FACTOR_GRID_2026,"Analyst colour-coded QB factor grid (screenshots, 7 images; QB9-16 supplied twice)",third_party_analyst_screenshot,UNKNOWN - owner to supply,UNKNOWN - owner to supply,"Underdog Fantasy ADP (best-ball), 2026",2026,"Elite QB benchmark, NOT a cohort average - grids are titled ""Based on Elite QBs""",QB,10,Trevor Lawrence,Trevor Lawrence,,Rank in Neutral Pace,situational,binary_vs_elite,12.86,Yes,yellow,3,Y,high,programmatic cell-fill sampling; validated vs published colour counts and cross-checked against a duplicate screenshot of QB9-16
QB_FACTOR_GRID_2026,"Analyst colour-coded QB factor grid (screenshots, 7 images; QB9-16 supplied twice)",third_party_analyst_screenshot,UNKNOWN - owner to supply,UNKNOWN - owner to supply,"Underdog Fantasy ADP (best-ball), 2026",2026,"Elite QB benchmark, NOT a cohort average - grids are titled ""Based on Elite QBs""",QB,10,Trevor Lawrence,Trevor Lawrence,,Rank in Pass Offense DVOA,situational,binary_vs_elite,7.01,Yes,yellow,3,Y,high,programmatic cell-fill sampling; validated vs published colour counts and cross-checked against a duplicate screenshot of QB9-16
QB_FACTOR_GRID_2026,"Analyst colour-coded QB factor grid (screenshots, 7 images; QB9-16 supplied twice)",third_party_analyst_screenshot,UNKNOWN - owner to supply,UNKNOWN - owner to supply,"Underdog Fantasy ADP (best-ball), 2026",2026,"Elite QB benchmark, NOT a cohort average - grids are titled ""Based on Elite QBs""",QB,11,Patrick Mahomes,Patrick Mahomes,,Pass Attempts,volume,binary_vs_elite,576.50,Yes,yellow,3,Y,high,programmatic cell-fill sampling; validated vs published colour counts and cross-checked against a duplicate screenshot of QB9-16
QB_FACTOR_GRID_2026,"Analyst colour-coded QB factor grid (screenshots, 7 images; QB9-16 supplied twice)",third_party_analyst_screenshot,UNKNOWN - owner to supply,UNKNOWN - owner to supply,"Underdog Fantasy ADP (best-ball), 2026",2026,"Elite QB benchmark, NOT a cohort average - grids are titled ""Based on Elite QBs""",QB,11,Patrick Mahomes,Patrick Mahomes,,Passing TDs,volume,binary_vs_elite,44.63,Yes,yellow,3,Y,high,programmatic cell-fill sampling; validated vs published colour counts and cross-checked against a duplicate screenshot of QB9-16
QB_FACTOR_GRID_2026,"Analyst colour-coded QB factor grid (screenshots, 7 images; QB9-16 supplied twice)",third_party_analyst_screenshot,UNKNOWN - owner to supply,UNKNOWN - owner to supply,"Underdog Fantasy ADP (best-ball), 2026",2026,"Elite QB benchmark, NOT a cohort average - grids are titled ""Based on Elite QBs""",QB,11,Patrick Mahomes,Patrick Mahomes,,Rush Attempts,volume,binary_vs_elite,97.62,?,orange,-1,Y,high,programmatic cell-fill sampling; validated vs published colour counts and cross-checked against a duplicate screenshot of QB9-16
QB_FACTOR_GRID_2026,"Analyst colour-coded QB factor grid (screenshots, 7 images; QB9-16 supplied twice)",third_party_analyst_screenshot,UNKNOWN - owner to supply,UNKNOWN - owner to supply,"Underdog Fantasy ADP (best-ball), 2026",2026,"Elite QB benchmark, NOT a cohort average - grids are titled ""Based on Elite QBs""",QB,11,Patrick Mahomes,Patrick Mahomes,,Rushing TDs,volume,binary_vs_elite,0.32,?,orange,-1,Y,high,programmatic cell-fill sampling; validated vs published colour counts and cross-checked against a duplicate screenshot of QB9-16
QB_FACTOR_GRID_2026,"Analyst colour-coded QB factor grid (screenshots, 7 images; QB9-16 supplied twice)",third_party_analyst_screenshot,UNKNOWN - owner to supply,UNKNOWN - owner to supply,"Underdog Fantasy ADP (best-ball), 2026",2026,"Elite QB benchmark, NOT a cohort average - grids are titled ""Based on Elite QBs""",QB,11,Patrick Mahomes,Patrick Mahomes,,Offensive Rank in PPG,situational,binary_vs_elite,6.35,Yes,yellow,3,Y,high,programmatic cell-fill sampling; validated vs published colour counts and cross-checked against a duplicate screenshot of QB9-16
QB_FACTOR_GRID_2026,"Analyst colour-coded QB factor grid (screenshots, 7 images; QB9-16 supplied twice)",third_party_analyst_screenshot,UNKNOWN - owner to supply,UNKNOWN - owner to supply,"Underdog Fantasy ADP (best-ball), 2026",2026,"Elite QB benchmark, NOT a cohort average - grids are titled ""Based on Elite QBs""",QB,11,Patrick Mahomes,Patrick Mahomes,,Offensive Line Rank in Pass Blocking,situational,binary_vs_elite,11.54,?,orange,-1,Y,high,programmatic cell-fill sampling; validated vs published colour counts and cross-checked against a duplicate screenshot of QB9-16
QB_FACTOR_GRID_2026,"Analyst colour-coded QB factor grid (screenshots, 7 images; QB9-16 supplied twice)",third_party_analyst_screenshot,UNKNOWN - owner to supply,UNKNOWN - owner to supply,"Underdog Fantasy ADP (best-ball), 2026",2026,"Elite QB benchmark, NOT a cohort average - grids are titled ""Based on Elite QBs""",QB,11,Patrick Mahomes,Patrick Mahomes,,Deep Ball Attempts/Game,situational,binary_vs_elite,4.31,Yes,yellow,3,Y,high,programmatic cell-fill sampling; validated vs published colour counts and cross-checked against a duplicate screenshot of QB9-16
QB_FACTOR_GRID_2026,"Analyst colour-coded QB factor grid (screenshots, 7 images; QB9-16 supplied twice)",third_party_analyst_screenshot,UNKNOWN - owner to supply,UNKNOWN - owner to supply,"Underdog Fantasy ADP (best-ball), 2026",2026,"Elite QB benchmark, NOT a cohort average - grids are titled ""Based on Elite QBs""",QB,11,Patrick Mahomes,Patrick Mahomes,,Rank in QBR,situational,binary_vs_elite,6.90,Yes,green,5,Y,high,programmatic cell-fill sampling; validated vs published colour counts and cross-checked against a duplicate screenshot of QB9-16
QB_FACTOR_GRID_2026,"Analyst colour-coded QB factor grid (screenshots, 7 images; QB9-16 supplied twice)",third_party_analyst_screenshot,UNKNOWN - owner to supply,UNKNOWN - owner to supply,"Underdog Fantasy ADP (best-ball), 2026",2026,"Elite QB benchmark, NOT a cohort average - grids are titled ""Based on Elite QBs""",QB,11,Patrick Mahomes,Patrick Mahomes,,RedZone Combined Attempts,situational,binary_vs_elite,6.30,Yes,green,5,Y,high,programmatic cell-fill sampling; validated vs published colour counts and cross-checked against a duplicate screenshot of QB9-16
QB_FACTOR_GRID_2026,"Analyst colour-coded QB factor grid (screenshots, 7 images; QB9-16 supplied twice)",third_party_analyst_screenshot,UNKNOWN - owner to supply,UNKNOWN - owner to supply,"Underdog Fantasy ADP (best-ball), 2026",2026,"Elite QB benchmark, NOT a cohort average - grids are titled ""Based on Elite QBs""",QB,11,Patrick Mahomes,Patrick Mahomes,,Rank in Neutral Pace,situational,binary_vs_elite,12.86,Yes,yellow,3,Y,high,programmatic cell-fill sampling; validated vs published colour counts and cross-checked against a duplicate screenshot of QB9-16
QB_FACTOR_GRID_2026,"Analyst colour-coded QB factor grid (screenshots, 7 images; QB9-16 supplied twice)",third_party_analyst_screenshot,UNKNOWN - owner to supply,UNKNOWN - owner to supply,"Underdog Fantasy ADP (best-ball), 2026",2026,"Elite QB benchmark, NOT a cohort average - grids are titled ""Based on Elite QBs""",QB,11,Patrick Mahomes,Patrick Mahomes,,Rank in Pass Offense DVOA,situational,binary_vs_elite,7.01,Yes,yellow,3,Y,high,programmatic cell-fill sampling; validated vs published colour counts and cross-checked against a duplicate screenshot of QB9-16
QB_FACTOR_GRID_2026,"Analyst colour-coded QB factor grid (screenshots, 7 images; QB9-16 supplied twice)",third_party_analyst_screenshot,UNKNOWN - owner to supply,UNKNOWN - owner to supply,"Underdog Fantasy ADP (best-ball), 2026",2026,"Elite QB benchmark, NOT a cohort average - grids are titled ""Based on Elite QBs""",QB,12,Brock Purdy,Brock Purdy,,Pass Attempts,volume,binary_vs_elite,576.50,Yes,yellow,3,Y,high,programmatic cell-fill sampling; validated vs published colour counts and cross-checked against a duplicate screenshot of QB9-16
QB_FACTOR_GRID_2026,"Analyst colour-coded QB factor grid (screenshots, 7 images; QB9-16 supplied twice)",third_party_analyst_screenshot,UNKNOWN - owner to supply,UNKNOWN - owner to supply,"Underdog Fantasy ADP (best-ball), 2026",2026,"Elite QB benchmark, NOT a cohort average - grids are titled ""Based on Elite QBs""",QB,12,Brock Purdy,Brock Purdy,,Passing TDs,volume,binary_vs_elite,44.63,?,orange,-1,Y,high,programmatic cell-fill sampling; validated vs published colour counts and cross-checked against a duplicate screenshot of QB9-16
QB_FACTOR_GRID_2026,"Analyst colour-coded QB factor grid (screenshots, 7 images; QB9-16 supplied twice)",third_party_analyst_screenshot,UNKNOWN - owner to supply,UNKNOWN - owner to supply,"Underdog Fantasy ADP (best-ball), 2026",2026,"Elite QB benchmark, NOT a cohort average - grids are titled ""Based on Elite QBs""",QB,12,Brock Purdy,Brock Purdy,,Rush Attempts,volume,binary_vs_elite,97.62,?,orange,-1,Y,high,programmatic cell-fill sampling; validated vs published colour counts and cross-checked against a duplicate screenshot of QB9-16
QB_FACTOR_GRID_2026,"Analyst colour-coded QB factor grid (screenshots, 7 images; QB9-16 supplied twice)",third_party_analyst_screenshot,UNKNOWN - owner to supply,UNKNOWN - owner to supply,"Underdog Fantasy ADP (best-ball), 2026",2026,"Elite QB benchmark, NOT a cohort average - grids are titled ""Based on Elite QBs""",QB,12,Brock Purdy,Brock Purdy,,Rushing TDs,volume,binary_vs_elite,0.32,Yes,yellow,3,Y,high,programmatic cell-fill sampling; validated vs published colour counts and cross-checked against a duplicate screenshot of QB9-16
QB_FACTOR_GRID_2026,"Analyst colour-coded QB factor grid (screenshots, 7 images; QB9-16 supplied twice)",third_party_analyst_screenshot,UNKNOWN - owner to supply,UNKNOWN - owner to supply,"Underdog Fantasy ADP (best-ball), 2026",2026,"Elite QB benchmark, NOT a cohort average - grids are titled ""Based on Elite QBs""",QB,12,Brock Purdy,Brock Purdy,,Offensive Rank in PPG,situational,binary_vs_elite,6.35,Yes,yellow,3,Y,high,programmatic cell-fill sampling; validated vs published colour counts and cross-checked against a duplicate screenshot of QB9-16
QB_FACTOR_GRID_2026,"Analyst colour-coded QB factor grid (screenshots, 7 images; QB9-16 supplied twice)",third_party_analyst_screenshot,UNKNOWN - owner to supply,UNKNOWN - owner to supply,"Underdog Fantasy ADP (best-ball), 2026",2026,"Elite QB benchmark, NOT a cohort average - grids are titled ""Based on Elite QBs""",QB,12,Brock Purdy,Brock Purdy,,Offensive Line Rank in Pass Blocking,situational,binary_vs_elite,11.54,?,orange,-1,Y,high,programmatic cell-fill sampling; validated vs published colour counts and cross-checked against a duplicate screenshot of QB9-16
QB_FACTOR_GRID_2026,"Analyst colour-coded QB factor grid (screenshots, 7 images; QB9-16 supplied twice)",third_party_analyst_screenshot,UNKNOWN - owner to supply,UNKNOWN - owner to supply,"Underdog Fantasy ADP (best-ball), 2026",2026,"Elite QB benchmark, NOT a cohort average - grids are titled ""Based on Elite QBs""",QB,12,Brock Purdy,Brock Purdy,,Deep Ball Attempts/Game,situational,binary_vs_elite,4.31,Yes,yellow,3,Y,high,programmatic cell-fill sampling; validated vs published colour counts and cross-checked against a duplicate screenshot of QB9-16
QB_FACTOR_GRID_2026,"Analyst colour-coded QB factor grid (screenshots, 7 images; QB9-16 supplied twice)",third_party_analyst_screenshot,UNKNOWN - owner to supply,UNKNOWN - owner to supply,"Underdog Fantasy ADP (best-ball), 2026",2026,"Elite QB benchmark, NOT a cohort average - grids are titled ""Based on Elite QBs""",QB,12,Brock Purdy,Brock Purdy,,Rank in QBR,situational,binary_vs_elite,6.90,Yes,green,5,Y,high,programmatic cell-fill sampling; validated vs published colour counts and cross-checked against a duplicate screenshot of QB9-16
QB_FACTOR_GRID_2026,"Analyst colour-coded QB factor grid (screenshots, 7 images; QB9-16 supplied twice)",third_party_analyst_screenshot,UNKNOWN - owner to supply,UNKNOWN - owner to supply,"Underdog Fantasy ADP (best-ball), 2026",2026,"Elite QB benchmark, NOT a cohort average - grids are titled ""Based on Elite QBs""",QB,12,Brock Purdy,Brock Purdy,,RedZone Combined Attempts,situational,binary_vs_elite,6.30,Yes,green,5,Y,high,programmatic cell-fill sampling; validated vs published colour counts and cross-checked against a duplicate screenshot of QB9-16
QB_FACTOR_GRID_2026,"Analyst colour-coded QB factor grid (screenshots, 7 images; QB9-16 supplied twice)",third_party_analyst_screenshot,UNKNOWN - owner to supply,UNKNOWN - owner to supply,"Underdog Fantasy ADP (best-ball), 2026",2026,"Elite QB benchmark, NOT a cohort average - grids are titled ""Based on Elite QBs""",QB,12,Brock Purdy,Brock Purdy,,Rank in Neutral Pace,situational,binary_vs_elite,12.86,No,red,-3,Y,high,programmatic cell-fill sampling; validated vs published colour counts and cross-checked against a duplicate screenshot of QB9-16
QB_FACTOR_GRID_2026,"Analyst colour-coded QB factor grid (screenshots, 7 images; QB9-16 supplied twice)",third_party_analyst_screenshot,UNKNOWN - owner to supply,UNKNOWN - owner to supply,"Underdog Fantasy ADP (best-ball), 2026",2026,"Elite QB benchmark, NOT a cohort average - grids are titled ""Based on Elite QBs""",QB,12,Brock Purdy,Brock Purdy,,Rank in Pass Offense DVOA,situational,binary_vs_elite,7.01,Yes,green,5,Y,high,programmatic cell-fill sampling; validated vs published colour counts and cross-checked against a duplicate screenshot of QB9-16
QB_FACTOR_GRID_2026,"Analyst colour-coded QB factor grid (screenshots, 7 images; QB9-16 supplied twice)",third_party_analyst_screenshot,UNKNOWN - owner to supply,UNKNOWN - owner to supply,"Underdog Fantasy ADP (best-ball), 2026",2026,"Elite QB benchmark, NOT a cohort average - grids are titled ""Based on Elite QBs""",QB,13,Jaxson Dart,Jaxson Dart,,Pass Attempts,volume,binary_vs_elite,576.50,?,orange,-1,Y,high,programmatic cell-fill sampling; validated vs published colour counts and cross-checked against a duplicate screenshot of QB9-16
QB_FACTOR_GRID_2026,"Analyst colour-coded QB factor grid (screenshots, 7 images; QB9-16 supplied twice)",third_party_analyst_screenshot,UNKNOWN - owner to supply,UNKNOWN - owner to supply,"Underdog Fantasy ADP (best-ball), 2026",2026,"Elite QB benchmark, NOT a cohort average - grids are titled ""Based on Elite QBs""",QB,13,Jaxson Dart,Jaxson Dart,,Passing TDs,volume,binary_vs_elite,44.63,No,red,-3,Y,high,programmatic cell-fill sampling; validated vs published colour counts and cross-checked against a duplicate screenshot of QB9-16
QB_FACTOR_GRID_2026,"Analyst colour-coded QB factor grid (screenshots, 7 images; QB9-16 supplied twice)",third_party_analyst_screenshot,UNKNOWN - owner to supply,UNKNOWN - owner to supply,"Underdog Fantasy ADP (best-ball), 2026",2026,"Elite QB benchmark, NOT a cohort average - grids are titled ""Based on Elite QBs""",QB,13,Jaxson Dart,Jaxson Dart,,Rush Attempts,volume,binary_vs_elite,97.62,Yes,yellow,3,Y,high,programmatic cell-fill sampling; validated vs published colour counts and cross-checked against a duplicate screenshot of QB9-16
QB_FACTOR_GRID_2026,"Analyst colour-coded QB factor grid (screenshots, 7 images; QB9-16 supplied twice)",third_party_analyst_screenshot,UNKNOWN - owner to supply,UNKNOWN - owner to supply,"Underdog Fantasy ADP (best-ball), 2026",2026,"Elite QB benchmark, NOT a cohort average - grids are titled ""Based on Elite QBs""",QB,13,Jaxson Dart,Jaxson Dart,,Rushing TDs,volume,binary_vs_elite,0.32,Yes,green,5,Y,high,programmatic cell-fill sampling; validated vs published colour counts and cross-checked against a duplicate screenshot of QB9-16
QB_FACTOR_GRID_2026,"Analyst colour-coded QB factor grid (screenshots, 7 images; QB9-16 supplied twice)",third_party_analyst_screenshot,UNKNOWN - owner to supply,UNKNOWN - owner to supply,"Underdog Fantasy ADP (best-ball), 2026",2026,"Elite QB benchmark, NOT a cohort average - grids are titled ""Based on Elite QBs""",QB,13,Jaxson Dart,Jaxson Dart,,Offensive Rank in PPG,situational,binary_vs_elite,6.35,No,red,-3,Y,high,programmatic cell-fill sampling; validated vs published colour counts and cross-checked against a duplicate screenshot of QB9-16
QB_FACTOR_GRID_2026,"Analyst colour-coded QB factor grid (screenshots, 7 images; QB9-16 supplied twice)",third_party_analyst_screenshot,UNKNOWN - owner to supply,UNKNOWN - owner to supply,"Underdog Fantasy ADP (best-ball), 2026",2026,"Elite QB benchmark, NOT a cohort average - grids are titled ""Based on Elite QBs""",QB,13,Jaxson Dart,Jaxson Dart,,Offensive Line Rank in Pass Blocking,situational,binary_vs_elite,11.54,No,red,-3,Y,high,programmatic cell-fill sampling; validated vs published colour counts and cross-checked against a duplicate screenshot of QB9-16
QB_FACTOR_GRID_2026,"Analyst colour-coded QB factor grid (screenshots, 7 images; QB9-16 supplied twice)",third_party_analyst_screenshot,UNKNOWN - owner to supply,UNKNOWN - owner to supply,"Underdog Fantasy ADP (best-ball), 2026",2026,"Elite QB benchmark, NOT a cohort average - grids are titled ""Based on Elite QBs""",QB,13,Jaxson Dart,Jaxson Dart,,Deep Ball Attempts/Game,situational,binary_vs_elite,4.31,Yes,yellow,3,Y,high,programmatic cell-fill sampling; validated vs published colour counts and cross-checked against a duplicate screenshot of QB9-16
QB_FACTOR_GRID_2026,"Analyst colour-coded QB factor grid (screenshots, 7 images; QB9-16 supplied twice)",third_party_analyst_screenshot,UNKNOWN - owner to supply,UNKNOWN - owner to supply,"Underdog Fantasy ADP (best-ball), 2026",2026,"Elite QB benchmark, NOT a cohort average - grids are titled ""Based on Elite QBs""",QB,13,Jaxson Dart,Jaxson Dart,,Rank in QBR,situational,binary_vs_elite,6.90,?,orange,-1,Y,high,programmatic cell-fill sampling; validated vs published colour counts and cross-checked against a duplicate screenshot of QB9-16
QB_FACTOR_GRID_2026,"Analyst colour-coded QB factor grid (screenshots, 7 images; QB9-16 supplied twice)",third_party_analyst_screenshot,UNKNOWN - owner to supply,UNKNOWN - owner to supply,"Underdog Fantasy ADP (best-ball), 2026",2026,"Elite QB benchmark, NOT a cohort average - grids are titled ""Based on Elite QBs""",QB,13,Jaxson Dart,Jaxson Dart,,RedZone Combined Attempts,situational,binary_vs_elite,6.30,Yes,yellow,3,Y,high,programmatic cell-fill sampling; validated vs published colour counts and cross-checked against a duplicate screenshot of QB9-16
QB_FACTOR_GRID_2026,"Analyst colour-coded QB factor grid (screenshots, 7 images; QB9-16 supplied twice)",third_party_analyst_screenshot,UNKNOWN - owner to supply,UNKNOWN - owner to supply,"Underdog Fantasy ADP (best-ball), 2026",2026,"Elite QB benchmark, NOT a cohort average - grids are titled ""Based on Elite QBs""",QB,13,Jaxson Dart,Jaxson Dart,,Rank in Neutral Pace,situational,binary_vs_elite,12.86,No,red,-3,Y,high,programmatic cell-fill sampling; validated vs published colour counts and cross-checked against a duplicate screenshot of QB9-16
QB_FACTOR_GRID_2026,"Analyst colour-coded QB factor grid (screenshots, 7 images; QB9-16 supplied twice)",third_party_analyst_screenshot,UNKNOWN - owner to supply,UNKNOWN - owner to supply,"Underdog Fantasy ADP (best-ball), 2026",2026,"Elite QB benchmark, NOT a cohort average - grids are titled ""Based on Elite QBs""",QB,13,Jaxson Dart,Jaxson Dart,,Rank in Pass Offense DVOA,situational,binary_vs_elite,7.01,No,red,-3,Y,high,programmatic cell-fill sampling; validated vs published colour counts and cross-checked against a duplicate screenshot of QB9-16
QB_FACTOR_GRID_2026,"Analyst colour-coded QB factor grid (screenshots, 7 images; QB9-16 supplied twice)",third_party_analyst_screenshot,UNKNOWN - owner to supply,UNKNOWN - owner to supply,"Underdog Fantasy ADP (best-ball), 2026",2026,"Elite QB benchmark, NOT a cohort average - grids are titled ""Based on Elite QBs""",QB,14,Matthew Stafford,Matthew Stafford,,Pass Attempts,volume,binary_vs_elite,576.50,Yes,green,5,Y,high,programmatic cell-fill sampling; validated vs published colour counts and cross-checked against a duplicate screenshot of QB9-16
QB_FACTOR_GRID_2026,"Analyst colour-coded QB factor grid (screenshots, 7 images; QB9-16 supplied twice)",third_party_analyst_screenshot,UNKNOWN - owner to supply,UNKNOWN - owner to supply,"Underdog Fantasy ADP (best-ball), 2026",2026,"Elite QB benchmark, NOT a cohort average - grids are titled ""Based on Elite QBs""",QB,14,Matthew Stafford,Matthew Stafford,,Passing TDs,volume,binary_vs_elite,44.63,Yes,green,5,Y,high,programmatic cell-fill sampling; validated vs published colour counts and cross-checked against a duplicate screenshot of QB9-16
QB_FACTOR_GRID_2026,"Analyst colour-coded QB factor grid (screenshots, 7 images; QB9-16 supplied twice)",third_party_analyst_screenshot,UNKNOWN - owner to supply,UNKNOWN - owner to supply,"Underdog Fantasy ADP (best-ball), 2026",2026,"Elite QB benchmark, NOT a cohort average - grids are titled ""Based on Elite QBs""",QB,14,Matthew Stafford,Matthew Stafford,,Rush Attempts,volume,binary_vs_elite,97.62,No,red,-3,Y,high,programmatic cell-fill sampling; validated vs published colour counts and cross-checked against a duplicate screenshot of QB9-16
QB_FACTOR_GRID_2026,"Analyst colour-coded QB factor grid (screenshots, 7 images; QB9-16 supplied twice)",third_party_analyst_screenshot,UNKNOWN - owner to supply,UNKNOWN - owner to supply,"Underdog Fantasy ADP (best-ball), 2026",2026,"Elite QB benchmark, NOT a cohort average - grids are titled ""Based on Elite QBs""",QB,14,Matthew Stafford,Matthew Stafford,,Rushing TDs,volume,binary_vs_elite,0.32,No,red,-3,Y,high,programmatic cell-fill sampling; validated vs published colour counts and cross-checked against a duplicate screenshot of QB9-16
QB_FACTOR_GRID_2026,"Analyst colour-coded QB factor grid (screenshots, 7 images; QB9-16 supplied twice)",third_party_analyst_screenshot,UNKNOWN - owner to supply,UNKNOWN - owner to supply,"Underdog Fantasy ADP (best-ball), 2026",2026,"Elite QB benchmark, NOT a cohort average - grids are titled ""Based on Elite QBs""",QB,14,Matthew Stafford,Matthew Stafford,,Offensive Rank in PPG,situational,binary_vs_elite,6.35,Yes,green,5,Y,high,programmatic cell-fill sampling; validated vs published colour counts and cross-checked against a duplicate screenshot of QB9-16
QB_FACTOR_GRID_2026,"Analyst colour-coded QB factor grid (screenshots, 7 images; QB9-16 supplied twice)",third_party_analyst_screenshot,UNKNOWN - owner to supply,UNKNOWN - owner to supply,"Underdog Fantasy ADP (best-ball), 2026",2026,"Elite QB benchmark, NOT a cohort average - grids are titled ""Based on Elite QBs""",QB,14,Matthew Stafford,Matthew Stafford,,Offensive Line Rank in Pass Blocking,situational,binary_vs_elite,11.54,Yes,yellow,3,Y,high,programmatic cell-fill sampling; validated vs published colour counts and cross-checked against a duplicate screenshot of QB9-16
QB_FACTOR_GRID_2026,"Analyst colour-coded QB factor grid (screenshots, 7 images; QB9-16 supplied twice)",third_party_analyst_screenshot,UNKNOWN - owner to supply,UNKNOWN - owner to supply,"Underdog Fantasy ADP (best-ball), 2026",2026,"Elite QB benchmark, NOT a cohort average - grids are titled ""Based on Elite QBs""",QB,14,Matthew Stafford,Matthew Stafford,,Deep Ball Attempts/Game,situational,binary_vs_elite,4.31,Yes,green,5,Y,high,programmatic cell-fill sampling; validated vs published colour counts and cross-checked against a duplicate screenshot of QB9-16
QB_FACTOR_GRID_2026,"Analyst colour-coded QB factor grid (screenshots, 7 images; QB9-16 supplied twice)",third_party_analyst_screenshot,UNKNOWN - owner to supply,UNKNOWN - owner to supply,"Underdog Fantasy ADP (best-ball), 2026",2026,"Elite QB benchmark, NOT a cohort average - grids are titled ""Based on Elite QBs""",QB,14,Matthew Stafford,Matthew Stafford,,Rank in QBR,situational,binary_vs_elite,6.90,Yes,green,5,Y,high,programmatic cell-fill sampling; validated vs published colour counts and cross-checked against a duplicate screenshot of QB9-16
QB_FACTOR_GRID_2026,"Analyst colour-coded QB factor grid (screenshots, 7 images; QB9-16 supplied twice)",third_party_analyst_screenshot,UNKNOWN - owner to supply,UNKNOWN - owner to supply,"Underdog Fantasy ADP (best-ball), 2026",2026,"Elite QB benchmark, NOT a cohort average - grids are titled ""Based on Elite QBs""",QB,14,Matthew Stafford,Matthew Stafford,,RedZone Combined Attempts,situational,binary_vs_elite,6.30,Yes,green,5,Y,high,programmatic cell-fill sampling; validated vs published colour counts and cross-checked against a duplicate screenshot of QB9-16
QB_FACTOR_GRID_2026,"Analyst colour-coded QB factor grid (screenshots, 7 images; QB9-16 supplied twice)",third_party_analyst_screenshot,UNKNOWN - owner to supply,UNKNOWN - owner to supply,"Underdog Fantasy ADP (best-ball), 2026",2026,"Elite QB benchmark, NOT a cohort average - grids are titled ""Based on Elite QBs""",QB,14,Matthew Stafford,Matthew Stafford,,Rank in Neutral Pace,situational,binary_vs_elite,12.86,Yes,green,5,Y,high,programmatic cell-fill sampling; validated vs published colour counts and cross-checked against a duplicate screenshot of QB9-16
QB_FACTOR_GRID_2026,"Analyst colour-coded QB factor grid (screenshots, 7 images; QB9-16 supplied twice)",third_party_analyst_screenshot,UNKNOWN - owner to supply,UNKNOWN - owner to supply,"Underdog Fantasy ADP (best-ball), 2026",2026,"Elite QB benchmark, NOT a cohort average - grids are titled ""Based on Elite QBs""",QB,14,Matthew Stafford,Matthew Stafford,,Rank in Pass Offense DVOA,situational,binary_vs_elite,7.01,Yes,green,5,Y,high,programmatic cell-fill sampling; validated vs published colour counts and cross-checked against a duplicate screenshot of QB9-16
QB_FACTOR_GRID_2026,"Analyst colour-coded QB factor grid (screenshots, 7 images; QB9-16 supplied twice)",third_party_analyst_screenshot,UNKNOWN - owner to supply,UNKNOWN - owner to supply,"Underdog Fantasy ADP (best-ball), 2026",2026,"Elite QB benchmark, NOT a cohort average - grids are titled ""Based on Elite QBs""",QB,15,Bo Nix,Bo Nix,,Pass Attempts,volume,binary_vs_elite,576.50,Yes,green,5,Y,high,programmatic cell-fill sampling; validated vs published colour counts and cross-checked against a duplicate screenshot of QB9-16
QB_FACTOR_GRID_2026,"Analyst colour-coded QB factor grid (screenshots, 7 images; QB9-16 supplied twice)",third_party_analyst_screenshot,UNKNOWN - owner to supply,UNKNOWN - owner to supply,"Underdog Fantasy ADP (best-ball), 2026",2026,"Elite QB benchmark, NOT a cohort average - grids are titled ""Based on Elite QBs""",QB,15,Bo Nix,Bo Nix,,Passing TDs,volume,binary_vs_elite,44.63,?,orange,-1,Y,high,programmatic cell-fill sampling; validated vs published colour counts and cross-checked against a duplicate screenshot of QB9-16
QB_FACTOR_GRID_2026,"Analyst colour-coded QB factor grid (screenshots, 7 images; QB9-16 supplied twice)",third_party_analyst_screenshot,UNKNOWN - owner to supply,UNKNOWN - owner to supply,"Underdog Fantasy ADP (best-ball), 2026",2026,"Elite QB benchmark, NOT a cohort average - grids are titled ""Based on Elite QBs""",QB,15,Bo Nix,Bo Nix,,Rush Attempts,volume,binary_vs_elite,97.62,Yes,yellow,3,Y,high,programmatic cell-fill sampling; validated vs published colour counts and cross-checked against a duplicate screenshot of QB9-16
QB_FACTOR_GRID_2026,"Analyst colour-coded QB factor grid (screenshots, 7 images; QB9-16 supplied twice)",third_party_analyst_screenshot,UNKNOWN - owner to supply,UNKNOWN - owner to supply,"Underdog Fantasy ADP (best-ball), 2026",2026,"Elite QB benchmark, NOT a cohort average - grids are titled ""Based on Elite QBs""",QB,15,Bo Nix,Bo Nix,,Rushing TDs,volume,binary_vs_elite,0.32,Yes,yellow,3,Y,high,programmatic cell-fill sampling; validated vs published colour counts and cross-checked against a duplicate screenshot of QB9-16
QB_FACTOR_GRID_2026,"Analyst colour-coded QB factor grid (screenshots, 7 images; QB9-16 supplied twice)",third_party_analyst_screenshot,UNKNOWN - owner to supply,UNKNOWN - owner to supply,"Underdog Fantasy ADP (best-ball), 2026",2026,"Elite QB benchmark, NOT a cohort average - grids are titled ""Based on Elite QBs""",QB,15,Bo Nix,Bo Nix,,Offensive Rank in PPG,situational,binary_vs_elite,6.35,Yes,green,5,Y,high,programmatic cell-fill sampling; validated vs published colour counts and cross-checked against a duplicate screenshot of QB9-16
QB_FACTOR_GRID_2026,"Analyst colour-coded QB factor grid (screenshots, 7 images; QB9-16 supplied twice)",third_party_analyst_screenshot,UNKNOWN - owner to supply,UNKNOWN - owner to supply,"Underdog Fantasy ADP (best-ball), 2026",2026,"Elite QB benchmark, NOT a cohort average - grids are titled ""Based on Elite QBs""",QB,15,Bo Nix,Bo Nix,,Offensive Line Rank in Pass Blocking,situational,binary_vs_elite,11.54,Yes,green,5,Y,high,programmatic cell-fill sampling; validated vs published colour counts and cross-checked against a duplicate screenshot of QB9-16
QB_FACTOR_GRID_2026,"Analyst colour-coded QB factor grid (screenshots, 7 images; QB9-16 supplied twice)",third_party_analyst_screenshot,UNKNOWN - owner to supply,UNKNOWN - owner to supply,"Underdog Fantasy ADP (best-ball), 2026",2026,"Elite QB benchmark, NOT a cohort average - grids are titled ""Based on Elite QBs""",QB,15,Bo Nix,Bo Nix,,Deep Ball Attempts/Game,situational,binary_vs_elite,4.31,Yes,yellow,3,Y,high,programmatic cell-fill sampling; validated vs published colour counts and cross-checked against a duplicate screenshot of QB9-16
QB_FACTOR_GRID_2026,"Analyst colour-coded QB factor grid (screenshots, 7 images; QB9-16 supplied twice)",third_party_analyst_screenshot,UNKNOWN - owner to supply,UNKNOWN - owner to supply,"Underdog Fantasy ADP (best-ball), 2026",2026,"Elite QB benchmark, NOT a cohort average - grids are titled ""Based on Elite QBs""",QB,15,Bo Nix,Bo Nix,,Rank in QBR,situational,binary_vs_elite,6.90,Yes,yellow,3,Y,high,programmatic cell-fill sampling; validated vs published colour counts and cross-checked against a duplicate screenshot of QB9-16
QB_FACTOR_GRID_2026,"Analyst colour-coded QB factor grid (screenshots, 7 images; QB9-16 supplied twice)",third_party_analyst_screenshot,UNKNOWN - owner to supply,UNKNOWN - owner to supply,"Underdog Fantasy ADP (best-ball), 2026",2026,"Elite QB benchmark, NOT a cohort average - grids are titled ""Based on Elite QBs""",QB,15,Bo Nix,Bo Nix,,RedZone Combined Attempts,situational,binary_vs_elite,6.30,Yes,yellow,3,Y,high,programmatic cell-fill sampling; validated vs published colour counts and cross-checked against a duplicate screenshot of QB9-16
QB_FACTOR_GRID_2026,"Analyst colour-coded QB factor grid (screenshots, 7 images; QB9-16 supplied twice)",third_party_analyst_screenshot,UNKNOWN - owner to supply,UNKNOWN - owner to supply,"Underdog Fantasy ADP (best-ball), 2026",2026,"Elite QB benchmark, NOT a cohort average - grids are titled ""Based on Elite QBs""",QB,15,Bo Nix,Bo Nix,,Rank in Neutral Pace,situational,binary_vs_elite,12.86,Yes,green,5,Y,high,programmatic cell-fill sampling; validated vs published colour counts and cross-checked against a duplicate screenshot of QB9-16
QB_FACTOR_GRID_2026,"Analyst colour-coded QB factor grid (screenshots, 7 images; QB9-16 supplied twice)",third_party_analyst_screenshot,UNKNOWN - owner to supply,UNKNOWN - owner to supply,"Underdog Fantasy ADP (best-ball), 2026",2026,"Elite QB benchmark, NOT a cohort average - grids are titled ""Based on Elite QBs""",QB,15,Bo Nix,Bo Nix,,Rank in Pass Offense DVOA,situational,binary_vs_elite,7.01,Yes,green,5,Y,high,programmatic cell-fill sampling; validated vs published colour counts and cross-checked against a duplicate screenshot of QB9-16
QB_FACTOR_GRID_2026,"Analyst colour-coded QB factor grid (screenshots, 7 images; QB9-16 supplied twice)",third_party_analyst_screenshot,UNKNOWN - owner to supply,UNKNOWN - owner to supply,"Underdog Fantasy ADP (best-ball), 2026",2026,"Elite QB benchmark, NOT a cohort average - grids are titled ""Based on Elite QBs""",QB,16,Jared Goff,Jared Goff,,Pass Attempts,volume,binary_vs_elite,576.50,Yes,yellow,3,Y,high,programmatic cell-fill sampling; validated vs published colour counts and cross-checked against a duplicate screenshot of QB9-16
QB_FACTOR_GRID_2026,"Analyst colour-coded QB factor grid (screenshots, 7 images; QB9-16 supplied twice)",third_party_analyst_screenshot,UNKNOWN - owner to supply,UNKNOWN - owner to supply,"Underdog Fantasy ADP (best-ball), 2026",2026,"Elite QB benchmark, NOT a cohort average - grids are titled ""Based on Elite QBs""",QB,16,Jared Goff,Jared Goff,,Passing TDs,volume,binary_vs_elite,44.63,Yes,yellow,3,Y,high,programmatic cell-fill sampling; validated vs published colour counts and cross-checked against a duplicate screenshot of QB9-16
QB_FACTOR_GRID_2026,"Analyst colour-coded QB factor grid (screenshots, 7 images; QB9-16 supplied twice)",third_party_analyst_screenshot,UNKNOWN - owner to supply,UNKNOWN - owner to supply,"Underdog Fantasy ADP (best-ball), 2026",2026,"Elite QB benchmark, NOT a cohort average - grids are titled ""Based on Elite QBs""",QB,16,Jared Goff,Jared Goff,,Rush Attempts,volume,binary_vs_elite,97.62,No,red,-3,Y,high,programmatic cell-fill sampling; validated vs published colour counts and cross-checked against a duplicate screenshot of QB9-16
QB_FACTOR_GRID_2026,"Analyst colour-coded QB factor grid (screenshots, 7 images; QB9-16 supplied twice)",third_party_analyst_screenshot,UNKNOWN - owner to supply,UNKNOWN - owner to supply,"Underdog Fantasy ADP (best-ball), 2026",2026,"Elite QB benchmark, NOT a cohort average - grids are titled ""Based on Elite QBs""",QB,16,Jared Goff,Jared Goff,,Rushing TDs,volume,binary_vs_elite,0.32,No,red,-3,Y,high,programmatic cell-fill sampling; validated vs published colour counts and cross-checked against a duplicate screenshot of QB9-16
QB_FACTOR_GRID_2026,"Analyst colour-coded QB factor grid (screenshots, 7 images; QB9-16 supplied twice)",third_party_analyst_screenshot,UNKNOWN - owner to supply,UNKNOWN - owner to supply,"Underdog Fantasy ADP (best-ball), 2026",2026,"Elite QB benchmark, NOT a cohort average - grids are titled ""Based on Elite QBs""",QB,16,Jared Goff,Jared Goff,,Offensive Rank in PPG,situational,binary_vs_elite,6.35,Yes,green,5,Y,high,programmatic cell-fill sampling; validated vs published colour counts and cross-checked against a duplicate screenshot of QB9-16
QB_FACTOR_GRID_2026,"Analyst colour-coded QB factor grid (screenshots, 7 images; QB9-16 supplied twice)",third_party_analyst_screenshot,UNKNOWN - owner to supply,UNKNOWN - owner to supply,"Underdog Fantasy ADP (best-ball), 2026",2026,"Elite QB benchmark, NOT a cohort average - grids are titled ""Based on Elite QBs""",QB,16,Jared Goff,Jared Goff,,Offensive Line Rank in Pass Blocking,situational,binary_vs_elite,11.54,Yes,green,5,Y,high,programmatic cell-fill sampling; validated vs published colour counts and cross-checked against a duplicate screenshot of QB9-16
QB_FACTOR_GRID_2026,"Analyst colour-coded QB factor grid (screenshots, 7 images; QB9-16 supplied twice)",third_party_analyst_screenshot,UNKNOWN - owner to supply,UNKNOWN - owner to supply,"Underdog Fantasy ADP (best-ball), 2026",2026,"Elite QB benchmark, NOT a cohort average - grids are titled ""Based on Elite QBs""",QB,16,Jared Goff,Jared Goff,,Deep Ball Attempts/Game,situational,binary_vs_elite,4.31,No,red,-3,Y,high,programmatic cell-fill sampling; validated vs published colour counts and cross-checked against a duplicate screenshot of QB9-16
QB_FACTOR_GRID_2026,"Analyst colour-coded QB factor grid (screenshots, 7 images; QB9-16 supplied twice)",third_party_analyst_screenshot,UNKNOWN - owner to supply,UNKNOWN - owner to supply,"Underdog Fantasy ADP (best-ball), 2026",2026,"Elite QB benchmark, NOT a cohort average - grids are titled ""Based on Elite QBs""",QB,16,Jared Goff,Jared Goff,,Rank in QBR,situational,binary_vs_elite,6.90,Yes,green,5,Y,high,programmatic cell-fill sampling; validated vs published colour counts and cross-checked against a duplicate screenshot of QB9-16
QB_FACTOR_GRID_2026,"Analyst colour-coded QB factor grid (screenshots, 7 images; QB9-16 supplied twice)",third_party_analyst_screenshot,UNKNOWN - owner to supply,UNKNOWN - owner to supply,"Underdog Fantasy ADP (best-ball), 2026",2026,"Elite QB benchmark, NOT a cohort average - grids are titled ""Based on Elite QBs""",QB,16,Jared Goff,Jared Goff,,RedZone Combined Attempts,situational,binary_vs_elite,6.30,Yes,yellow,3,Y,high,programmatic cell-fill sampling; validated vs published colour counts and cross-checked against a duplicate screenshot of QB9-16
QB_FACTOR_GRID_2026,"Analyst colour-coded QB factor grid (screenshots, 7 images; QB9-16 supplied twice)",third_party_analyst_screenshot,UNKNOWN - owner to supply,UNKNOWN - owner to supply,"Underdog Fantasy ADP (best-ball), 2026",2026,"Elite QB benchmark, NOT a cohort average - grids are titled ""Based on Elite QBs""",QB,16,Jared Goff,Jared Goff,,Rank in Neutral Pace,situational,binary_vs_elite,12.86,Yes,yellow,3,Y,high,programmatic cell-fill sampling; validated vs published colour counts and cross-checked against a duplicate screenshot of QB9-16
QB_FACTOR_GRID_2026,"Analyst colour-coded QB factor grid (screenshots, 7 images; QB9-16 supplied twice)",third_party_analyst_screenshot,UNKNOWN - owner to supply,UNKNOWN - owner to supply,"Underdog Fantasy ADP (best-ball), 2026",2026,"Elite QB benchmark, NOT a cohort average - grids are titled ""Based on Elite QBs""",QB,16,Jared Goff,Jared Goff,,Rank in Pass Offense DVOA,situational,binary_vs_elite,7.01,Yes,green,5,Y,high,programmatic cell-fill sampling; validated vs published colour counts and cross-checked against a duplicate screenshot of QB9-16
QB_FACTOR_GRID_2026,"Analyst colour-coded QB factor grid (screenshots, 7 images; QB9-16 supplied twice)",third_party_analyst_screenshot,UNKNOWN - owner to supply,UNKNOWN - owner to supply,"Underdog Fantasy ADP (best-ball), 2026",2026,"Elite QB benchmark, NOT a cohort average - grids are titled ""Based on Elite QBs""",QB,17,Kyler Murray,Kyler Murray,,Pass Attempts,volume,binary_vs_elite,576.50,Yes,yellow,3,Y,high,programmatic cell-fill sampling; validated vs published colour counts and cross-checked against a duplicate screenshot of QB9-16
QB_FACTOR_GRID_2026,"Analyst colour-coded QB factor grid (screenshots, 7 images; QB9-16 supplied twice)",third_party_analyst_screenshot,UNKNOWN - owner to supply,UNKNOWN - owner to supply,"Underdog Fantasy ADP (best-ball), 2026",2026,"Elite QB benchmark, NOT a cohort average - grids are titled ""Based on Elite QBs""",QB,17,Kyler Murray,Kyler Murray,,Passing TDs,volume,binary_vs_elite,44.63,No,red,-3,Y,high,programmatic cell-fill sampling; validated vs published colour counts and cross-checked against a duplicate screenshot of QB9-16
QB_FACTOR_GRID_2026,"Analyst colour-coded QB factor grid (screenshots, 7 images; QB9-16 supplied twice)",third_party_analyst_screenshot,UNKNOWN - owner to supply,UNKNOWN - owner to supply,"Underdog Fantasy ADP (best-ball), 2026",2026,"Elite QB benchmark, NOT a cohort average - grids are titled ""Based on Elite QBs""",QB,17,Kyler Murray,Kyler Murray,,Rush Attempts,volume,binary_vs_elite,97.62,Yes,yellow,3,Y,high,programmatic cell-fill sampling; validated vs published colour counts and cross-checked against a duplicate screenshot of QB9-16
QB_FACTOR_GRID_2026,"Analyst colour-coded QB factor grid (screenshots, 7 images; QB9-16 supplied twice)",third_party_analyst_screenshot,UNKNOWN - owner to supply,UNKNOWN - owner to supply,"Underdog Fantasy ADP (best-ball), 2026",2026,"Elite QB benchmark, NOT a cohort average - grids are titled ""Based on Elite QBs""",QB,17,Kyler Murray,Kyler Murray,,Rushing TDs,volume,binary_vs_elite,0.32,Yes,yellow,3,Y,high,programmatic cell-fill sampling; validated vs published colour counts and cross-checked against a duplicate screenshot of QB9-16
QB_FACTOR_GRID_2026,"Analyst colour-coded QB factor grid (screenshots, 7 images; QB9-16 supplied twice)",third_party_analyst_screenshot,UNKNOWN - owner to supply,UNKNOWN - owner to supply,"Underdog Fantasy ADP (best-ball), 2026",2026,"Elite QB benchmark, NOT a cohort average - grids are titled ""Based on Elite QBs""",QB,17,Kyler Murray,Kyler Murray,,Offensive Rank in PPG,situational,binary_vs_elite,6.35,?,orange,-1,Y,high,programmatic cell-fill sampling; validated vs published colour counts and cross-checked against a duplicate screenshot of QB9-16
QB_FACTOR_GRID_2026,"Analyst colour-coded QB factor grid (screenshots, 7 images; QB9-16 supplied twice)",third_party_analyst_screenshot,UNKNOWN - owner to supply,UNKNOWN - owner to supply,"Underdog Fantasy ADP (best-ball), 2026",2026,"Elite QB benchmark, NOT a cohort average - grids are titled ""Based on Elite QBs""",QB,17,Kyler Murray,Kyler Murray,,Offensive Line Rank in Pass Blocking,situational,binary_vs_elite,11.54,Yes,yellow,3,Y,high,programmatic cell-fill sampling; validated vs published colour counts and cross-checked against a duplicate screenshot of QB9-16
QB_FACTOR_GRID_2026,"Analyst colour-coded QB factor grid (screenshots, 7 images; QB9-16 supplied twice)",third_party_analyst_screenshot,UNKNOWN - owner to supply,UNKNOWN - owner to supply,"Underdog Fantasy ADP (best-ball), 2026",2026,"Elite QB benchmark, NOT a cohort average - grids are titled ""Based on Elite QBs""",QB,17,Kyler Murray,Kyler Murray,,Deep Ball Attempts/Game,situational,binary_vs_elite,4.31,Yes,yellow,3,Y,high,programmatic cell-fill sampling; validated vs published colour counts and cross-checked against a duplicate screenshot of QB9-16
QB_FACTOR_GRID_2026,"Analyst colour-coded QB factor grid (screenshots, 7 images; QB9-16 supplied twice)",third_party_analyst_screenshot,UNKNOWN - owner to supply,UNKNOWN - owner to supply,"Underdog Fantasy ADP (best-ball), 2026",2026,"Elite QB benchmark, NOT a cohort average - grids are titled ""Based on Elite QBs""",QB,17,Kyler Murray,Kyler Murray,,Rank in QBR,situational,binary_vs_elite,6.90,Yes,yellow,3,Y,high,programmatic cell-fill sampling; validated vs published colour counts and cross-checked against a duplicate screenshot of QB9-16
QB_FACTOR_GRID_2026,"Analyst colour-coded QB factor grid (screenshots, 7 images; QB9-16 supplied twice)",third_party_analyst_screenshot,UNKNOWN - owner to supply,UNKNOWN - owner to supply,"Underdog Fantasy ADP (best-ball), 2026",2026,"Elite QB benchmark, NOT a cohort average - grids are titled ""Based on Elite QBs""",QB,17,Kyler Murray,Kyler Murray,,RedZone Combined Attempts,situational,binary_vs_elite,6.30,?,orange,-1,Y,high,programmatic cell-fill sampling; validated vs published colour counts and cross-checked against a duplicate screenshot of QB9-16
QB_FACTOR_GRID_2026,"Analyst colour-coded QB factor grid (screenshots, 7 images; QB9-16 supplied twice)",third_party_analyst_screenshot,UNKNOWN - owner to supply,UNKNOWN - owner to supply,"Underdog Fantasy ADP (best-ball), 2026",2026,"Elite QB benchmark, NOT a cohort average - grids are titled ""Based on Elite QBs""",QB,17,Kyler Murray,Kyler Murray,,Rank in Neutral Pace,situational,binary_vs_elite,12.86,?,orange,-1,Y,high,programmatic cell-fill sampling; validated vs published colour counts and cross-checked against a duplicate screenshot of QB9-16
QB_FACTOR_GRID_2026,"Analyst colour-coded QB factor grid (screenshots, 7 images; QB9-16 supplied twice)",third_party_analyst_screenshot,UNKNOWN - owner to supply,UNKNOWN - owner to supply,"Underdog Fantasy ADP (best-ball), 2026",2026,"Elite QB benchmark, NOT a cohort average - grids are titled ""Based on Elite QBs""",QB,17,Kyler Murray,Kyler Murray,,Rank in Pass Offense DVOA,situational,binary_vs_elite,7.01,Yes,yellow,3,Y,high,programmatic cell-fill sampling; validated vs published colour counts and cross-checked against a duplicate screenshot of QB9-16
QB_FACTOR_GRID_2026,"Analyst colour-coded QB factor grid (screenshots, 7 images; QB9-16 supplied twice)",third_party_analyst_screenshot,UNKNOWN - owner to supply,UNKNOWN - owner to supply,"Underdog Fantasy ADP (best-ball), 2026",2026,"Elite QB benchmark, NOT a cohort average - grids are titled ""Based on Elite QBs""",QB,18,Jordan Love,Jordan Love,,Pass Attempts,volume,binary_vs_elite,576.50,No,red,-3,Y,high,programmatic cell-fill sampling; validated vs published colour counts and cross-checked against a duplicate screenshot of QB9-16
QB_FACTOR_GRID_2026,"Analyst colour-coded QB factor grid (screenshots, 7 images; QB9-16 supplied twice)",third_party_analyst_screenshot,UNKNOWN - owner to supply,UNKNOWN - owner to supply,"Underdog Fantasy ADP (best-ball), 2026",2026,"Elite QB benchmark, NOT a cohort average - grids are titled ""Based on Elite QBs""",QB,18,Jordan Love,Jordan Love,,Passing TDs,volume,binary_vs_elite,44.63,?,orange,-1,Y,high,programmatic cell-fill sampling; validated vs published colour counts and cross-checked against a duplicate screenshot of QB9-16
QB_FACTOR_GRID_2026,"Analyst colour-coded QB factor grid (screenshots, 7 images; QB9-16 supplied twice)",third_party_analyst_screenshot,UNKNOWN - owner to supply,UNKNOWN - owner to supply,"Underdog Fantasy ADP (best-ball), 2026",2026,"Elite QB benchmark, NOT a cohort average - grids are titled ""Based on Elite QBs""",QB,18,Jordan Love,Jordan Love,,Rush Attempts,volume,binary_vs_elite,97.62,No,red,-3,Y,high,programmatic cell-fill sampling; validated vs published colour counts and cross-checked against a duplicate screenshot of QB9-16
QB_FACTOR_GRID_2026,"Analyst colour-coded QB factor grid (screenshots, 7 images; QB9-16 supplied twice)",third_party_analyst_screenshot,UNKNOWN - owner to supply,UNKNOWN - owner to supply,"Underdog Fantasy ADP (best-ball), 2026",2026,"Elite QB benchmark, NOT a cohort average - grids are titled ""Based on Elite QBs""",QB,18,Jordan Love,Jordan Love,,Rushing TDs,volume,binary_vs_elite,0.32,Yes,yellow,3,Y,high,programmatic cell-fill sampling; validated vs published colour counts and cross-checked against a duplicate screenshot of QB9-16
QB_FACTOR_GRID_2026,"Analyst colour-coded QB factor grid (screenshots, 7 images; QB9-16 supplied twice)",third_party_analyst_screenshot,UNKNOWN - owner to supply,UNKNOWN - owner to supply,"Underdog Fantasy ADP (best-ball), 2026",2026,"Elite QB benchmark, NOT a cohort average - grids are titled ""Based on Elite QBs""",QB,18,Jordan Love,Jordan Love,,Offensive Rank in PPG,situational,binary_vs_elite,6.35,Yes,yellow,3,Y,high,programmatic cell-fill sampling; validated vs published colour counts and cross-checked against a duplicate screenshot of QB9-16
QB_FACTOR_GRID_2026,"Analyst colour-coded QB factor grid (screenshots, 7 images; QB9-16 supplied twice)",third_party_analyst_screenshot,UNKNOWN - owner to supply,UNKNOWN - owner to supply,"Underdog Fantasy ADP (best-ball), 2026",2026,"Elite QB benchmark, NOT a cohort average - grids are titled ""Based on Elite QBs""",QB,18,Jordan Love,Jordan Love,,Offensive Line Rank in Pass Blocking,situational,binary_vs_elite,11.54,?,orange,-1,Y,high,programmatic cell-fill sampling; validated vs published colour counts and cross-checked against a duplicate screenshot of QB9-16
QB_FACTOR_GRID_2026,"Analyst colour-coded QB factor grid (screenshots, 7 images; QB9-16 supplied twice)",third_party_analyst_screenshot,UNKNOWN - owner to supply,UNKNOWN - owner to supply,"Underdog Fantasy ADP (best-ball), 2026",2026,"Elite QB benchmark, NOT a cohort average - grids are titled ""Based on Elite QBs""",QB,18,Jordan Love,Jordan Love,,Deep Ball Attempts/Game,situational,binary_vs_elite,4.31,Yes,yellow,3,Y,high,programmatic cell-fill sampling; validated vs published colour counts and cross-checked against a duplicate screenshot of QB9-16
QB_FACTOR_GRID_2026,"Analyst colour-coded QB factor grid (screenshots, 7 images; QB9-16 supplied twice)",third_party_analyst_screenshot,UNKNOWN - owner to supply,UNKNOWN - owner to supply,"Underdog Fantasy ADP (best-ball), 2026",2026,"Elite QB benchmark, NOT a cohort average - grids are titled ""Based on Elite QBs""",QB,18,Jordan Love,Jordan Love,,Rank in QBR,situational,binary_vs_elite,6.90,Yes,yellow,3,Y,high,programmatic cell-fill sampling; validated vs published colour counts and cross-checked against a duplicate screenshot of QB9-16
QB_FACTOR_GRID_2026,"Analyst colour-coded QB factor grid (screenshots, 7 images; QB9-16 supplied twice)",third_party_analyst_screenshot,UNKNOWN - owner to supply,UNKNOWN - owner to supply,"Underdog Fantasy ADP (best-ball), 2026",2026,"Elite QB benchmark, NOT a cohort average - grids are titled ""Based on Elite QBs""",QB,18,Jordan Love,Jordan Love,,RedZone Combined Attempts,situational,binary_vs_elite,6.30,Yes,yellow,3,Y,high,programmatic cell-fill sampling; validated vs published colour counts and cross-checked against a duplicate screenshot of QB9-16
QB_FACTOR_GRID_2026,"Analyst colour-coded QB factor grid (screenshots, 7 images; QB9-16 supplied twice)",third_party_analyst_screenshot,UNKNOWN - owner to supply,UNKNOWN - owner to supply,"Underdog Fantasy ADP (best-ball), 2026",2026,"Elite QB benchmark, NOT a cohort average - grids are titled ""Based on Elite QBs""",QB,18,Jordan Love,Jordan Love,,Rank in Neutral Pace,situational,binary_vs_elite,12.86,No,red,-3,Y,high,programmatic cell-fill sampling; validated vs published colour counts and cross-checked against a duplicate screenshot of QB9-16
QB_FACTOR_GRID_2026,"Analyst colour-coded QB factor grid (screenshots, 7 images; QB9-16 supplied twice)",third_party_analyst_screenshot,UNKNOWN - owner to supply,UNKNOWN - owner to supply,"Underdog Fantasy ADP (best-ball), 2026",2026,"Elite QB benchmark, NOT a cohort average - grids are titled ""Based on Elite QBs""",QB,18,Jordan Love,Jordan Love,,Rank in Pass Offense DVOA,situational,binary_vs_elite,7.01,Yes,yellow,3,Y,high,programmatic cell-fill sampling; validated vs published colour counts and cross-checked against a duplicate screenshot of QB9-16
QB_FACTOR_GRID_2026,"Analyst colour-coded QB factor grid (screenshots, 7 images; QB9-16 supplied twice)",third_party_analyst_screenshot,UNKNOWN - owner to supply,UNKNOWN - owner to supply,"Underdog Fantasy ADP (best-ball), 2026",2026,"Elite QB benchmark, NOT a cohort average - grids are titled ""Based on Elite QBs""",QB,19,Baker Mayfield,Baker Mayfield,,Pass Attempts,volume,binary_vs_elite,576.50,Yes,yellow,3,Y,high,programmatic cell-fill sampling; validated vs published colour counts and cross-checked against a duplicate screenshot of QB9-16
QB_FACTOR_GRID_2026,"Analyst colour-coded QB factor grid (screenshots, 7 images; QB9-16 supplied twice)",third_party_analyst_screenshot,UNKNOWN - owner to supply,UNKNOWN - owner to supply,"Underdog Fantasy ADP (best-ball), 2026",2026,"Elite QB benchmark, NOT a cohort average - grids are titled ""Based on Elite QBs""",QB,19,Baker Mayfield,Baker Mayfield,,Passing TDs,volume,binary_vs_elite,44.63,Yes,yellow,3,Y,high,programmatic cell-fill sampling; validated vs published colour counts and cross-checked against a duplicate screenshot of QB9-16
QB_FACTOR_GRID_2026,"Analyst colour-coded QB factor grid (screenshots, 7 images; QB9-16 supplied twice)",third_party_analyst_screenshot,UNKNOWN - owner to supply,UNKNOWN - owner to supply,"Underdog Fantasy ADP (best-ball), 2026",2026,"Elite QB benchmark, NOT a cohort average - grids are titled ""Based on Elite QBs""",QB,19,Baker Mayfield,Baker Mayfield,,Rush Attempts,volume,binary_vs_elite,97.62,No,red,-3,Y,high,programmatic cell-fill sampling; validated vs published colour counts and cross-checked against a duplicate screenshot of QB9-16
QB_FACTOR_GRID_2026,"Analyst colour-coded QB factor grid (screenshots, 7 images; QB9-16 supplied twice)",third_party_analyst_screenshot,UNKNOWN - owner to supply,UNKNOWN - owner to supply,"Underdog Fantasy ADP (best-ball), 2026",2026,"Elite QB benchmark, NOT a cohort average - grids are titled ""Based on Elite QBs""",QB,19,Baker Mayfield,Baker Mayfield,,Rushing TDs,volume,binary_vs_elite,0.32,Yes,yellow,3,Y,high,programmatic cell-fill sampling; validated vs published colour counts and cross-checked against a duplicate screenshot of QB9-16
QB_FACTOR_GRID_2026,"Analyst colour-coded QB factor grid (screenshots, 7 images; QB9-16 supplied twice)",third_party_analyst_screenshot,UNKNOWN - owner to supply,UNKNOWN - owner to supply,"Underdog Fantasy ADP (best-ball), 2026",2026,"Elite QB benchmark, NOT a cohort average - grids are titled ""Based on Elite QBs""",QB,19,Baker Mayfield,Baker Mayfield,,Offensive Rank in PPG,situational,binary_vs_elite,6.35,Yes,yellow,3,Y,high,programmatic cell-fill sampling; validated vs published colour counts and cross-checked against a duplicate screenshot of QB9-16
QB_FACTOR_GRID_2026,"Analyst colour-coded QB factor grid (screenshots, 7 images; QB9-16 supplied twice)",third_party_analyst_screenshot,UNKNOWN - owner to supply,UNKNOWN - owner to supply,"Underdog Fantasy ADP (best-ball), 2026",2026,"Elite QB benchmark, NOT a cohort average - grids are titled ""Based on Elite QBs""",QB,19,Baker Mayfield,Baker Mayfield,,Offensive Line Rank in Pass Blocking,situational,binary_vs_elite,11.54,Yes,yellow,3,Y,high,programmatic cell-fill sampling; validated vs published colour counts and cross-checked against a duplicate screenshot of QB9-16
QB_FACTOR_GRID_2026,"Analyst colour-coded QB factor grid (screenshots, 7 images; QB9-16 supplied twice)",third_party_analyst_screenshot,UNKNOWN - owner to supply,UNKNOWN - owner to supply,"Underdog Fantasy ADP (best-ball), 2026",2026,"Elite QB benchmark, NOT a cohort average - grids are titled ""Based on Elite QBs""",QB,19,Baker Mayfield,Baker Mayfield,,Deep Ball Attempts/Game,situational,binary_vs_elite,4.31,Yes,yellow,3,Y,high,programmatic cell-fill sampling; validated vs published colour counts and cross-checked against a duplicate screenshot of QB9-16
QB_FACTOR_GRID_2026,"Analyst colour-coded QB factor grid (screenshots, 7 images; QB9-16 supplied twice)",third_party_analyst_screenshot,UNKNOWN - owner to supply,UNKNOWN - owner to supply,"Underdog Fantasy ADP (best-ball), 2026",2026,"Elite QB benchmark, NOT a cohort average - grids are titled ""Based on Elite QBs""",QB,19,Baker Mayfield,Baker Mayfield,,Rank in QBR,situational,binary_vs_elite,6.90,Yes,yellow,3,Y,high,programmatic cell-fill sampling; validated vs published colour counts and cross-checked against a duplicate screenshot of QB9-16
QB_FACTOR_GRID_2026,"Analyst colour-coded QB factor grid (screenshots, 7 images; QB9-16 supplied twice)",third_party_analyst_screenshot,UNKNOWN - owner to supply,UNKNOWN - owner to supply,"Underdog Fantasy ADP (best-ball), 2026",2026,"Elite QB benchmark, NOT a cohort average - grids are titled ""Based on Elite QBs""",QB,19,Baker Mayfield,Baker Mayfield,,RedZone Combined Attempts,situational,binary_vs_elite,6.30,?,orange,-1,Y,high,programmatic cell-fill sampling; validated vs published colour counts and cross-checked against a duplicate screenshot of QB9-16
QB_FACTOR_GRID_2026,"Analyst colour-coded QB factor grid (screenshots, 7 images; QB9-16 supplied twice)",third_party_analyst_screenshot,UNKNOWN - owner to supply,UNKNOWN - owner to supply,"Underdog Fantasy ADP (best-ball), 2026",2026,"Elite QB benchmark, NOT a cohort average - grids are titled ""Based on Elite QBs""",QB,19,Baker Mayfield,Baker Mayfield,,Rank in Neutral Pace,situational,binary_vs_elite,12.86,?,orange,-1,Y,high,programmatic cell-fill sampling; validated vs published colour counts and cross-checked against a duplicate screenshot of QB9-16
QB_FACTOR_GRID_2026,"Analyst colour-coded QB factor grid (screenshots, 7 images; QB9-16 supplied twice)",third_party_analyst_screenshot,UNKNOWN - owner to supply,UNKNOWN - owner to supply,"Underdog Fantasy ADP (best-ball), 2026",2026,"Elite QB benchmark, NOT a cohort average - grids are titled ""Based on Elite QBs""",QB,19,Baker Mayfield,Baker Mayfield,,Rank in Pass Offense DVOA,situational,binary_vs_elite,7.01,Yes,yellow,3,Y,high,programmatic cell-fill sampling; validated vs published colour counts and cross-checked against a duplicate screenshot of QB9-16
QB_FACTOR_GRID_2026,"Analyst colour-coded QB factor grid (screenshots, 7 images; QB9-16 supplied twice)",third_party_analyst_screenshot,UNKNOWN - owner to supply,UNKNOWN - owner to supply,"Underdog Fantasy ADP (best-ball), 2026",2026,"Elite QB benchmark, NOT a cohort average - grids are titled ""Based on Elite QBs""",QB,20,Tyler Shough,Tyler Shough,,Pass Attempts,volume,binary_vs_elite,576.50,?,orange,-1,Y,high,programmatic cell-fill sampling; validated vs published colour counts and cross-checked against a duplicate screenshot of QB9-16
QB_FACTOR_GRID_2026,"Analyst colour-coded QB factor grid (screenshots, 7 images; QB9-16 supplied twice)",third_party_analyst_screenshot,UNKNOWN - owner to supply,UNKNOWN - owner to supply,"Underdog Fantasy ADP (best-ball), 2026",2026,"Elite QB benchmark, NOT a cohort average - grids are titled ""Based on Elite QBs""",QB,20,Tyler Shough,Tyler Shough,,Passing TDs,volume,binary_vs_elite,44.63,No,red,-3,Y,high,programmatic cell-fill sampling; validated vs published colour counts and cross-checked against a duplicate screenshot of QB9-16
QB_FACTOR_GRID_2026,"Analyst colour-coded QB factor grid (screenshots, 7 images; QB9-16 supplied twice)",third_party_analyst_screenshot,UNKNOWN - owner to supply,UNKNOWN - owner to supply,"Underdog Fantasy ADP (best-ball), 2026",2026,"Elite QB benchmark, NOT a cohort average - grids are titled ""Based on Elite QBs""",QB,20,Tyler Shough,Tyler Shough,,Rush Attempts,volume,binary_vs_elite,97.62,Yes,yellow,3,Y,high,programmatic cell-fill sampling; validated vs published colour counts and cross-checked against a duplicate screenshot of QB9-16
QB_FACTOR_GRID_2026,"Analyst colour-coded QB factor grid (screenshots, 7 images; QB9-16 supplied twice)",third_party_analyst_screenshot,UNKNOWN - owner to supply,UNKNOWN - owner to supply,"Underdog Fantasy ADP (best-ball), 2026",2026,"Elite QB benchmark, NOT a cohort average - grids are titled ""Based on Elite QBs""",QB,20,Tyler Shough,Tyler Shough,,Rushing TDs,volume,binary_vs_elite,0.32,Yes,yellow,3,Y,high,programmatic cell-fill sampling; validated vs published colour counts and cross-checked against a duplicate screenshot of QB9-16
QB_FACTOR_GRID_2026,"Analyst colour-coded QB factor grid (screenshots, 7 images; QB9-16 supplied twice)",third_party_analyst_screenshot,UNKNOWN - owner to supply,UNKNOWN - owner to supply,"Underdog Fantasy ADP (best-ball), 2026",2026,"Elite QB benchmark, NOT a cohort average - grids are titled ""Based on Elite QBs""",QB,20,Tyler Shough,Tyler Shough,,Offensive Rank in PPG,situational,binary_vs_elite,6.35,?,orange,-1,Y,high,programmatic cell-fill sampling; validated vs published colour counts and cross-checked against a duplicate screenshot of QB9-16
QB_FACTOR_GRID_2026,"Analyst colour-coded QB factor grid (screenshots, 7 images; QB9-16 supplied twice)",third_party_analyst_screenshot,UNKNOWN - owner to supply,UNKNOWN - owner to supply,"Underdog Fantasy ADP (best-ball), 2026",2026,"Elite QB benchmark, NOT a cohort average - grids are titled ""Based on Elite QBs""",QB,20,Tyler Shough,Tyler Shough,,Offensive Line Rank in Pass Blocking,situational,binary_vs_elite,11.54,?,orange,-1,Y,high,programmatic cell-fill sampling; validated vs published colour counts and cross-checked against a duplicate screenshot of QB9-16
QB_FACTOR_GRID_2026,"Analyst colour-coded QB factor grid (screenshots, 7 images; QB9-16 supplied twice)",third_party_analyst_screenshot,UNKNOWN - owner to supply,UNKNOWN - owner to supply,"Underdog Fantasy ADP (best-ball), 2026",2026,"Elite QB benchmark, NOT a cohort average - grids are titled ""Based on Elite QBs""",QB,20,Tyler Shough,Tyler Shough,,Deep Ball Attempts/Game,situational,binary_vs_elite,4.31,Yes,yellow,3,Y,high,programmatic cell-fill sampling; validated vs published colour counts and cross-checked against a duplicate screenshot of QB9-16
QB_FACTOR_GRID_2026,"Analyst colour-coded QB factor grid (screenshots, 7 images; QB9-16 supplied twice)",third_party_analyst_screenshot,UNKNOWN - owner to supply,UNKNOWN - owner to supply,"Underdog Fantasy ADP (best-ball), 2026",2026,"Elite QB benchmark, NOT a cohort average - grids are titled ""Based on Elite QBs""",QB,20,Tyler Shough,Tyler Shough,,Rank in QBR,situational,binary_vs_elite,6.90,Yes,yellow,3,Y,high,programmatic cell-fill sampling; validated vs published colour counts and cross-checked against a duplicate screenshot of QB9-16
QB_FACTOR_GRID_2026,"Analyst colour-coded QB factor grid (screenshots, 7 images; QB9-16 supplied twice)",third_party_analyst_screenshot,UNKNOWN - owner to supply,UNKNOWN - owner to supply,"Underdog Fantasy ADP (best-ball), 2026",2026,"Elite QB benchmark, NOT a cohort average - grids are titled ""Based on Elite QBs""",QB,20,Tyler Shough,Tyler Shough,,RedZone Combined Attempts,situational,binary_vs_elite,6.30,No,red,-3,Y,high,programmatic cell-fill sampling; validated vs published colour counts and cross-checked against a duplicate screenshot of QB9-16
QB_FACTOR_GRID_2026,"Analyst colour-coded QB factor grid (screenshots, 7 images; QB9-16 supplied twice)",third_party_analyst_screenshot,UNKNOWN - owner to supply,UNKNOWN - owner to supply,"Underdog Fantasy ADP (best-ball), 2026",2026,"Elite QB benchmark, NOT a cohort average - grids are titled ""Based on Elite QBs""",QB,20,Tyler Shough,Tyler Shough,,Rank in Neutral Pace,situational,binary_vs_elite,12.86,Yes,green,5,Y,high,programmatic cell-fill sampling; validated vs published colour counts and cross-checked against a duplicate screenshot of QB9-16
QB_FACTOR_GRID_2026,"Analyst colour-coded QB factor grid (screenshots, 7 images; QB9-16 supplied twice)",third_party_analyst_screenshot,UNKNOWN - owner to supply,UNKNOWN - owner to supply,"Underdog Fantasy ADP (best-ball), 2026",2026,"Elite QB benchmark, NOT a cohort average - grids are titled ""Based on Elite QBs""",QB,20,Tyler Shough,Tyler Shough,,Rank in Pass Offense DVOA,situational,binary_vs_elite,7.01,?,orange,-1,Y,high,programmatic cell-fill sampling; validated vs published colour counts and cross-checked against a duplicate screenshot of QB9-16
QB_FACTOR_GRID_2026,"Analyst colour-coded QB factor grid (screenshots, 7 images; QB9-16 supplied twice)",third_party_analyst_screenshot,UNKNOWN - owner to supply,UNKNOWN - owner to supply,"Underdog Fantasy ADP (best-ball), 2026",2026,"Elite QB benchmark, NOT a cohort average - grids are titled ""Based on Elite QBs""",QB,21,Malik Willis,Malik Willis,,Pass Attempts,volume,binary_vs_elite,576.50,No,red,-3,Y,high,programmatic cell-fill sampling; validated vs published colour counts and cross-checked against a duplicate screenshot of QB9-16
QB_FACTOR_GRID_2026,"Analyst colour-coded QB factor grid (screenshots, 7 images; QB9-16 supplied twice)",third_party_analyst_screenshot,UNKNOWN - owner to supply,UNKNOWN - owner to supply,"Underdog Fantasy ADP (best-ball), 2026",2026,"Elite QB benchmark, NOT a cohort average - grids are titled ""Based on Elite QBs""",QB,21,Malik Willis,Malik Willis,,Passing TDs,volume,binary_vs_elite,44.63,No,red,-3,Y,high,programmatic cell-fill sampling; validated vs published colour counts and cross-checked against a duplicate screenshot of QB9-16
QB_FACTOR_GRID_2026,"Analyst colour-coded QB factor grid (screenshots, 7 images; QB9-16 supplied twice)",third_party_analyst_screenshot,UNKNOWN - owner to supply,UNKNOWN - owner to supply,"Underdog Fantasy ADP (best-ball), 2026",2026,"Elite QB benchmark, NOT a cohort average - grids are titled ""Based on Elite QBs""",QB,21,Malik Willis,Malik Willis,,Rush Attempts,volume,binary_vs_elite,97.62,Yes,green,5,Y,high,programmatic cell-fill sampling; validated vs published colour counts and cross-checked against a duplicate screenshot of QB9-16
QB_FACTOR_GRID_2026,"Analyst colour-coded QB factor grid (screenshots, 7 images; QB9-16 supplied twice)",third_party_analyst_screenshot,UNKNOWN - owner to supply,UNKNOWN - owner to supply,"Underdog Fantasy ADP (best-ball), 2026",2026,"Elite QB benchmark, NOT a cohort average - grids are titled ""Based on Elite QBs""",QB,21,Malik Willis,Malik Willis,,Rushing TDs,volume,binary_vs_elite,0.32,Yes,green,5,Y,high,programmatic cell-fill sampling; validated vs published colour counts and cross-checked against a duplicate screenshot of QB9-16
QB_FACTOR_GRID_2026,"Analyst colour-coded QB factor grid (screenshots, 7 images; QB9-16 supplied twice)",third_party_analyst_screenshot,UNKNOWN - owner to supply,UNKNOWN - owner to supply,"Underdog Fantasy ADP (best-ball), 2026",2026,"Elite QB benchmark, NOT a cohort average - grids are titled ""Based on Elite QBs""",QB,21,Malik Willis,Malik Willis,,Offensive Rank in PPG,situational,binary_vs_elite,6.35,No,red,-3,Y,high,programmatic cell-fill sampling; validated vs published colour counts and cross-checked against a duplicate screenshot of QB9-16
QB_FACTOR_GRID_2026,"Analyst colour-coded QB factor grid (screenshots, 7 images; QB9-16 supplied twice)",third_party_analyst_screenshot,UNKNOWN - owner to supply,UNKNOWN - owner to supply,"Underdog Fantasy ADP (best-ball), 2026",2026,"Elite QB benchmark, NOT a cohort average - grids are titled ""Based on Elite QBs""",QB,21,Malik Willis,Malik Willis,,Offensive Line Rank in Pass Blocking,situational,binary_vs_elite,11.54,?,orange,-1,Y,high,programmatic cell-fill sampling; validated vs published colour counts and cross-checked against a duplicate screenshot of QB9-16
QB_FACTOR_GRID_2026,"Analyst colour-coded QB factor grid (screenshots, 7 images; QB9-16 supplied twice)",third_party_analyst_screenshot,UNKNOWN - owner to supply,UNKNOWN - owner to supply,"Underdog Fantasy ADP (best-ball), 2026",2026,"Elite QB benchmark, NOT a cohort average - grids are titled ""Based on Elite QBs""",QB,21,Malik Willis,Malik Willis,,Deep Ball Attempts/Game,situational,binary_vs_elite,4.31,No,red,-3,Y,high,programmatic cell-fill sampling; validated vs published colour counts and cross-checked against a duplicate screenshot of QB9-16
QB_FACTOR_GRID_2026,"Analyst colour-coded QB factor grid (screenshots, 7 images; QB9-16 supplied twice)",third_party_analyst_screenshot,UNKNOWN - owner to supply,UNKNOWN - owner to supply,"Underdog Fantasy ADP (best-ball), 2026",2026,"Elite QB benchmark, NOT a cohort average - grids are titled ""Based on Elite QBs""",QB,21,Malik Willis,Malik Willis,,Rank in QBR,situational,binary_vs_elite,6.90,?,orange,-1,Y,high,programmatic cell-fill sampling; validated vs published colour counts and cross-checked against a duplicate screenshot of QB9-16
QB_FACTOR_GRID_2026,"Analyst colour-coded QB factor grid (screenshots, 7 images; QB9-16 supplied twice)",third_party_analyst_screenshot,UNKNOWN - owner to supply,UNKNOWN - owner to supply,"Underdog Fantasy ADP (best-ball), 2026",2026,"Elite QB benchmark, NOT a cohort average - grids are titled ""Based on Elite QBs""",QB,21,Malik Willis,Malik Willis,,RedZone Combined Attempts,situational,binary_vs_elite,6.30,No,red,-3,Y,high,programmatic cell-fill sampling; validated vs published colour counts and cross-checked against a duplicate screenshot of QB9-16
QB_FACTOR_GRID_2026,"Analyst colour-coded QB factor grid (screenshots, 7 images; QB9-16 supplied twice)",third_party_analyst_screenshot,UNKNOWN - owner to supply,UNKNOWN - owner to supply,"Underdog Fantasy ADP (best-ball), 2026",2026,"Elite QB benchmark, NOT a cohort average - grids are titled ""Based on Elite QBs""",QB,21,Malik Willis,Malik Willis,,Rank in Neutral Pace,situational,binary_vs_elite,12.86,No,red,-3,Y,high,programmatic cell-fill sampling; validated vs published colour counts and cross-checked against a duplicate screenshot of QB9-16
QB_FACTOR_GRID_2026,"Analyst colour-coded QB factor grid (screenshots, 7 images; QB9-16 supplied twice)",third_party_analyst_screenshot,UNKNOWN - owner to supply,UNKNOWN - owner to supply,"Underdog Fantasy ADP (best-ball), 2026",2026,"Elite QB benchmark, NOT a cohort average - grids are titled ""Based on Elite QBs""",QB,21,Malik Willis,Malik Willis,,Rank in Pass Offense DVOA,situational,binary_vs_elite,7.01,No,red,-3,Y,high,programmatic cell-fill sampling; validated vs published colour counts and cross-checked against a duplicate screenshot of QB9-16
QB_FACTOR_GRID_2026,"Analyst colour-coded QB factor grid (screenshots, 7 images; QB9-16 supplied twice)",third_party_analyst_screenshot,UNKNOWN - owner to supply,UNKNOWN - owner to supply,"Underdog Fantasy ADP (best-ball), 2026",2026,"Elite QB benchmark, NOT a cohort average - grids are titled ""Based on Elite QBs""",QB,22,Cam Ward,Cam Ward,,Pass Attempts,volume,binary_vs_elite,576.50,Yes,yellow,3,Y,high,programmatic cell-fill sampling; validated vs published colour counts and cross-checked against a duplicate screenshot of QB9-16
QB_FACTOR_GRID_2026,"Analyst colour-coded QB factor grid (screenshots, 7 images; QB9-16 supplied twice)",third_party_analyst_screenshot,UNKNOWN - owner to supply,UNKNOWN - owner to supply,"Underdog Fantasy ADP (best-ball), 2026",2026,"Elite QB benchmark, NOT a cohort average - grids are titled ""Based on Elite QBs""",QB,22,Cam Ward,Cam Ward,,Passing TDs,volume,binary_vs_elite,44.63,No,red,-3,Y,high,programmatic cell-fill sampling; validated vs published colour counts and cross-checked against a duplicate screenshot of QB9-16
QB_FACTOR_GRID_2026,"Analyst colour-coded QB factor grid (screenshots, 7 images; QB9-16 supplied twice)",third_party_analyst_screenshot,UNKNOWN - owner to supply,UNKNOWN - owner to supply,"Underdog Fantasy ADP (best-ball), 2026",2026,"Elite QB benchmark, NOT a cohort average - grids are titled ""Based on Elite QBs""",QB,22,Cam Ward,Cam Ward,,Rush Attempts,volume,binary_vs_elite,97.62,No,red,-3,Y,high,programmatic cell-fill sampling; validated vs published colour counts and cross-checked against a duplicate screenshot of QB9-16
QB_FACTOR_GRID_2026,"Analyst colour-coded QB factor grid (screenshots, 7 images; QB9-16 supplied twice)",third_party_analyst_screenshot,UNKNOWN - owner to supply,UNKNOWN - owner to supply,"Underdog Fantasy ADP (best-ball), 2026",2026,"Elite QB benchmark, NOT a cohort average - grids are titled ""Based on Elite QBs""",QB,22,Cam Ward,Cam Ward,,Rushing TDs,volume,binary_vs_elite,0.32,Yes,yellow,3,Y,high,programmatic cell-fill sampling; validated vs published colour counts and cross-checked against a duplicate screenshot of QB9-16
QB_FACTOR_GRID_2026,"Analyst colour-coded QB factor grid (screenshots, 7 images; QB9-16 supplied twice)",third_party_analyst_screenshot,UNKNOWN - owner to supply,UNKNOWN - owner to supply,"Underdog Fantasy ADP (best-ball), 2026",2026,"Elite QB benchmark, NOT a cohort average - grids are titled ""Based on Elite QBs""",QB,22,Cam Ward,Cam Ward,,Offensive Rank in PPG,situational,binary_vs_elite,6.35,No,red,-3,Y,high,programmatic cell-fill sampling; validated vs published colour counts and cross-checked against a duplicate screenshot of QB9-16
QB_FACTOR_GRID_2026,"Analyst colour-coded QB factor grid (screenshots, 7 images; QB9-16 supplied twice)",third_party_analyst_screenshot,UNKNOWN - owner to supply,UNKNOWN - owner to supply,"Underdog Fantasy ADP (best-ball), 2026",2026,"Elite QB benchmark, NOT a cohort average - grids are titled ""Based on Elite QBs""",QB,22,Cam Ward,Cam Ward,,Offensive Line Rank in Pass Blocking,situational,binary_vs_elite,11.54,No,red,-3,Y,high,programmatic cell-fill sampling; validated vs published colour counts and cross-checked against a duplicate screenshot of QB9-16
QB_FACTOR_GRID_2026,"Analyst colour-coded QB factor grid (screenshots, 7 images; QB9-16 supplied twice)",third_party_analyst_screenshot,UNKNOWN - owner to supply,UNKNOWN - owner to supply,"Underdog Fantasy ADP (best-ball), 2026",2026,"Elite QB benchmark, NOT a cohort average - grids are titled ""Based on Elite QBs""",QB,22,Cam Ward,Cam Ward,,Deep Ball Attempts/Game,situational,binary_vs_elite,4.31,Yes,yellow,3,Y,high,programmatic cell-fill sampling; validated vs published colour counts and cross-checked against a duplicate screenshot of QB9-16
QB_FACTOR_GRID_2026,"Analyst colour-coded QB factor grid (screenshots, 7 images; QB9-16 supplied twice)",third_party_analyst_screenshot,UNKNOWN - owner to supply,UNKNOWN - owner to supply,"Underdog Fantasy ADP (best-ball), 2026",2026,"Elite QB benchmark, NOT a cohort average - grids are titled ""Based on Elite QBs""",QB,22,Cam Ward,Cam Ward,,Rank in QBR,situational,binary_vs_elite,6.90,?,orange,-1,Y,high,programmatic cell-fill sampling; validated vs published colour counts and cross-checked against a duplicate screenshot of QB9-16
QB_FACTOR_GRID_2026,"Analyst colour-coded QB factor grid (screenshots, 7 images; QB9-16 supplied twice)",third_party_analyst_screenshot,UNKNOWN - owner to supply,UNKNOWN - owner to supply,"Underdog Fantasy ADP (best-ball), 2026",2026,"Elite QB benchmark, NOT a cohort average - grids are titled ""Based on Elite QBs""",QB,22,Cam Ward,Cam Ward,,RedZone Combined Attempts,situational,binary_vs_elite,6.30,No,red,-3,Y,high,programmatic cell-fill sampling; validated vs published colour counts and cross-checked against a duplicate screenshot of QB9-16
QB_FACTOR_GRID_2026,"Analyst colour-coded QB factor grid (screenshots, 7 images; QB9-16 supplied twice)",third_party_analyst_screenshot,UNKNOWN - owner to supply,UNKNOWN - owner to supply,"Underdog Fantasy ADP (best-ball), 2026",2026,"Elite QB benchmark, NOT a cohort average - grids are titled ""Based on Elite QBs""",QB,22,Cam Ward,Cam Ward,,Rank in Neutral Pace,situational,binary_vs_elite,12.86,Yes,yellow,3,Y,high,programmatic cell-fill sampling; validated vs published colour counts and cross-checked against a duplicate screenshot of QB9-16
QB_FACTOR_GRID_2026,"Analyst colour-coded QB factor grid (screenshots, 7 images; QB9-16 supplied twice)",third_party_analyst_screenshot,UNKNOWN - owner to supply,UNKNOWN - owner to supply,"Underdog Fantasy ADP (best-ball), 2026",2026,"Elite QB benchmark, NOT a cohort average - grids are titled ""Based on Elite QBs""",QB,22,Cam Ward,Cam Ward,,Rank in Pass Offense DVOA,situational,binary_vs_elite,7.01,?,orange,-1,Y,high,programmatic cell-fill sampling; validated vs published colour counts and cross-checked against a duplicate screenshot of QB9-16
QB_FACTOR_GRID_2026,"Analyst colour-coded QB factor grid (screenshots, 7 images; QB9-16 supplied twice)",third_party_analyst_screenshot,UNKNOWN - owner to supply,UNKNOWN - owner to supply,"Underdog Fantasy ADP (best-ball), 2026",2026,"Elite QB benchmark, NOT a cohort average - grids are titled ""Based on Elite QBs""",QB,23,Sam Darnold,Sam Darnold,,Pass Attempts,volume,binary_vs_elite,576.50,No,red,-3,Y,high,programmatic cell-fill sampling; validated vs published colour counts and cross-checked against a duplicate screenshot of QB9-16
QB_FACTOR_GRID_2026,"Analyst colour-coded QB factor grid (screenshots, 7 images; QB9-16 supplied twice)",third_party_analyst_screenshot,UNKNOWN - owner to supply,UNKNOWN - owner to supply,"Underdog Fantasy ADP (best-ball), 2026",2026,"Elite QB benchmark, NOT a cohort average - grids are titled ""Based on Elite QBs""",QB,23,Sam Darnold,Sam Darnold,,Passing TDs,volume,binary_vs_elite,44.63,?,orange,-1,Y,high,programmatic cell-fill sampling; validated vs published colour counts and cross-checked against a duplicate screenshot of QB9-16
QB_FACTOR_GRID_2026,"Analyst colour-coded QB factor grid (screenshots, 7 images; QB9-16 supplied twice)",third_party_analyst_screenshot,UNKNOWN - owner to supply,UNKNOWN - owner to supply,"Underdog Fantasy ADP (best-ball), 2026",2026,"Elite QB benchmark, NOT a cohort average - grids are titled ""Based on Elite QBs""",QB,23,Sam Darnold,Sam Darnold,,Rush Attempts,volume,binary_vs_elite,97.62,No,red,-3,Y,high,programmatic cell-fill sampling; validated vs published colour counts and cross-checked against a duplicate screenshot of QB9-16
QB_FACTOR_GRID_2026,"Analyst colour-coded QB factor grid (screenshots, 7 images; QB9-16 supplied twice)",third_party_analyst_screenshot,UNKNOWN - owner to supply,UNKNOWN - owner to supply,"Underdog Fantasy ADP (best-ball), 2026",2026,"Elite QB benchmark, NOT a cohort average - grids are titled ""Based on Elite QBs""",QB,23,Sam Darnold,Sam Darnold,,Rushing TDs,volume,binary_vs_elite,0.32,No,red,-3,Y,high,programmatic cell-fill sampling; validated vs published colour counts and cross-checked against a duplicate screenshot of QB9-16
QB_FACTOR_GRID_2026,"Analyst colour-coded QB factor grid (screenshots, 7 images; QB9-16 supplied twice)",third_party_analyst_screenshot,UNKNOWN - owner to supply,UNKNOWN - owner to supply,"Underdog Fantasy ADP (best-ball), 2026",2026,"Elite QB benchmark, NOT a cohort average - grids are titled ""Based on Elite QBs""",QB,23,Sam Darnold,Sam Darnold,,Offensive Rank in PPG,situational,binary_vs_elite,6.35,?,orange,-1,Y,high,programmatic cell-fill sampling; validated vs published colour counts and cross-checked against a duplicate screenshot of QB9-16
QB_FACTOR_GRID_2026,"Analyst colour-coded QB factor grid (screenshots, 7 images; QB9-16 supplied twice)",third_party_analyst_screenshot,UNKNOWN - owner to supply,UNKNOWN - owner to supply,"Underdog Fantasy ADP (best-ball), 2026",2026,"Elite QB benchmark, NOT a cohort average - grids are titled ""Based on Elite QBs""",QB,23,Sam Darnold,Sam Darnold,,Offensive Line Rank in Pass Blocking,situational,binary_vs_elite,11.54,Yes,yellow,3,Y,high,programmatic cell-fill sampling; validated vs published colour counts and cross-checked against a duplicate screenshot of QB9-16
QB_FACTOR_GRID_2026,"Analyst colour-coded QB factor grid (screenshots, 7 images; QB9-16 supplied twice)",third_party_analyst_screenshot,UNKNOWN - owner to supply,UNKNOWN - owner to supply,"Underdog Fantasy ADP (best-ball), 2026",2026,"Elite QB benchmark, NOT a cohort average - grids are titled ""Based on Elite QBs""",QB,23,Sam Darnold,Sam Darnold,,Deep Ball Attempts/Game,situational,binary_vs_elite,4.31,?,orange,-1,Y,high,programmatic cell-fill sampling; validated vs published colour counts and cross-checked against a duplicate screenshot of QB9-16
QB_FACTOR_GRID_2026,"Analyst colour-coded QB factor grid (screenshots, 7 images; QB9-16 supplied twice)",third_party_analyst_screenshot,UNKNOWN - owner to supply,UNKNOWN - owner to supply,"Underdog Fantasy ADP (best-ball), 2026",2026,"Elite QB benchmark, NOT a cohort average - grids are titled ""Based on Elite QBs""",QB,23,Sam Darnold,Sam Darnold,,Rank in QBR,situational,binary_vs_elite,6.90,No,red,-3,Y,high,programmatic cell-fill sampling; validated vs published colour counts and cross-checked against a duplicate screenshot of QB9-16
QB_FACTOR_GRID_2026,"Analyst colour-coded QB factor grid (screenshots, 7 images; QB9-16 supplied twice)",third_party_analyst_screenshot,UNKNOWN - owner to supply,UNKNOWN - owner to supply,"Underdog Fantasy ADP (best-ball), 2026",2026,"Elite QB benchmark, NOT a cohort average - grids are titled ""Based on Elite QBs""",QB,23,Sam Darnold,Sam Darnold,,RedZone Combined Attempts,situational,binary_vs_elite,6.30,?,orange,-1,Y,high,programmatic cell-fill sampling; validated vs published colour counts and cross-checked against a duplicate screenshot of QB9-16
QB_FACTOR_GRID_2026,"Analyst colour-coded QB factor grid (screenshots, 7 images; QB9-16 supplied twice)",third_party_analyst_screenshot,UNKNOWN - owner to supply,UNKNOWN - owner to supply,"Underdog Fantasy ADP (best-ball), 2026",2026,"Elite QB benchmark, NOT a cohort average - grids are titled ""Based on Elite QBs""",QB,23,Sam Darnold,Sam Darnold,,Rank in Neutral Pace,situational,binary_vs_elite,12.86,No,red,-3,Y,high,programmatic cell-fill sampling; validated vs published colour counts and cross-checked against a duplicate screenshot of QB9-16
QB_FACTOR_GRID_2026,"Analyst colour-coded QB factor grid (screenshots, 7 images; QB9-16 supplied twice)",third_party_analyst_screenshot,UNKNOWN - owner to supply,UNKNOWN - owner to supply,"Underdog Fantasy ADP (best-ball), 2026",2026,"Elite QB benchmark, NOT a cohort average - grids are titled ""Based on Elite QBs""",QB,23,Sam Darnold,Sam Darnold,,Rank in Pass Offense DVOA,situational,binary_vs_elite,7.01,?,orange,-1,Y,high,programmatic cell-fill sampling; validated vs published colour counts and cross-checked against a duplicate screenshot of QB9-16
QB_FACTOR_GRID_2026,"Analyst colour-coded QB factor grid (screenshots, 7 images; QB9-16 supplied twice)",third_party_analyst_screenshot,UNKNOWN - owner to supply,UNKNOWN - owner to supply,"Underdog Fantasy ADP (best-ball), 2026",2026,"Elite QB benchmark, NOT a cohort average - grids are titled ""Based on Elite QBs""",QB,24,CJ Stroud,C.J. Stroud,,Pass Attempts,volume,binary_vs_elite,576.50,Yes,yellow,3,Y,high,programmatic cell-fill sampling; validated vs published colour counts and cross-checked against a duplicate screenshot of QB9-16
QB_FACTOR_GRID_2026,"Analyst colour-coded QB factor grid (screenshots, 7 images; QB9-16 supplied twice)",third_party_analyst_screenshot,UNKNOWN - owner to supply,UNKNOWN - owner to supply,"Underdog Fantasy ADP (best-ball), 2026",2026,"Elite QB benchmark, NOT a cohort average - grids are titled ""Based on Elite QBs""",QB,24,CJ Stroud,C.J. Stroud,,Passing TDs,volume,binary_vs_elite,44.63,No,red,-3,Y,high,programmatic cell-fill sampling; validated vs published colour counts and cross-checked against a duplicate screenshot of QB9-16
QB_FACTOR_GRID_2026,"Analyst colour-coded QB factor grid (screenshots, 7 images; QB9-16 supplied twice)",third_party_analyst_screenshot,UNKNOWN - owner to supply,UNKNOWN - owner to supply,"Underdog Fantasy ADP (best-ball), 2026",2026,"Elite QB benchmark, NOT a cohort average - grids are titled ""Based on Elite QBs""",QB,24,CJ Stroud,C.J. Stroud,,Rush Attempts,volume,binary_vs_elite,97.62,No,red,-3,Y,high,programmatic cell-fill sampling; validated vs published colour counts and cross-checked against a duplicate screenshot of QB9-16
QB_FACTOR_GRID_2026,"Analyst colour-coded QB factor grid (screenshots, 7 images; QB9-16 supplied twice)",third_party_analyst_screenshot,UNKNOWN - owner to supply,UNKNOWN - owner to supply,"Underdog Fantasy ADP (best-ball), 2026",2026,"Elite QB benchmark, NOT a cohort average - grids are titled ""Based on Elite QBs""",QB,24,CJ Stroud,C.J. Stroud,,Rushing TDs,volume,binary_vs_elite,0.32,No,red,-3,Y,high,programmatic cell-fill sampling; validated vs published colour counts and cross-checked against a duplicate screenshot of QB9-16
QB_FACTOR_GRID_2026,"Analyst colour-coded QB factor grid (screenshots, 7 images; QB9-16 supplied twice)",third_party_analyst_screenshot,UNKNOWN - owner to supply,UNKNOWN - owner to supply,"Underdog Fantasy ADP (best-ball), 2026",2026,"Elite QB benchmark, NOT a cohort average - grids are titled ""Based on Elite QBs""",QB,24,CJ Stroud,C.J. Stroud,,Offensive Rank in PPG,situational,binary_vs_elite,6.35,Yes,yellow,3,Y,high,programmatic cell-fill sampling; validated vs published colour counts and cross-checked against a duplicate screenshot of QB9-16
QB_FACTOR_GRID_2026,"Analyst colour-coded QB factor grid (screenshots, 7 images; QB9-16 supplied twice)",third_party_analyst_screenshot,UNKNOWN - owner to supply,UNKNOWN - owner to supply,"Underdog Fantasy ADP (best-ball), 2026",2026,"Elite QB benchmark, NOT a cohort average - grids are titled ""Based on Elite QBs""",QB,24,CJ Stroud,C.J. Stroud,,Offensive Line Rank in Pass Blocking,situational,binary_vs_elite,11.54,No,red,-3,Y,high,programmatic cell-fill sampling; validated vs published colour counts and cross-checked against a duplicate screenshot of QB9-16
QB_FACTOR_GRID_2026,"Analyst colour-coded QB factor grid (screenshots, 7 images; QB9-16 supplied twice)",third_party_analyst_screenshot,UNKNOWN - owner to supply,UNKNOWN - owner to supply,"Underdog Fantasy ADP (best-ball), 2026",2026,"Elite QB benchmark, NOT a cohort average - grids are titled ""Based on Elite QBs""",QB,24,CJ Stroud,C.J. Stroud,,Deep Ball Attempts/Game,situational,binary_vs_elite,4.31,Yes,yellow,3,Y,high,programmatic cell-fill sampling; validated vs published colour counts and cross-checked against a duplicate screenshot of QB9-16
QB_FACTOR_GRID_2026,"Analyst colour-coded QB factor grid (screenshots, 7 images; QB9-16 supplied twice)",third_party_analyst_screenshot,UNKNOWN - owner to supply,UNKNOWN - owner to supply,"Underdog Fantasy ADP (best-ball), 2026",2026,"Elite QB benchmark, NOT a cohort average - grids are titled ""Based on Elite QBs""",QB,24,CJ Stroud,C.J. Stroud,,Rank in QBR,situational,binary_vs_elite,6.90,Yes,yellow,3,Y,high,programmatic cell-fill sampling; validated vs published colour counts and cross-checked against a duplicate screenshot of QB9-16
QB_FACTOR_GRID_2026,"Analyst colour-coded QB factor grid (screenshots, 7 images; QB9-16 supplied twice)",third_party_analyst_screenshot,UNKNOWN - owner to supply,UNKNOWN - owner to supply,"Underdog Fantasy ADP (best-ball), 2026",2026,"Elite QB benchmark, NOT a cohort average - grids are titled ""Based on Elite QBs""",QB,24,CJ Stroud,C.J. Stroud,,RedZone Combined Attempts,situational,binary_vs_elite,6.30,No,red,-3,Y,high,programmatic cell-fill sampling; validated vs published colour counts and cross-checked against a duplicate screenshot of QB9-16
QB_FACTOR_GRID_2026,"Analyst colour-coded QB factor grid (screenshots, 7 images; QB9-16 supplied twice)",third_party_analyst_screenshot,UNKNOWN - owner to supply,UNKNOWN - owner to supply,"Underdog Fantasy ADP (best-ball), 2026",2026,"Elite QB benchmark, NOT a cohort average - grids are titled ""Based on Elite QBs""",QB,24,CJ Stroud,C.J. Stroud,,Rank in Neutral Pace,situational,binary_vs_elite,12.86,No,red,-3,Y,high,programmatic cell-fill sampling; validated vs published colour counts and cross-checked against a duplicate screenshot of QB9-16
QB_FACTOR_GRID_2026,"Analyst colour-coded QB factor grid (screenshots, 7 images; QB9-16 supplied twice)",third_party_analyst_screenshot,UNKNOWN - owner to supply,UNKNOWN - owner to supply,"Underdog Fantasy ADP (best-ball), 2026",2026,"Elite QB benchmark, NOT a cohort average - grids are titled ""Based on Elite QBs""",QB,24,CJ Stroud,C.J. Stroud,,Rank in Pass Offense DVOA,situational,binary_vs_elite,7.01,Yes,yellow,3,Y,high,programmatic cell-fill sampling; validated vs published colour counts and cross-checked against a duplicate screenshot of QB9-16
QB_FACTOR_GRID_2026,"Analyst colour-coded QB factor grid (screenshots, 7 images; QB9-16 supplied twice)",third_party_analyst_screenshot,UNKNOWN - owner to supply,UNKNOWN - owner to supply,"Underdog Fantasy ADP (best-ball), 2026",2026,"Elite QB benchmark, NOT a cohort average - grids are titled ""Based on Elite QBs""",QB,25,Daniel Jones,Daniel Jones,,Pass Attempts,volume,binary_vs_elite,576.50,Yes,yellow,3,Y,high,programmatic cell-fill sampling; validated vs published colour counts and cross-checked against a duplicate screenshot of QB9-16
QB_FACTOR_GRID_2026,"Analyst colour-coded QB factor grid (screenshots, 7 images; QB9-16 supplied twice)",third_party_analyst_screenshot,UNKNOWN - owner to supply,UNKNOWN - owner to supply,"Underdog Fantasy ADP (best-ball), 2026",2026,"Elite QB benchmark, NOT a cohort average - grids are titled ""Based on Elite QBs""",QB,25,Daniel Jones,Daniel Jones,,Passing TDs,volume,binary_vs_elite,44.63,No,red,-3,Y,high,programmatic cell-fill sampling; validated vs published colour counts and cross-checked against a duplicate screenshot of QB9-16
QB_FACTOR_GRID_2026,"Analyst colour-coded QB factor grid (screenshots, 7 images; QB9-16 supplied twice)",third_party_analyst_screenshot,UNKNOWN - owner to supply,UNKNOWN - owner to supply,"Underdog Fantasy ADP (best-ball), 2026",2026,"Elite QB benchmark, NOT a cohort average - grids are titled ""Based on Elite QBs""",QB,25,Daniel Jones,Daniel Jones,,Rush Attempts,volume,binary_vs_elite,97.62,?,orange,-1,Y,high,programmatic cell-fill sampling; validated vs published colour counts and cross-checked against a duplicate screenshot of QB9-16
QB_FACTOR_GRID_2026,"Analyst colour-coded QB factor grid (screenshots, 7 images; QB9-16 supplied twice)",third_party_analyst_screenshot,UNKNOWN - owner to supply,UNKNOWN - owner to supply,"Underdog Fantasy ADP (best-ball), 2026",2026,"Elite QB benchmark, NOT a cohort average - grids are titled ""Based on Elite QBs""",QB,25,Daniel Jones,Daniel Jones,,Rushing TDs,volume,binary_vs_elite,0.32,Yes,yellow,3,Y,high,programmatic cell-fill sampling; validated vs published colour counts and cross-checked against a duplicate screenshot of QB9-16
QB_FACTOR_GRID_2026,"Analyst colour-coded QB factor grid (screenshots, 7 images; QB9-16 supplied twice)",third_party_analyst_screenshot,UNKNOWN - owner to supply,UNKNOWN - owner to supply,"Underdog Fantasy ADP (best-ball), 2026",2026,"Elite QB benchmark, NOT a cohort average - grids are titled ""Based on Elite QBs""",QB,25,Daniel Jones,Daniel Jones,,Offensive Rank in PPG,situational,binary_vs_elite,6.35,?,orange,-1,Y,high,programmatic cell-fill sampling; validated vs published colour counts and cross-checked against a duplicate screenshot of QB9-16
QB_FACTOR_GRID_2026,"Analyst colour-coded QB factor grid (screenshots, 7 images; QB9-16 supplied twice)",third_party_analyst_screenshot,UNKNOWN - owner to supply,UNKNOWN - owner to supply,"Underdog Fantasy ADP (best-ball), 2026",2026,"Elite QB benchmark, NOT a cohort average - grids are titled ""Based on Elite QBs""",QB,25,Daniel Jones,Daniel Jones,,Offensive Line Rank in Pass Blocking,situational,binary_vs_elite,11.54,Yes,green,5,Y,high,programmatic cell-fill sampling; validated vs published colour counts and cross-checked against a duplicate screenshot of QB9-16
QB_FACTOR_GRID_2026,"Analyst colour-coded QB factor grid (screenshots, 7 images; QB9-16 supplied twice)",third_party_analyst_screenshot,UNKNOWN - owner to supply,UNKNOWN - owner to supply,"Underdog Fantasy ADP (best-ball), 2026",2026,"Elite QB benchmark, NOT a cohort average - grids are titled ""Based on Elite QBs""",QB,25,Daniel Jones,Daniel Jones,,Deep Ball Attempts/Game,situational,binary_vs_elite,4.31,No,red,-3,Y,high,programmatic cell-fill sampling; validated vs published colour counts and cross-checked against a duplicate screenshot of QB9-16
QB_FACTOR_GRID_2026,"Analyst colour-coded QB factor grid (screenshots, 7 images; QB9-16 supplied twice)",third_party_analyst_screenshot,UNKNOWN - owner to supply,UNKNOWN - owner to supply,"Underdog Fantasy ADP (best-ball), 2026",2026,"Elite QB benchmark, NOT a cohort average - grids are titled ""Based on Elite QBs""",QB,25,Daniel Jones,Daniel Jones,,Rank in QBR,situational,binary_vs_elite,6.90,Yes,yellow,3,Y,high,programmatic cell-fill sampling; validated vs published colour counts and cross-checked against a duplicate screenshot of QB9-16
QB_FACTOR_GRID_2026,"Analyst colour-coded QB factor grid (screenshots, 7 images; QB9-16 supplied twice)",third_party_analyst_screenshot,UNKNOWN - owner to supply,UNKNOWN - owner to supply,"Underdog Fantasy ADP (best-ball), 2026",2026,"Elite QB benchmark, NOT a cohort average - grids are titled ""Based on Elite QBs""",QB,25,Daniel Jones,Daniel Jones,,RedZone Combined Attempts,situational,binary_vs_elite,6.30,Yes,yellow,3,Y,high,programmatic cell-fill sampling; validated vs published colour counts and cross-checked against a duplicate screenshot of QB9-16
QB_FACTOR_GRID_2026,"Analyst colour-coded QB factor grid (screenshots, 7 images; QB9-16 supplied twice)",third_party_analyst_screenshot,UNKNOWN - owner to supply,UNKNOWN - owner to supply,"Underdog Fantasy ADP (best-ball), 2026",2026,"Elite QB benchmark, NOT a cohort average - grids are titled ""Based on Elite QBs""",QB,25,Daniel Jones,Daniel Jones,,Rank in Neutral Pace,situational,binary_vs_elite,12.86,?,orange,-1,Y,high,programmatic cell-fill sampling; validated vs published colour counts and cross-checked against a duplicate screenshot of QB9-16
QB_FACTOR_GRID_2026,"Analyst colour-coded QB factor grid (screenshots, 7 images; QB9-16 supplied twice)",third_party_analyst_screenshot,UNKNOWN - owner to supply,UNKNOWN - owner to supply,"Underdog Fantasy ADP (best-ball), 2026",2026,"Elite QB benchmark, NOT a cohort average - grids are titled ""Based on Elite QBs""",QB,25,Daniel Jones,Daniel Jones,,Rank in Pass Offense DVOA,situational,binary_vs_elite,7.01,Yes,yellow,3,Y,high,programmatic cell-fill sampling; validated vs published colour counts and cross-checked against a duplicate screenshot of QB9-16
QB_FACTOR_GRID_2026,"Analyst colour-coded QB factor grid (screenshots, 7 images; QB9-16 supplied twice)",third_party_analyst_screenshot,UNKNOWN - owner to supply,UNKNOWN - owner to supply,"Underdog Fantasy ADP (best-ball), 2026",2026,"Elite QB benchmark, NOT a cohort average - grids are titled ""Based on Elite QBs""",QB,26,Bryce Young,Bryce Young,,Pass Attempts,volume,binary_vs_elite,576.50,No,red,-3,Y,high,programmatic cell-fill sampling; validated vs published colour counts and cross-checked against a duplicate screenshot of QB9-16
QB_FACTOR_GRID_2026,"Analyst colour-coded QB factor grid (screenshots, 7 images; QB9-16 supplied twice)",third_party_analyst_screenshot,UNKNOWN - owner to supply,UNKNOWN - owner to supply,"Underdog Fantasy ADP (best-ball), 2026",2026,"Elite QB benchmark, NOT a cohort average - grids are titled ""Based on Elite QBs""",QB,26,Bryce Young,Bryce Young,,Passing TDs,volume,binary_vs_elite,44.63,No,red,-3,Y,high,programmatic cell-fill sampling; validated vs published colour counts and cross-checked against a duplicate screenshot of QB9-16
QB_FACTOR_GRID_2026,"Analyst colour-coded QB factor grid (screenshots, 7 images; QB9-16 supplied twice)",third_party_analyst_screenshot,UNKNOWN - owner to supply,UNKNOWN - owner to supply,"Underdog Fantasy ADP (best-ball), 2026",2026,"Elite QB benchmark, NOT a cohort average - grids are titled ""Based on Elite QBs""",QB,26,Bryce Young,Bryce Young,,Rush Attempts,volume,binary_vs_elite,97.62,No,red,-3,Y,high,programmatic cell-fill sampling; validated vs published colour counts and cross-checked against a duplicate screenshot of QB9-16
QB_FACTOR_GRID_2026,"Analyst colour-coded QB factor grid (screenshots, 7 images; QB9-16 supplied twice)",third_party_analyst_screenshot,UNKNOWN - owner to supply,UNKNOWN - owner to supply,"Underdog Fantasy ADP (best-ball), 2026",2026,"Elite QB benchmark, NOT a cohort average - grids are titled ""Based on Elite QBs""",QB,26,Bryce Young,Bryce Young,,Rushing TDs,volume,binary_vs_elite,0.32,Yes,yellow,3,Y,high,programmatic cell-fill sampling; validated vs published colour counts and cross-checked against a duplicate screenshot of QB9-16
QB_FACTOR_GRID_2026,"Analyst colour-coded QB factor grid (screenshots, 7 images; QB9-16 supplied twice)",third_party_analyst_screenshot,UNKNOWN - owner to supply,UNKNOWN - owner to supply,"Underdog Fantasy ADP (best-ball), 2026",2026,"Elite QB benchmark, NOT a cohort average - grids are titled ""Based on Elite QBs""",QB,26,Bryce Young,Bryce Young,,Offensive Rank in PPG,situational,binary_vs_elite,6.35,?,orange,-1,Y,high,programmatic cell-fill sampling; validated vs published colour counts and cross-checked against a duplicate screenshot of QB9-16
QB_FACTOR_GRID_2026,"Analyst colour-coded QB factor grid (screenshots, 7 images; QB9-16 supplied twice)",third_party_analyst_screenshot,UNKNOWN - owner to supply,UNKNOWN - owner to supply,"Underdog Fantasy ADP (best-ball), 2026",2026,"Elite QB benchmark, NOT a cohort average - grids are titled ""Based on Elite QBs""",QB,26,Bryce Young,Bryce Young,,Offensive Line Rank in Pass Blocking,situational,binary_vs_elite,11.54,Yes,yellow,3,Y,high,programmatic cell-fill sampling; validated vs published colour counts and cross-checked against a duplicate screenshot of QB9-16
QB_FACTOR_GRID_2026,"Analyst colour-coded QB factor grid (screenshots, 7 images; QB9-16 supplied twice)",third_party_analyst_screenshot,UNKNOWN - owner to supply,UNKNOWN - owner to supply,"Underdog Fantasy ADP (best-ball), 2026",2026,"Elite QB benchmark, NOT a cohort average - grids are titled ""Based on Elite QBs""",QB,26,Bryce Young,Bryce Young,,Deep Ball Attempts/Game,situational,binary_vs_elite,4.31,No,red,-3,Y,high,programmatic cell-fill sampling; validated vs published colour counts and cross-checked against a duplicate screenshot of QB9-16
QB_FACTOR_GRID_2026,"Analyst colour-coded QB factor grid (screenshots, 7 images; QB9-16 supplied twice)",third_party_analyst_screenshot,UNKNOWN - owner to supply,UNKNOWN - owner to supply,"Underdog Fantasy ADP (best-ball), 2026",2026,"Elite QB benchmark, NOT a cohort average - grids are titled ""Based on Elite QBs""",QB,26,Bryce Young,Bryce Young,,Rank in QBR,situational,binary_vs_elite,6.90,Yes,yellow,3,Y,high,programmatic cell-fill sampling; validated vs published colour counts and cross-checked against a duplicate screenshot of QB9-16
QB_FACTOR_GRID_2026,"Analyst colour-coded QB factor grid (screenshots, 7 images; QB9-16 supplied twice)",third_party_analyst_screenshot,UNKNOWN - owner to supply,UNKNOWN - owner to supply,"Underdog Fantasy ADP (best-ball), 2026",2026,"Elite QB benchmark, NOT a cohort average - grids are titled ""Based on Elite QBs""",QB,26,Bryce Young,Bryce Young,,RedZone Combined Attempts,situational,binary_vs_elite,6.30,?,orange,-1,Y,high,programmatic cell-fill sampling; validated vs published colour counts and cross-checked against a duplicate screenshot of QB9-16
QB_FACTOR_GRID_2026,"Analyst colour-coded QB factor grid (screenshots, 7 images; QB9-16 supplied twice)",third_party_analyst_screenshot,UNKNOWN - owner to supply,UNKNOWN - owner to supply,"Underdog Fantasy ADP (best-ball), 2026",2026,"Elite QB benchmark, NOT a cohort average - grids are titled ""Based on Elite QBs""",QB,26,Bryce Young,Bryce Young,,Rank in Neutral Pace,situational,binary_vs_elite,12.86,No,red,-3,Y,high,programmatic cell-fill sampling; validated vs published colour counts and cross-checked against a duplicate screenshot of QB9-16
QB_FACTOR_GRID_2026,"Analyst colour-coded QB factor grid (screenshots, 7 images; QB9-16 supplied twice)",third_party_analyst_screenshot,UNKNOWN - owner to supply,UNKNOWN - owner to supply,"Underdog Fantasy ADP (best-ball), 2026",2026,"Elite QB benchmark, NOT a cohort average - grids are titled ""Based on Elite QBs""",QB,26,Bryce Young,Bryce Young,,Rank in Pass Offense DVOA,situational,binary_vs_elite,7.01,No,red,-3,Y,high,programmatic cell-fill sampling; validated vs published colour counts and cross-checked against a duplicate screenshot of QB9-16
QB_FACTOR_GRID_2026,"Analyst colour-coded QB factor grid (screenshots, 7 images; QB9-16 supplied twice)",third_party_analyst_screenshot,UNKNOWN - owner to supply,UNKNOWN - owner to supply,"Underdog Fantasy ADP (best-ball), 2026",2026,"Elite QB benchmark, NOT a cohort average - grids are titled ""Based on Elite QBs""",QB,27,Fernando Mendoza,Fernando Mendoza,,Pass Attempts,volume,binary_vs_elite,576.50,No,red,-3,Y,high,programmatic cell-fill sampling; validated vs published colour counts and cross-checked against a duplicate screenshot of QB9-16
QB_FACTOR_GRID_2026,"Analyst colour-coded QB factor grid (screenshots, 7 images; QB9-16 supplied twice)",third_party_analyst_screenshot,UNKNOWN - owner to supply,UNKNOWN - owner to supply,"Underdog Fantasy ADP (best-ball), 2026",2026,"Elite QB benchmark, NOT a cohort average - grids are titled ""Based on Elite QBs""",QB,27,Fernando Mendoza,Fernando Mendoza,,Passing TDs,volume,binary_vs_elite,44.63,No,red,-3,Y,high,programmatic cell-fill sampling; validated vs published colour counts and cross-checked against a duplicate screenshot of QB9-16
QB_FACTOR_GRID_2026,"Analyst colour-coded QB factor grid (screenshots, 7 images; QB9-16 supplied twice)",third_party_analyst_screenshot,UNKNOWN - owner to supply,UNKNOWN - owner to supply,"Underdog Fantasy ADP (best-ball), 2026",2026,"Elite QB benchmark, NOT a cohort average - grids are titled ""Based on Elite QBs""",QB,27,Fernando Mendoza,Fernando Mendoza,,Rush Attempts,volume,binary_vs_elite,97.62,?,orange,-1,Y,high,programmatic cell-fill sampling; validated vs published colour counts and cross-checked against a duplicate screenshot of QB9-16
QB_FACTOR_GRID_2026,"Analyst colour-coded QB factor grid (screenshots, 7 images; QB9-16 supplied twice)",third_party_analyst_screenshot,UNKNOWN - owner to supply,UNKNOWN - owner to supply,"Underdog Fantasy ADP (best-ball), 2026",2026,"Elite QB benchmark, NOT a cohort average - grids are titled ""Based on Elite QBs""",QB,27,Fernando Mendoza,Fernando Mendoza,,Rushing TDs,volume,binary_vs_elite,0.32,Yes,yellow,3,Y,high,programmatic cell-fill sampling; validated vs published colour counts and cross-checked against a duplicate screenshot of QB9-16
QB_FACTOR_GRID_2026,"Analyst colour-coded QB factor grid (screenshots, 7 images; QB9-16 supplied twice)",third_party_analyst_screenshot,UNKNOWN - owner to supply,UNKNOWN - owner to supply,"Underdog Fantasy ADP (best-ball), 2026",2026,"Elite QB benchmark, NOT a cohort average - grids are titled ""Based on Elite QBs""",QB,27,Fernando Mendoza,Fernando Mendoza,,Offensive Rank in PPG,situational,binary_vs_elite,6.35,?,orange,-1,Y,high,programmatic cell-fill sampling; validated vs published colour counts and cross-checked against a duplicate screenshot of QB9-16
QB_FACTOR_GRID_2026,"Analyst colour-coded QB factor grid (screenshots, 7 images; QB9-16 supplied twice)",third_party_analyst_screenshot,UNKNOWN - owner to supply,UNKNOWN - owner to supply,"Underdog Fantasy ADP (best-ball), 2026",2026,"Elite QB benchmark, NOT a cohort average - grids are titled ""Based on Elite QBs""",QB,27,Fernando Mendoza,Fernando Mendoza,,Offensive Line Rank in Pass Blocking,situational,binary_vs_elite,11.54,?,orange,-1,Y,high,programmatic cell-fill sampling; validated vs published colour counts and cross-checked against a duplicate screenshot of QB9-16
QB_FACTOR_GRID_2026,"Analyst colour-coded QB factor grid (screenshots, 7 images; QB9-16 supplied twice)",third_party_analyst_screenshot,UNKNOWN - owner to supply,UNKNOWN - owner to supply,"Underdog Fantasy ADP (best-ball), 2026",2026,"Elite QB benchmark, NOT a cohort average - grids are titled ""Based on Elite QBs""",QB,27,Fernando Mendoza,Fernando Mendoza,,Deep Ball Attempts/Game,situational,binary_vs_elite,4.31,No,red,-3,Y,high,programmatic cell-fill sampling; validated vs published colour counts and cross-checked against a duplicate screenshot of QB9-16
QB_FACTOR_GRID_2026,"Analyst colour-coded QB factor grid (screenshots, 7 images; QB9-16 supplied twice)",third_party_analyst_screenshot,UNKNOWN - owner to supply,UNKNOWN - owner to supply,"Underdog Fantasy ADP (best-ball), 2026",2026,"Elite QB benchmark, NOT a cohort average - grids are titled ""Based on Elite QBs""",QB,27,Fernando Mendoza,Fernando Mendoza,,Rank in QBR,situational,binary_vs_elite,6.90,?,orange,-1,Y,high,programmatic cell-fill sampling; validated vs published colour counts and cross-checked against a duplicate screenshot of QB9-16
QB_FACTOR_GRID_2026,"Analyst colour-coded QB factor grid (screenshots, 7 images; QB9-16 supplied twice)",third_party_analyst_screenshot,UNKNOWN - owner to supply,UNKNOWN - owner to supply,"Underdog Fantasy ADP (best-ball), 2026",2026,"Elite QB benchmark, NOT a cohort average - grids are titled ""Based on Elite QBs""",QB,27,Fernando Mendoza,Fernando Mendoza,,RedZone Combined Attempts,situational,binary_vs_elite,6.30,No,red,-3,Y,high,programmatic cell-fill sampling; validated vs published colour counts and cross-checked against a duplicate screenshot of QB9-16
QB_FACTOR_GRID_2026,"Analyst colour-coded QB factor grid (screenshots, 7 images; QB9-16 supplied twice)",third_party_analyst_screenshot,UNKNOWN - owner to supply,UNKNOWN - owner to supply,"Underdog Fantasy ADP (best-ball), 2026",2026,"Elite QB benchmark, NOT a cohort average - grids are titled ""Based on Elite QBs""",QB,27,Fernando Mendoza,Fernando Mendoza,,Rank in Neutral Pace,situational,binary_vs_elite,12.86,No,red,-3,Y,high,programmatic cell-fill sampling; validated vs published colour counts and cross-checked against a duplicate screenshot of QB9-16
QB_FACTOR_GRID_2026,"Analyst colour-coded QB factor grid (screenshots, 7 images; QB9-16 supplied twice)",third_party_analyst_screenshot,UNKNOWN - owner to supply,UNKNOWN - owner to supply,"Underdog Fantasy ADP (best-ball), 2026",2026,"Elite QB benchmark, NOT a cohort average - grids are titled ""Based on Elite QBs""",QB,27,Fernando Mendoza,Fernando Mendoza,,Rank in Pass Offense DVOA,situational,binary_vs_elite,7.01,No,red,-3,Y,high,programmatic cell-fill sampling; validated vs published colour counts and cross-checked against a duplicate screenshot of QB9-16
QB_FACTOR_GRID_2026,"Analyst colour-coded QB factor grid (screenshots, 7 images; QB9-16 supplied twice)",third_party_analyst_screenshot,UNKNOWN - owner to supply,UNKNOWN - owner to supply,"Underdog Fantasy ADP (best-ball), 2026",2026,"Elite QB benchmark, NOT a cohort average - grids are titled ""Based on Elite QBs""",QB,28,Aaron Rodgers,Aaron Rodgers,,Pass Attempts,volume,binary_vs_elite,576.50,Yes,yellow,3,Y,high,programmatic cell-fill sampling; validated vs published colour counts and cross-checked against a duplicate screenshot of QB9-16
QB_FACTOR_GRID_2026,"Analyst colour-coded QB factor grid (screenshots, 7 images; QB9-16 supplied twice)",third_party_analyst_screenshot,UNKNOWN - owner to supply,UNKNOWN - owner to supply,"Underdog Fantasy ADP (best-ball), 2026",2026,"Elite QB benchmark, NOT a cohort average - grids are titled ""Based on Elite QBs""",QB,28,Aaron Rodgers,Aaron Rodgers,,Passing TDs,volume,binary_vs_elite,44.63,No,red,-3,Y,high,programmatic cell-fill sampling; validated vs published colour counts and cross-checked against a duplicate screenshot of QB9-16
QB_FACTOR_GRID_2026,"Analyst colour-coded QB factor grid (screenshots, 7 images; QB9-16 supplied twice)",third_party_analyst_screenshot,UNKNOWN - owner to supply,UNKNOWN - owner to supply,"Underdog Fantasy ADP (best-ball), 2026",2026,"Elite QB benchmark, NOT a cohort average - grids are titled ""Based on Elite QBs""",QB,28,Aaron Rodgers,Aaron Rodgers,,Rush Attempts,volume,binary_vs_elite,97.62,No,red,-3,Y,high,programmatic cell-fill sampling; validated vs published colour counts and cross-checked against a duplicate screenshot of QB9-16
QB_FACTOR_GRID_2026,"Analyst colour-coded QB factor grid (screenshots, 7 images; QB9-16 supplied twice)",third_party_analyst_screenshot,UNKNOWN - owner to supply,UNKNOWN - owner to supply,"Underdog Fantasy ADP (best-ball), 2026",2026,"Elite QB benchmark, NOT a cohort average - grids are titled ""Based on Elite QBs""",QB,28,Aaron Rodgers,Aaron Rodgers,,Rushing TDs,volume,binary_vs_elite,0.32,No,red,-3,Y,high,programmatic cell-fill sampling; validated vs published colour counts and cross-checked against a duplicate screenshot of QB9-16
QB_FACTOR_GRID_2026,"Analyst colour-coded QB factor grid (screenshots, 7 images; QB9-16 supplied twice)",third_party_analyst_screenshot,UNKNOWN - owner to supply,UNKNOWN - owner to supply,"Underdog Fantasy ADP (best-ball), 2026",2026,"Elite QB benchmark, NOT a cohort average - grids are titled ""Based on Elite QBs""",QB,28,Aaron Rodgers,Aaron Rodgers,,Offensive Rank in PPG,situational,binary_vs_elite,6.35,?,orange,-1,Y,high,programmatic cell-fill sampling; validated vs published colour counts and cross-checked against a duplicate screenshot of QB9-16
QB_FACTOR_GRID_2026,"Analyst colour-coded QB factor grid (screenshots, 7 images; QB9-16 supplied twice)",third_party_analyst_screenshot,UNKNOWN - owner to supply,UNKNOWN - owner to supply,"Underdog Fantasy ADP (best-ball), 2026",2026,"Elite QB benchmark, NOT a cohort average - grids are titled ""Based on Elite QBs""",QB,28,Aaron Rodgers,Aaron Rodgers,,Offensive Line Rank in Pass Blocking,situational,binary_vs_elite,11.54,?,orange,-1,Y,high,programmatic cell-fill sampling; validated vs published colour counts and cross-checked against a duplicate screenshot of QB9-16
QB_FACTOR_GRID_2026,"Analyst colour-coded QB factor grid (screenshots, 7 images; QB9-16 supplied twice)",third_party_analyst_screenshot,UNKNOWN - owner to supply,UNKNOWN - owner to supply,"Underdog Fantasy ADP (best-ball), 2026",2026,"Elite QB benchmark, NOT a cohort average - grids are titled ""Based on Elite QBs""",QB,28,Aaron Rodgers,Aaron Rodgers,,Deep Ball Attempts/Game,situational,binary_vs_elite,4.31,?,orange,-1,Y,high,programmatic cell-fill sampling; validated vs published colour counts and cross-checked against a duplicate screenshot of QB9-16
QB_FACTOR_GRID_2026,"Analyst colour-coded QB factor grid (screenshots, 7 images; QB9-16 supplied twice)",third_party_analyst_screenshot,UNKNOWN - owner to supply,UNKNOWN - owner to supply,"Underdog Fantasy ADP (best-ball), 2026",2026,"Elite QB benchmark, NOT a cohort average - grids are titled ""Based on Elite QBs""",QB,28,Aaron Rodgers,Aaron Rodgers,,Rank in QBR,situational,binary_vs_elite,6.90,Yes,yellow,3,Y,high,programmatic cell-fill sampling; validated vs published colour counts and cross-checked against a duplicate screenshot of QB9-16
QB_FACTOR_GRID_2026,"Analyst colour-coded QB factor grid (screenshots, 7 images; QB9-16 supplied twice)",third_party_analyst_screenshot,UNKNOWN - owner to supply,UNKNOWN - owner to supply,"Underdog Fantasy ADP (best-ball), 2026",2026,"Elite QB benchmark, NOT a cohort average - grids are titled ""Based on Elite QBs""",QB,28,Aaron Rodgers,Aaron Rodgers,,RedZone Combined Attempts,situational,binary_vs_elite,6.30,Yes,yellow,3,Y,high,programmatic cell-fill sampling; validated vs published colour counts and cross-checked against a duplicate screenshot of QB9-16
QB_FACTOR_GRID_2026,"Analyst colour-coded QB factor grid (screenshots, 7 images; QB9-16 supplied twice)",third_party_analyst_screenshot,UNKNOWN - owner to supply,UNKNOWN - owner to supply,"Underdog Fantasy ADP (best-ball), 2026",2026,"Elite QB benchmark, NOT a cohort average - grids are titled ""Based on Elite QBs""",QB,28,Aaron Rodgers,Aaron Rodgers,,Rank in Neutral Pace,situational,binary_vs_elite,12.86,Yes,green,5,Y,high,programmatic cell-fill sampling; validated vs published colour counts and cross-checked against a duplicate screenshot of QB9-16
QB_FACTOR_GRID_2026,"Analyst colour-coded QB factor grid (screenshots, 7 images; QB9-16 supplied twice)",third_party_analyst_screenshot,UNKNOWN - owner to supply,UNKNOWN - owner to supply,"Underdog Fantasy ADP (best-ball), 2026",2026,"Elite QB benchmark, NOT a cohort average - grids are titled ""Based on Elite QBs""",QB,28,Aaron Rodgers,Aaron Rodgers,,Rank in Pass Offense DVOA,situational,binary_vs_elite,7.01,Yes,yellow,3,Y,high,programmatic cell-fill sampling; validated vs published colour counts and cross-checked against a duplicate screenshot of QB9-16
QB_FACTOR_GRID_2026,"Analyst colour-coded QB factor grid (screenshots, 7 images; QB9-16 supplied twice)",third_party_analyst_screenshot,UNKNOWN - owner to supply,UNKNOWN - owner to supply,"Underdog Fantasy ADP (best-ball), 2026",2026,"Elite QB benchmark, NOT a cohort average - grids are titled ""Based on Elite QBs""",QB,29,Geno Smith,Geno Smith,,Pass Attempts,volume,binary_vs_elite,576.50,Yes,yellow,3,Y,high,programmatic cell-fill sampling; validated vs published colour counts and cross-checked against a duplicate screenshot of QB9-16
QB_FACTOR_GRID_2026,"Analyst colour-coded QB factor grid (screenshots, 7 images; QB9-16 supplied twice)",third_party_analyst_screenshot,UNKNOWN - owner to supply,UNKNOWN - owner to supply,"Underdog Fantasy ADP (best-ball), 2026",2026,"Elite QB benchmark, NOT a cohort average - grids are titled ""Based on Elite QBs""",QB,29,Geno Smith,Geno Smith,,Passing TDs,volume,binary_vs_elite,44.63,No,red,-3,Y,high,programmatic cell-fill sampling; validated vs published colour counts and cross-checked against a duplicate screenshot of QB9-16
QB_FACTOR_GRID_2026,"Analyst colour-coded QB factor grid (screenshots, 7 images; QB9-16 supplied twice)",third_party_analyst_screenshot,UNKNOWN - owner to supply,UNKNOWN - owner to supply,"Underdog Fantasy ADP (best-ball), 2026",2026,"Elite QB benchmark, NOT a cohort average - grids are titled ""Based on Elite QBs""",QB,29,Geno Smith,Geno Smith,,Rush Attempts,volume,binary_vs_elite,97.62,No,red,-3,Y,high,programmatic cell-fill sampling; validated vs published colour counts and cross-checked against a duplicate screenshot of QB9-16
QB_FACTOR_GRID_2026,"Analyst colour-coded QB factor grid (screenshots, 7 images; QB9-16 supplied twice)",third_party_analyst_screenshot,UNKNOWN - owner to supply,UNKNOWN - owner to supply,"Underdog Fantasy ADP (best-ball), 2026",2026,"Elite QB benchmark, NOT a cohort average - grids are titled ""Based on Elite QBs""",QB,29,Geno Smith,Geno Smith,,Rushing TDs,volume,binary_vs_elite,0.32,No,red,-3,Y,high,programmatic cell-fill sampling; validated vs published colour counts and cross-checked against a duplicate screenshot of QB9-16
QB_FACTOR_GRID_2026,"Analyst colour-coded QB factor grid (screenshots, 7 images; QB9-16 supplied twice)",third_party_analyst_screenshot,UNKNOWN - owner to supply,UNKNOWN - owner to supply,"Underdog Fantasy ADP (best-ball), 2026",2026,"Elite QB benchmark, NOT a cohort average - grids are titled ""Based on Elite QBs""",QB,29,Geno Smith,Geno Smith,,Offensive Rank in PPG,situational,binary_vs_elite,6.35,No,red,-3,Y,high,programmatic cell-fill sampling; validated vs published colour counts and cross-checked against a duplicate screenshot of QB9-16
QB_FACTOR_GRID_2026,"Analyst colour-coded QB factor grid (screenshots, 7 images; QB9-16 supplied twice)",third_party_analyst_screenshot,UNKNOWN - owner to supply,UNKNOWN - owner to supply,"Underdog Fantasy ADP (best-ball), 2026",2026,"Elite QB benchmark, NOT a cohort average - grids are titled ""Based on Elite QBs""",QB,29,Geno Smith,Geno Smith,,Offensive Line Rank in Pass Blocking,situational,binary_vs_elite,11.54,?,orange,-1,Y,high,programmatic cell-fill sampling; validated vs published colour counts and cross-checked against a duplicate screenshot of QB9-16
QB_FACTOR_GRID_2026,"Analyst colour-coded QB factor grid (screenshots, 7 images; QB9-16 supplied twice)",third_party_analyst_screenshot,UNKNOWN - owner to supply,UNKNOWN - owner to supply,"Underdog Fantasy ADP (best-ball), 2026",2026,"Elite QB benchmark, NOT a cohort average - grids are titled ""Based on Elite QBs""",QB,29,Geno Smith,Geno Smith,,Deep Ball Attempts/Game,situational,binary_vs_elite,4.31,?,orange,-1,Y,high,programmatic cell-fill sampling; validated vs published colour counts and cross-checked against a duplicate screenshot of QB9-16
QB_FACTOR_GRID_2026,"Analyst colour-coded QB factor grid (screenshots, 7 images; QB9-16 supplied twice)",third_party_analyst_screenshot,UNKNOWN - owner to supply,UNKNOWN - owner to supply,"Underdog Fantasy ADP (best-ball), 2026",2026,"Elite QB benchmark, NOT a cohort average - grids are titled ""Based on Elite QBs""",QB,29,Geno Smith,Geno Smith,,Rank in QBR,situational,binary_vs_elite,6.90,?,orange,-1,Y,high,programmatic cell-fill sampling; validated vs published colour counts and cross-checked against a duplicate screenshot of QB9-16
QB_FACTOR_GRID_2026,"Analyst colour-coded QB factor grid (screenshots, 7 images; QB9-16 supplied twice)",third_party_analyst_screenshot,UNKNOWN - owner to supply,UNKNOWN - owner to supply,"Underdog Fantasy ADP (best-ball), 2026",2026,"Elite QB benchmark, NOT a cohort average - grids are titled ""Based on Elite QBs""",QB,29,Geno Smith,Geno Smith,,RedZone Combined Attempts,situational,binary_vs_elite,6.30,No,red,-3,Y,high,programmatic cell-fill sampling; validated vs published colour counts and cross-checked against a duplicate screenshot of QB9-16
QB_FACTOR_GRID_2026,"Analyst colour-coded QB factor grid (screenshots, 7 images; QB9-16 supplied twice)",third_party_analyst_screenshot,UNKNOWN - owner to supply,UNKNOWN - owner to supply,"Underdog Fantasy ADP (best-ball), 2026",2026,"Elite QB benchmark, NOT a cohort average - grids are titled ""Based on Elite QBs""",QB,29,Geno Smith,Geno Smith,,Rank in Neutral Pace,situational,binary_vs_elite,12.86,No,red,-3,Y,high,programmatic cell-fill sampling; validated vs published colour counts and cross-checked against a duplicate screenshot of QB9-16
QB_FACTOR_GRID_2026,"Analyst colour-coded QB factor grid (screenshots, 7 images; QB9-16 supplied twice)",third_party_analyst_screenshot,UNKNOWN - owner to supply,UNKNOWN - owner to supply,"Underdog Fantasy ADP (best-ball), 2026",2026,"Elite QB benchmark, NOT a cohort average - grids are titled ""Based on Elite QBs""",QB,29,Geno Smith,Geno Smith,,Rank in Pass Offense DVOA,situational,binary_vs_elite,7.01,No,red,-3,Y,high,programmatic cell-fill sampling; validated vs published colour counts and cross-checked against a duplicate screenshot of QB9-16
QB_FACTOR_GRID_2026,"Analyst colour-coded QB factor grid (screenshots, 7 images; QB9-16 supplied twice)",third_party_analyst_screenshot,UNKNOWN - owner to supply,UNKNOWN - owner to supply,"Underdog Fantasy ADP (best-ball), 2026",2026,"Elite QB benchmark, NOT a cohort average - grids are titled ""Based on Elite QBs""",QB,30,Jacoby Brissett,Jacoby Brissett,,Pass Attempts,volume,binary_vs_elite,576.50,Yes,yellow,3,Y,high,programmatic cell-fill sampling; validated vs published colour counts and cross-checked against a duplicate screenshot of QB9-16
QB_FACTOR_GRID_2026,"Analyst colour-coded QB factor grid (screenshots, 7 images; QB9-16 supplied twice)",third_party_analyst_screenshot,UNKNOWN - owner to supply,UNKNOWN - owner to supply,"Underdog Fantasy ADP (best-ball), 2026",2026,"Elite QB benchmark, NOT a cohort average - grids are titled ""Based on Elite QBs""",QB,30,Jacoby Brissett,Jacoby Brissett,,Passing TDs,volume,binary_vs_elite,44.63,No,red,-3,Y,high,programmatic cell-fill sampling; validated vs published colour counts and cross-checked against a duplicate screenshot of QB9-16
QB_FACTOR_GRID_2026,"Analyst colour-coded QB factor grid (screenshots, 7 images; QB9-16 supplied twice)",third_party_analyst_screenshot,UNKNOWN - owner to supply,UNKNOWN - owner to supply,"Underdog Fantasy ADP (best-ball), 2026",2026,"Elite QB benchmark, NOT a cohort average - grids are titled ""Based on Elite QBs""",QB,30,Jacoby Brissett,Jacoby Brissett,,Rush Attempts,volume,binary_vs_elite,97.62,No,red,-3,Y,high,programmatic cell-fill sampling; validated vs published colour counts and cross-checked against a duplicate screenshot of QB9-16
QB_FACTOR_GRID_2026,"Analyst colour-coded QB factor grid (screenshots, 7 images; QB9-16 supplied twice)",third_party_analyst_screenshot,UNKNOWN - owner to supply,UNKNOWN - owner to supply,"Underdog Fantasy ADP (best-ball), 2026",2026,"Elite QB benchmark, NOT a cohort average - grids are titled ""Based on Elite QBs""",QB,30,Jacoby Brissett,Jacoby Brissett,,Rushing TDs,volume,binary_vs_elite,0.32,No,red,-3,Y,high,programmatic cell-fill sampling; validated vs published colour counts and cross-checked against a duplicate screenshot of QB9-16
QB_FACTOR_GRID_2026,"Analyst colour-coded QB factor grid (screenshots, 7 images; QB9-16 supplied twice)",third_party_analyst_screenshot,UNKNOWN - owner to supply,UNKNOWN - owner to supply,"Underdog Fantasy ADP (best-ball), 2026",2026,"Elite QB benchmark, NOT a cohort average - grids are titled ""Based on Elite QBs""",QB,30,Jacoby Brissett,Jacoby Brissett,,Offensive Rank in PPG,situational,binary_vs_elite,6.35,?,orange,-1,Y,high,programmatic cell-fill sampling; validated vs published colour counts and cross-checked against a duplicate screenshot of QB9-16
QB_FACTOR_GRID_2026,"Analyst colour-coded QB factor grid (screenshots, 7 images; QB9-16 supplied twice)",third_party_analyst_screenshot,UNKNOWN - owner to supply,UNKNOWN - owner to supply,"Underdog Fantasy ADP (best-ball), 2026",2026,"Elite QB benchmark, NOT a cohort average - grids are titled ""Based on Elite QBs""",QB,30,Jacoby Brissett,Jacoby Brissett,,Offensive Line Rank in Pass Blocking,situational,binary_vs_elite,11.54,Yes,yellow,3,Y,high,programmatic cell-fill sampling; validated vs published colour counts and cross-checked against a duplicate screenshot of QB9-16
QB_FACTOR_GRID_2026,"Analyst colour-coded QB factor grid (screenshots, 7 images; QB9-16 supplied twice)",third_party_analyst_screenshot,UNKNOWN - owner to supply,UNKNOWN - owner to supply,"Underdog Fantasy ADP (best-ball), 2026",2026,"Elite QB benchmark, NOT a cohort average - grids are titled ""Based on Elite QBs""",QB,30,Jacoby Brissett,Jacoby Brissett,,Deep Ball Attempts/Game,situational,binary_vs_elite,4.31,No,red,-3,Y,high,programmatic cell-fill sampling; validated vs published colour counts and cross-checked against a duplicate screenshot of QB9-16
QB_FACTOR_GRID_2026,"Analyst colour-coded QB factor grid (screenshots, 7 images; QB9-16 supplied twice)",third_party_analyst_screenshot,UNKNOWN - owner to supply,UNKNOWN - owner to supply,"Underdog Fantasy ADP (best-ball), 2026",2026,"Elite QB benchmark, NOT a cohort average - grids are titled ""Based on Elite QBs""",QB,30,Jacoby Brissett,Jacoby Brissett,,Rank in QBR,situational,binary_vs_elite,6.90,No,red,-3,Y,high,programmatic cell-fill sampling; validated vs published colour counts and cross-checked against a duplicate screenshot of QB9-16
QB_FACTOR_GRID_2026,"Analyst colour-coded QB factor grid (screenshots, 7 images; QB9-16 supplied twice)",third_party_analyst_screenshot,UNKNOWN - owner to supply,UNKNOWN - owner to supply,"Underdog Fantasy ADP (best-ball), 2026",2026,"Elite QB benchmark, NOT a cohort average - grids are titled ""Based on Elite QBs""",QB,30,Jacoby Brissett,Jacoby Brissett,,RedZone Combined Attempts,situational,binary_vs_elite,6.30,Yes,yellow,3,Y,high,programmatic cell-fill sampling; validated vs published colour counts and cross-checked against a duplicate screenshot of QB9-16
QB_FACTOR_GRID_2026,"Analyst colour-coded QB factor grid (screenshots, 7 images; QB9-16 supplied twice)",third_party_analyst_screenshot,UNKNOWN - owner to supply,UNKNOWN - owner to supply,"Underdog Fantasy ADP (best-ball), 2026",2026,"Elite QB benchmark, NOT a cohort average - grids are titled ""Based on Elite QBs""",QB,30,Jacoby Brissett,Jacoby Brissett,,Rank in Neutral Pace,situational,binary_vs_elite,12.86,Yes,yellow,3,Y,high,programmatic cell-fill sampling; validated vs published colour counts and cross-checked against a duplicate screenshot of QB9-16
QB_FACTOR_GRID_2026,"Analyst colour-coded QB factor grid (screenshots, 7 images; QB9-16 supplied twice)",third_party_analyst_screenshot,UNKNOWN - owner to supply,UNKNOWN - owner to supply,"Underdog Fantasy ADP (best-ball), 2026",2026,"Elite QB benchmark, NOT a cohort average - grids are titled ""Based on Elite QBs""",QB,30,Jacoby Brissett,Jacoby Brissett,,Rank in Pass Offense DVOA,situational,binary_vs_elite,7.01,Yes,yellow,3,Y,high,programmatic cell-fill sampling; validated vs published colour counts and cross-checked against a duplicate screenshot of QB9-16
QB_FACTOR_GRID_2026,"Analyst colour-coded QB factor grid (screenshots, 7 images; QB9-16 supplied twice)",third_party_analyst_screenshot,UNKNOWN - owner to supply,UNKNOWN - owner to supply,"Underdog Fantasy ADP (best-ball), 2026",2026,"Elite QB benchmark, NOT a cohort average - grids are titled ""Based on Elite QBs""",QB,31,Tua Tagovailoa,Tua Tagovailoa,,Pass Attempts,volume,binary_vs_elite,576.50,Yes,yellow,3,Y,high,programmatic cell-fill sampling; validated vs published colour counts and cross-checked against a duplicate screenshot of QB9-16
QB_FACTOR_GRID_2026,"Analyst colour-coded QB factor grid (screenshots, 7 images; QB9-16 supplied twice)",third_party_analyst_screenshot,UNKNOWN - owner to supply,UNKNOWN - owner to supply,"Underdog Fantasy ADP (best-ball), 2026",2026,"Elite QB benchmark, NOT a cohort average - grids are titled ""Based on Elite QBs""",QB,31,Tua Tagovailoa,Tua Tagovailoa,,Passing TDs,volume,binary_vs_elite,44.63,No,red,-3,Y,high,programmatic cell-fill sampling; validated vs published colour counts and cross-checked against a duplicate screenshot of QB9-16
QB_FACTOR_GRID_2026,"Analyst colour-coded QB factor grid (screenshots, 7 images; QB9-16 supplied twice)",third_party_analyst_screenshot,UNKNOWN - owner to supply,UNKNOWN - owner to supply,"Underdog Fantasy ADP (best-ball), 2026",2026,"Elite QB benchmark, NOT a cohort average - grids are titled ""Based on Elite QBs""",QB,31,Tua Tagovailoa,Tua Tagovailoa,,Rush Attempts,volume,binary_vs_elite,97.62,No,red,-3,Y,high,programmatic cell-fill sampling; validated vs published colour counts and cross-checked against a duplicate screenshot of QB9-16
QB_FACTOR_GRID_2026,"Analyst colour-coded QB factor grid (screenshots, 7 images; QB9-16 supplied twice)",third_party_analyst_screenshot,UNKNOWN - owner to supply,UNKNOWN - owner to supply,"Underdog Fantasy ADP (best-ball), 2026",2026,"Elite QB benchmark, NOT a cohort average - grids are titled ""Based on Elite QBs""",QB,31,Tua Tagovailoa,Tua Tagovailoa,,Rushing TDs,volume,binary_vs_elite,0.32,No,red,-3,Y,high,programmatic cell-fill sampling; validated vs published colour counts and cross-checked against a duplicate screenshot of QB9-16
QB_FACTOR_GRID_2026,"Analyst colour-coded QB factor grid (screenshots, 7 images; QB9-16 supplied twice)",third_party_analyst_screenshot,UNKNOWN - owner to supply,UNKNOWN - owner to supply,"Underdog Fantasy ADP (best-ball), 2026",2026,"Elite QB benchmark, NOT a cohort average - grids are titled ""Based on Elite QBs""",QB,31,Tua Tagovailoa,Tua Tagovailoa,,Offensive Rank in PPG,situational,binary_vs_elite,6.35,?,orange,-1,Y,high,programmatic cell-fill sampling; validated vs published colour counts and cross-checked against a duplicate screenshot of QB9-16
QB_FACTOR_GRID_2026,"Analyst colour-coded QB factor grid (screenshots, 7 images; QB9-16 supplied twice)",third_party_analyst_screenshot,UNKNOWN - owner to supply,UNKNOWN - owner to supply,"Underdog Fantasy ADP (best-ball), 2026",2026,"Elite QB benchmark, NOT a cohort average - grids are titled ""Based on Elite QBs""",QB,31,Tua Tagovailoa,Tua Tagovailoa,,Offensive Line Rank in Pass Blocking,situational,binary_vs_elite,11.54,Yes,yellow,3,Y,high,programmatic cell-fill sampling; validated vs published colour counts and cross-checked against a duplicate screenshot of QB9-16
QB_FACTOR_GRID_2026,"Analyst colour-coded QB factor grid (screenshots, 7 images; QB9-16 supplied twice)",third_party_analyst_screenshot,UNKNOWN - owner to supply,UNKNOWN - owner to supply,"Underdog Fantasy ADP (best-ball), 2026",2026,"Elite QB benchmark, NOT a cohort average - grids are titled ""Based on Elite QBs""",QB,31,Tua Tagovailoa,Tua Tagovailoa,,Deep Ball Attempts/Game,situational,binary_vs_elite,4.31,No,red,-3,Y,high,programmatic cell-fill sampling; validated vs published colour counts and cross-checked against a duplicate screenshot of QB9-16
QB_FACTOR_GRID_2026,"Analyst colour-coded QB factor grid (screenshots, 7 images; QB9-16 supplied twice)",third_party_analyst_screenshot,UNKNOWN - owner to supply,UNKNOWN - owner to supply,"Underdog Fantasy ADP (best-ball), 2026",2026,"Elite QB benchmark, NOT a cohort average - grids are titled ""Based on Elite QBs""",QB,31,Tua Tagovailoa,Tua Tagovailoa,,Rank in QBR,situational,binary_vs_elite,6.90,Yes,yellow,3,Y,high,programmatic cell-fill sampling; validated vs published colour counts and cross-checked against a duplicate screenshot of QB9-16
QB_FACTOR_GRID_2026,"Analyst colour-coded QB factor grid (screenshots, 7 images; QB9-16 supplied twice)",third_party_analyst_screenshot,UNKNOWN - owner to supply,UNKNOWN - owner to supply,"Underdog Fantasy ADP (best-ball), 2026",2026,"Elite QB benchmark, NOT a cohort average - grids are titled ""Based on Elite QBs""",QB,31,Tua Tagovailoa,Tua Tagovailoa,,RedZone Combined Attempts,situational,binary_vs_elite,6.30,?,orange,-1,Y,high,programmatic cell-fill sampling; validated vs published colour counts and cross-checked against a duplicate screenshot of QB9-16
QB_FACTOR_GRID_2026,"Analyst colour-coded QB factor grid (screenshots, 7 images; QB9-16 supplied twice)",third_party_analyst_screenshot,UNKNOWN - owner to supply,UNKNOWN - owner to supply,"Underdog Fantasy ADP (best-ball), 2026",2026,"Elite QB benchmark, NOT a cohort average - grids are titled ""Based on Elite QBs""",QB,31,Tua Tagovailoa,Tua Tagovailoa,,Rank in Neutral Pace,situational,binary_vs_elite,12.86,Yes,yellow,3,Y,high,programmatic cell-fill sampling; validated vs published colour counts and cross-checked against a duplicate screenshot of QB9-16
QB_FACTOR_GRID_2026,"Analyst colour-coded QB factor grid (screenshots, 7 images; QB9-16 supplied twice)",third_party_analyst_screenshot,UNKNOWN - owner to supply,UNKNOWN - owner to supply,"Underdog Fantasy ADP (best-ball), 2026",2026,"Elite QB benchmark, NOT a cohort average - grids are titled ""Based on Elite QBs""",QB,31,Tua Tagovailoa,Tua Tagovailoa,,Rank in Pass Offense DVOA,situational,binary_vs_elite,7.01,Yes,yellow,3,Y,high,programmatic cell-fill sampling; validated vs published colour counts and cross-checked against a duplicate screenshot of QB9-16
QB_FACTOR_GRID_2026,"Analyst colour-coded QB factor grid (screenshots, 7 images; QB9-16 supplied twice)",third_party_analyst_screenshot,UNKNOWN - owner to supply,UNKNOWN - owner to supply,"Underdog Fantasy ADP (best-ball), 2026",2026,"Elite QB benchmark, NOT a cohort average - grids are titled ""Based on Elite QBs""",QB,32,Shedeur Sanders,Shedeur Sanders,,Pass Attempts,volume,binary_vs_elite,576.50,Yes,yellow,3,Y,high,programmatic cell-fill sampling; validated vs published colour counts and cross-checked against a duplicate screenshot of QB9-16
QB_FACTOR_GRID_2026,"Analyst colour-coded QB factor grid (screenshots, 7 images; QB9-16 supplied twice)",third_party_analyst_screenshot,UNKNOWN - owner to supply,UNKNOWN - owner to supply,"Underdog Fantasy ADP (best-ball), 2026",2026,"Elite QB benchmark, NOT a cohort average - grids are titled ""Based on Elite QBs""",QB,32,Shedeur Sanders,Shedeur Sanders,,Passing TDs,volume,binary_vs_elite,44.63,No,red,-3,Y,high,programmatic cell-fill sampling; validated vs published colour counts and cross-checked against a duplicate screenshot of QB9-16
QB_FACTOR_GRID_2026,"Analyst colour-coded QB factor grid (screenshots, 7 images; QB9-16 supplied twice)",third_party_analyst_screenshot,UNKNOWN - owner to supply,UNKNOWN - owner to supply,"Underdog Fantasy ADP (best-ball), 2026",2026,"Elite QB benchmark, NOT a cohort average - grids are titled ""Based on Elite QBs""",QB,32,Shedeur Sanders,Shedeur Sanders,,Rush Attempts,volume,binary_vs_elite,97.62,No,red,-3,Y,high,programmatic cell-fill sampling; validated vs published colour counts and cross-checked against a duplicate screenshot of QB9-16
QB_FACTOR_GRID_2026,"Analyst colour-coded QB factor grid (screenshots, 7 images; QB9-16 supplied twice)",third_party_analyst_screenshot,UNKNOWN - owner to supply,UNKNOWN - owner to supply,"Underdog Fantasy ADP (best-ball), 2026",2026,"Elite QB benchmark, NOT a cohort average - grids are titled ""Based on Elite QBs""",QB,32,Shedeur Sanders,Shedeur Sanders,,Rushing TDs,volume,binary_vs_elite,0.32,No,red,-3,Y,high,programmatic cell-fill sampling; validated vs published colour counts and cross-checked against a duplicate screenshot of QB9-16
QB_FACTOR_GRID_2026,"Analyst colour-coded QB factor grid (screenshots, 7 images; QB9-16 supplied twice)",third_party_analyst_screenshot,UNKNOWN - owner to supply,UNKNOWN - owner to supply,"Underdog Fantasy ADP (best-ball), 2026",2026,"Elite QB benchmark, NOT a cohort average - grids are titled ""Based on Elite QBs""",QB,32,Shedeur Sanders,Shedeur Sanders,,Offensive Rank in PPG,situational,binary_vs_elite,6.35,No,red,-3,Y,high,programmatic cell-fill sampling; validated vs published colour counts and cross-checked against a duplicate screenshot of QB9-16
QB_FACTOR_GRID_2026,"Analyst colour-coded QB factor grid (screenshots, 7 images; QB9-16 supplied twice)",third_party_analyst_screenshot,UNKNOWN - owner to supply,UNKNOWN - owner to supply,"Underdog Fantasy ADP (best-ball), 2026",2026,"Elite QB benchmark, NOT a cohort average - grids are titled ""Based on Elite QBs""",QB,32,Shedeur Sanders,Shedeur Sanders,,Offensive Line Rank in Pass Blocking,situational,binary_vs_elite,11.54,No,red,-3,Y,high,programmatic cell-fill sampling; validated vs published colour counts and cross-checked against a duplicate screenshot of QB9-16
QB_FACTOR_GRID_2026,"Analyst colour-coded QB factor grid (screenshots, 7 images; QB9-16 supplied twice)",third_party_analyst_screenshot,UNKNOWN - owner to supply,UNKNOWN - owner to supply,"Underdog Fantasy ADP (best-ball), 2026",2026,"Elite QB benchmark, NOT a cohort average - grids are titled ""Based on Elite QBs""",QB,32,Shedeur Sanders,Shedeur Sanders,,Deep Ball Attempts/Game,situational,binary_vs_elite,4.31,Yes,yellow,3,Y,high,programmatic cell-fill sampling; validated vs published colour counts and cross-checked against a duplicate screenshot of QB9-16
QB_FACTOR_GRID_2026,"Analyst colour-coded QB factor grid (screenshots, 7 images; QB9-16 supplied twice)",third_party_analyst_screenshot,UNKNOWN - owner to supply,UNKNOWN - owner to supply,"Underdog Fantasy ADP (best-ball), 2026",2026,"Elite QB benchmark, NOT a cohort average - grids are titled ""Based on Elite QBs""",QB,32,Shedeur Sanders,Shedeur Sanders,,Rank in QBR,situational,binary_vs_elite,6.90,No,red,-3,Y,high,programmatic cell-fill sampling; validated vs published colour counts and cross-checked against a duplicate screenshot of QB9-16
QB_FACTOR_GRID_2026,"Analyst colour-coded QB factor grid (screenshots, 7 images; QB9-16 supplied twice)",third_party_analyst_screenshot,UNKNOWN - owner to supply,UNKNOWN - owner to supply,"Underdog Fantasy ADP (best-ball), 2026",2026,"Elite QB benchmark, NOT a cohort average - grids are titled ""Based on Elite QBs""",QB,32,Shedeur Sanders,Shedeur Sanders,,RedZone Combined Attempts,situational,binary_vs_elite,6.30,No,red,-3,Y,high,programmatic cell-fill sampling; validated vs published colour counts and cross-checked against a duplicate screenshot of QB9-16
QB_FACTOR_GRID_2026,"Analyst colour-coded QB factor grid (screenshots, 7 images; QB9-16 supplied twice)",third_party_analyst_screenshot,UNKNOWN - owner to supply,UNKNOWN - owner to supply,"Underdog Fantasy ADP (best-ball), 2026",2026,"Elite QB benchmark, NOT a cohort average - grids are titled ""Based on Elite QBs""",QB,32,Shedeur Sanders,Shedeur Sanders,,Rank in Neutral Pace,situational,binary_vs_elite,12.86,Yes,yellow,3,Y,high,programmatic cell-fill sampling; validated vs published colour counts and cross-checked against a duplicate screenshot of QB9-16
QB_FACTOR_GRID_2026,"Analyst colour-coded QB factor grid (screenshots, 7 images; QB9-16 supplied twice)",third_party_analyst_screenshot,UNKNOWN - owner to supply,UNKNOWN - owner to supply,"Underdog Fantasy ADP (best-ball), 2026",2026,"Elite QB benchmark, NOT a cohort average - grids are titled ""Based on Elite QBs""",QB,32,Shedeur Sanders,Shedeur Sanders,,Rank in Pass Offense DVOA,situational,binary_vs_elite,7.01,No,red,-3,Y,high,programmatic cell-fill sampling; validated vs published colour counts and cross-checked against a duplicate screenshot of QB9-16
